code,description,start_date,end_date,type,parent_code,level,category,notes
10000,ASSET,2024-01-01,,H,,1,Asset,"{""account_count"": 144, ""code_range"": ""10000 - 19867""}"
50000,COST OF GOODS SOLD,2024-01-01,,H,,1,Cost of Goods Sold,"{""account_count"": 44, ""code_range"": ""50000 - 59761""}"
30000,EQUITY,2024-01-01,,H,,1,Equity,"{""account_count"": 16, ""code_range"": ""30000 - 39360""}"
60000,EXPENSE,2024-01-01,,H,,1,Expense,"{""account_count"": 60, ""code_range"": ""60000 - 69794""}"
20000,LIABILITY,2024-01-01,,H,,1,Liability,"{""account_count"": 56, ""code_range"": ""20000 - 29790""}"
80000,OTHER,2024-01-01,,H,,1,Other,"{""account_count"": 5, ""code_range"": ""80000 - 87996""}"
40000,REVENUE,2024-01-01,,H,,1,Revenue,"{""account_count"": 13, ""code_range"": ""40000 - 49228""}"
10000,Loans to others,2024-01-01,,D,10000,2,Asset,"{
  ""subcategory"": ""Asset - General"",
  ""normal_balance"": ""Debit"",
  ""cash_flow_classification"": ""Operating Activities"",
  ""cost_center"": ""CC-0000"",
  ""gaap_classification"": ""US-GAAP Asset"",
  ""detailed_description"": ""Loans to others - This account is used to record Short-term loans provided to an employee or others.\n\nPurpose: This account tracks asset items specifically related to loans to others. It is classified under Asset - General in accordance with US-GAAP standards.\n\nTransaction Examples:\n- Recording of loans to others transactions\n- Adjustments related to loans to others\n- Period-end reconciliation and reporting\n\nGAAP Rationale: This account follows US-GAAP classification standards for asset accounts. It maintains proper segregation of duties and ensures accurate financial reporting in compliance with generally accepted accounting principles.\n\nWhen NOT to Use: Do not use this account for transactions that belong to other asset categories or for items that should be classified under different account types. Ensure proper authorization and documentation before posting entries.\n\nCross-References: Related accounts include other asset accounts within the Asset - General classification. Review the complete chart of accounts for proper account selection.\n\nFrequency: This account appears in 4 legacy account(s) across 4 company/companies, indicating high standardization importance."",
  ""examples"": [],
  ""gaap_rationale"": """"
}"
10069,Payments to deposit,2024-01-01,,D,10000,2,Asset,"{
  ""subcategory"": ""Current Asset - Cash and Cash Equivalents"",
  ""normal_balance"": ""Debit"",
  ""cash_flow_classification"": ""Operating Activities"",
  ""cost_center"": ""CC-0000"",
  ""gaap_classification"": ""US-GAAP Asset"",
  ""detailed_description"": ""Payments to deposit - This account is used to record Cash or checks your business is ready to deposit at the bank.\n\nPurpose: This account tracks asset items specifically related to payments to deposit. It is classified under Current Asset - Cash and Cash Equivalents in accordance with US-GAAP standards.\n\nTransaction Examples:\n- Recording of payments to deposit transactions\n- Adjustments related to payments to deposit\n- Period-end reconciliation and reporting\n\nGAAP Rationale: This account follows US-GAAP classification standards for asset accounts. It maintains proper segregation of duties and ensures accurate financial reporting in compliance with generally accepted accounting principles.\n\nWhen NOT to Use: Do not use this account for transactions that belong to other asset categories or for items that should be classified under different account types. Ensure proper authorization and documentation before posting entries.\n\nCross-References: Related accounts include other asset accounts within the Current Asset - Cash and Cash Equivalents classification. Review the complete chart of accounts for proper account selection.\n\nFrequency: This account appears in 4 legacy account(s) across 4 company/companies, indicating high standardization importance."",
  ""examples"": [],
  ""gaap_rationale"": """"
}"
10138,Prepaid expenses,2024-01-01,,D,10000,2,Asset,"{
  ""subcategory"": ""Current Asset - Prepaid Expenses"",
  ""normal_balance"": ""Debit"",
  ""cash_flow_classification"": ""Operating Activities"",
  ""cost_center"": ""CC-0000"",
  ""gaap_classification"": ""US-GAAP Asset"",
  ""detailed_description"": ""Prepaid expenses - This account is used to record Payments made in advance for products and services.\n\nPurpose: This account tracks asset items specifically related to prepaid expenses. It is classified under Current Asset - Prepaid Expenses in accordance with US-GAAP standards.\n\nTransaction Examples:\n- Recording of prepaid expenses transactions\n- Adjustments related to prepaid expenses\n- Period-end reconciliation and reporting\n\nGAAP Rationale: This account follows US-GAAP classification standards for asset accounts. It maintains proper segregation of duties and ensures accurate financial reporting in compliance with generally accepted accounting principles.\n\nWhen NOT to Use: Do not use this account for transactions that belong to other asset categories or for items that should be classified under different account types. Ensure proper authorization and documentation before posting entries.\n\nCross-References: Related accounts include other asset accounts within the Current Asset - Prepaid Expenses classification. Review the complete chart of accounts for proper account selection.\n\nFrequency: This account appears in 4 legacy account(s) across 4 company/companies, indicating high standardization importance."",
  ""examples"": [],
  ""gaap_rationale"": """"
}"
10207,Real estate loans to others,2024-01-01,,D,10000,2,Asset,"{
  ""subcategory"": ""Asset - General"",
  ""normal_balance"": ""Debit"",
  ""cash_flow_classification"": ""Operating Activities"",
  ""cost_center"": ""CC-0000"",
  ""gaap_classification"": ""US-GAAP Asset"",
  ""detailed_description"": ""Real estate loans to others - This account is used to record Loans given to others for real estate purchases to be paid back within a year.\n\nPurpose: This account tracks asset items specifically related to real estate loans to others. It is classified under Asset - General in accordance with US-GAAP standards.\n\nTransaction Examples:\n- Recording of real estate loans to others transactions\n- Adjustments related to real estate loans to others\n- Period-end reconciliation and reporting\n\nGAAP Rationale: This account follows US-GAAP classification standards for asset accounts. It maintains proper segregation of duties and ensures accurate financial reporting in compliance with generally accepted accounting principles.\n\nWhen NOT to Use: Do not use this account for transactions that belong to other asset categories or for items that should be classified under different account types. Ensure proper authorization and documentation before posting entries.\n\nCross-References: Related accounts include other asset accounts within the Asset - General classification. Review the complete chart of accounts for proper account selection.\n\nFrequency: This account appears in 4 legacy account(s) across 4 company/companies, indicating high standardization importance."",
  ""examples"": [],
  ""gaap_rationale"": """"
}"
10276,Tax exempt investments,2024-01-01,,D,10000,2,Asset,"{
  ""subcategory"": ""Long-term Asset - Investments"",
  ""normal_balance"": ""Debit"",
  ""cash_flow_classification"": ""Investing Activities"",
  ""cost_center"": ""CC-0000"",
  ""gaap_classification"": ""US-GAAP Asset"",
  ""detailed_description"": ""Tax exempt investments - This account is used to record Investments in tax-exempt securities, like local and municipal bonds.\n\nPurpose: This account tracks asset items specifically related to tax exempt investments. It is classified under Long-term Asset - Investments in accordance with US-GAAP standards.\n\nTransaction Examples:\n- Recording of tax exempt investments transactions\n- Adjustments related to tax exempt investments\n- Period-end reconciliation and reporting\n\nGAAP Rationale: This account follows US-GAAP classification standards for asset accounts. It maintains proper segregation of duties and ensures accurate financial reporting in compliance with generally accepted accounting principles.\n\nWhen NOT to Use: Do not use this account for transactions that belong to other asset categories or for items that should be classified under different account types. Ensure proper authorization and documentation before posting entries.\n\nCross-References: Related accounts include other asset accounts within the Long-term Asset - Investments classification. Review the complete chart of accounts for proper account selection.\n\nFrequency: This account appears in 4 legacy account(s) across 4 company/companies, indicating high standardization importance."",
  ""examples"": [],
  ""gaap_rationale"": """"
}"
10345,Uncategorized Asset,2024-01-01,,D,10000,2,Asset,"{
  ""subcategory"": ""Asset - General"",
  ""normal_balance"": ""Debit"",
  ""cash_flow_classification"": ""Operating Activities"",
  ""cost_center"": ""CC-0000"",
  ""gaap_classification"": ""US-GAAP Asset"",
  ""detailed_description"": ""Uncategorized Asset - This account is used to record transactions related to Uncategorized Asset.\n\nPurpose: This account tracks asset items specifically related to uncategorized asset. It is classified under Asset - General in accordance with US-GAAP standards.\n\nTransaction Examples:\n- Recording of uncategorized asset transactions\n- Adjustments related to uncategorized asset\n- Period-end reconciliation and reporting\n\nGAAP Rationale: This account follows US-GAAP classification standards for asset accounts. It maintains proper segregation of duties and ensures accurate financial reporting in compliance with generally accepted accounting principles.\n\nWhen NOT to Use: Do not use this account for transactions that belong to other asset categories or for items that should be classified under different account types. Ensure proper authorization and documentation before posting entries.\n\nCross-References: Related accounts include other asset accounts within the Asset - General classification. Review the complete chart of accounts for proper account selection.\n\nFrequency: This account appears in 8 legacy account(s) across 8 company/companies, indicating high standardization importance."",
  ""examples"": [],
  ""gaap_rationale"": """"
}"
10414,U.S. savings bonds and investments,2024-01-01,,D,10000,2,Asset,"{
  ""subcategory"": ""Current Asset - Cash and Cash Equivalents"",
  ""normal_balance"": ""Debit"",
  ""cash_flow_classification"": ""Operating Activities"",
  ""cost_center"": ""CC-0000"",
  ""gaap_classification"": ""US-GAAP Asset"",
  ""detailed_description"": ""U.S. savings bonds and investments - This account is used to record Investments in U.S. government bonds, treasury notes, and other securities.\n\nPurpose: This account tracks asset items specifically related to u.s. savings bonds and investments. It is classified under Current Asset - Cash and Cash Equivalents in accordance with US-GAAP standards.\n\nTransaction Examples:\n- Recording of u.s. savings bonds and investments transactions\n- Adjustments related to u.s. savings bonds and investments\n- Period-end reconciliation and reporting\n\nGAAP Rationale: This account follows US-GAAP classification standards for asset accounts. It maintains proper segregation of duties and ensures accurate financial reporting in compliance with generally accepted accounting principles.\n\nWhen NOT to Use: Do not use this account for transactions that belong to other asset categories or for items that should be classified under different account types. Ensure proper authorization and documentation before posting entries.\n\nCross-References: Related accounts include other asset accounts within the Current Asset - Cash and Cash Equivalents classification. Review the complete chart of accounts for proper account selection.\n\nFrequency: This account appears in 4 legacy account(s) across 4 company/companies, indicating high standardization importance."",
  ""examples"": [],
  ""gaap_rationale"": """"
}"
10483,Amortization expenses,2024-01-01,,D,10000,2,Asset,"{
  ""subcategory"": ""Asset - General"",
  ""normal_balance"": ""Debit"",
  ""cash_flow_classification"": ""Operating Activities"",
  ""cost_center"": ""CC-0000"",
  ""gaap_classification"": ""US-GAAP Asset"",
  ""detailed_description"": ""Amortization expenses - This account is used to record Current period cost of amortizable assets.\n\nPurpose: This account tracks asset items specifically related to amortization expenses. It is classified under Asset - General in accordance with US-GAAP standards.\n\nTransaction Examples:\n- Recording of amortization expenses transactions\n- Adjustments related to amortization expenses\n- Period-end reconciliation and reporting\n\nGAAP Rationale: This account follows US-GAAP classification standards for asset accounts. It maintains proper segregation of duties and ensures accurate financial reporting in compliance with generally accepted accounting principles.\n\nWhen NOT to Use: Do not use this account for transactions that belong to other asset categories or for items that should be classified under different account types. Ensure proper authorization and documentation before posting entries.\n\nCross-References: Related accounts include other asset accounts within the Asset - General classification. Review the complete chart of accounts for proper account selection.\n\nFrequency: This account appears in 4 legacy account(s) across 4 company/companies, indicating high standardization importance."",
  ""examples"": [],
  ""gaap_rationale"": """"
}"
10552,Penalties & settlements,2024-01-01,,D,10000,2,Asset,"{
  ""subcategory"": ""Fixed Asset - Vehicles"",
  ""normal_balance"": ""Debit"",
  ""cash_flow_classification"": ""Investing Activities"",
  ""cost_center"": ""CC-0000"",
  ""gaap_classification"": ""US-GAAP Asset"",
  ""detailed_description"": ""Penalties & settlements - This account is used to record Costs of settlements and fines other than vehicle fines.\n\nPurpose: This account tracks asset items specifically related to penalties & settlements. It is classified under Fixed Asset - Vehicles in accordance with US-GAAP standards.\n\nTransaction Examples:\n- Recording of penalties & settlements transactions\n- Adjustments related to penalties & settlements\n- Period-end reconciliation and reporting\n\nGAAP Rationale: This account follows US-GAAP classification standards for asset accounts. It maintains proper segregation of duties and ensures accurate financial reporting in compliance with generally accepted accounting principles.\n\nWhen NOT to Use: Do not use this account for transactions that belong to other asset categories or for items that should be classified under different account types. Ensure proper authorization and documentation before posting entries.\n\nCross-References: Related accounts include other asset accounts within the Fixed Asset - Vehicles classification. Review the complete chart of accounts for proper account selection.\n\nFrequency: This account appears in 5 legacy account(s) across 4 company/companies, indicating high standardization importance."",
  ""examples"": [],
  ""gaap_rationale"": """"
}"
10621,Vehicle expenses,2024-01-01,,D,10000,2,Asset,"{
  ""subcategory"": ""Fixed Asset - Vehicles"",
  ""normal_balance"": ""Debit"",
  ""cash_flow_classification"": ""Investing Activities"",
  ""cost_center"": ""CC-0000"",
  ""gaap_classification"": ""US-GAAP Asset"",
  ""detailed_description"": ""Vehicle expenses - This account is used to record Costs for the use of vehicles.\n\nPurpose: This account tracks asset items specifically related to vehicle expenses. It is classified under Fixed Asset - Vehicles in accordance with US-GAAP standards.\n\nTransaction Examples:\n- Recording of vehicle expenses transactions\n- Adjustments related to vehicle expenses\n- Period-end reconciliation and reporting\n\nGAAP Rationale: This account follows US-GAAP classification standards for asset accounts. It maintains proper segregation of duties and ensures accurate financial reporting in compliance with generally accepted accounting principles.\n\nWhen NOT to Use: Do not use this account for transactions that belong to other asset categories or for items that should be classified under different account types. Ensure proper authorization and documentation before posting entries.\n\nCross-References: Related accounts include other asset accounts within the Fixed Asset - Vehicles classification. Review the complete chart of accounts for proper account selection.\n\nFrequency: This account appears in 13 legacy account(s) across 4 company/companies, indicating high standardization importance."",
  ""examples"": [],
  ""gaap_rationale"": """"
}"
10690,Vehicle expenses:Vehicle gas & fuel,2024-01-01,,D,10000,2,Asset,"{
  ""subcategory"": ""Fixed Asset - Vehicles"",
  ""normal_balance"": ""Debit"",
  ""cash_flow_classification"": ""Investing Activities"",
  ""cost_center"": ""CC-0000"",
  ""gaap_classification"": ""US-GAAP Asset"",
  ""detailed_description"": ""Vehicle expenses:Vehicle gas & fuel - This account is used to record Costs to fuel vehicles.\n\nPurpose: This account tracks asset items specifically related to vehicle expenses:vehicle gas & fuel. It is classified under Fixed Asset - Vehicles in accordance with US-GAAP standards.\n\nTransaction Examples:\n- Recording of vehicle expenses:vehicle gas & fuel transactions\n- Adjustments related to vehicle expenses:vehicle gas & fuel\n- Period-end reconciliation and reporting\n\nGAAP Rationale: This account follows US-GAAP classification standards for asset accounts. It maintains proper segregation of duties and ensures accurate financial reporting in compliance with generally accepted accounting principles.\n\nWhen NOT to Use: Do not use this account for transactions that belong to other asset categories or for items that should be classified under different account types. Ensure proper authorization and documentation before posting entries.\n\nCross-References: Related accounts include other asset accounts within the Fixed Asset - Vehicles classification. Review the complete chart of accounts for proper account selection.\n\nFrequency: This account appears in 4 legacy account(s) across 4 company/companies, indicating high standardization importance."",
  ""examples"": [],
  ""gaap_rationale"": """"
}"
10759,Vehicle insurance,2024-01-01,,D,10000,2,Asset,"{
  ""subcategory"": ""Fixed Asset - Vehicles"",
  ""normal_balance"": ""Debit"",
  ""cash_flow_classification"": ""Investing Activities"",
  ""cost_center"": ""CC-0000"",
  ""gaap_classification"": ""US-GAAP Asset"",
  ""detailed_description"": ""Vehicle insurance - This account is used to record Costs to insure vehicles.\n\nPurpose: This account tracks asset items specifically related to vehicle insurance. It is classified under Fixed Asset - Vehicles in accordance with US-GAAP standards.\n\nTransaction Examples:\n- Recording of vehicle insurance transactions\n- Adjustments related to vehicle insurance\n- Period-end reconciliation and reporting\n\nGAAP Rationale: This account follows US-GAAP classification standards for asset accounts. It maintains proper segregation of duties and ensures accurate financial reporting in compliance with generally accepted accounting principles.\n\nWhen NOT to Use: Do not use this account for transactions that belong to other asset categories or for items that should be classified under different account types. Ensure proper authorization and documentation before posting entries.\n\nCross-References: Related accounts include other asset accounts within the Fixed Asset - Vehicles classification. Review the complete chart of accounts for proper account selection.\n\nFrequency: This account appears in 1 legacy account(s) across 1 company/companies, indicating high standardization importance."",
  ""examples"": [],
  ""gaap_rationale"": """"
}"
10828,Vehicle registration,2024-01-01,,D,10000,2,Asset,"{
  ""subcategory"": ""Fixed Asset - Vehicles"",
  ""normal_balance"": ""Debit"",
  ""cash_flow_classification"": ""Investing Activities"",
  ""cost_center"": ""CC-0000"",
  ""gaap_classification"": ""US-GAAP Asset"",
  ""detailed_description"": ""Vehicle registration - This account is used to record Costs to register vehicles with a local authority.\n\nPurpose: This account tracks asset items specifically related to vehicle registration. It is classified under Fixed Asset - Vehicles in accordance with US-GAAP standards.\n\nTransaction Examples:\n- Recording of vehicle registration transactions\n- Adjustments related to vehicle registration\n- Period-end reconciliation and reporting\n\nGAAP Rationale: This account follows US-GAAP classification standards for asset accounts. It maintains proper segregation of duties and ensures accurate financial reporting in compliance with generally accepted accounting principles.\n\nWhen NOT to Use: Do not use this account for transactions that belong to other asset categories or for items that should be classified under different account types. Ensure proper authorization and documentation before posting entries.\n\nCross-References: Related accounts include other asset accounts within the Fixed Asset - Vehicles classification. Review the complete chart of accounts for proper account selection.\n\nFrequency: This account appears in 1 legacy account(s) across 1 company/companies, indicating high standardization importance."",
  ""examples"": [],
  ""gaap_rationale"": """"
}"
10897,Vehicle repairs,2024-01-01,,D,10000,2,Asset,"{
  ""subcategory"": ""Fixed Asset - Vehicles"",
  ""normal_balance"": ""Debit"",
  ""cash_flow_classification"": ""Investing Activities"",
  ""cost_center"": ""CC-0000"",
  ""gaap_classification"": ""US-GAAP Asset"",
  ""detailed_description"": ""Vehicle repairs - This account is used to record Costs to repair vehicles.\n\nPurpose: This account tracks asset items specifically related to vehicle repairs. It is classified under Fixed Asset - Vehicles in accordance with US-GAAP standards.\n\nTransaction Examples:\n- Recording of vehicle repairs transactions\n- Adjustments related to vehicle repairs\n- Period-end reconciliation and reporting\n\nGAAP Rationale: This account follows US-GAAP classification standards for asset accounts. It maintains proper segregation of duties and ensures accurate financial reporting in compliance with generally accepted accounting principles.\n\nWhen NOT to Use: Do not use this account for transactions that belong to other asset categories or for items that should be classified under different account types. Ensure proper authorization and documentation before posting entries.\n\nCross-References: Related accounts include other asset accounts within the Fixed Asset - Vehicles classification. Review the complete chart of accounts for proper account selection.\n\nFrequency: This account appears in 1 legacy account(s) across 1 company/companies, indicating high standardization importance."",
  ""examples"": [],
  ""gaap_rationale"": """"
}"
10966,Vehicle expenses:Vehicle wash & road services,2024-01-01,,D,10000,2,Asset,"{
  ""subcategory"": ""Fixed Asset - Vehicles"",
  ""normal_balance"": ""Debit"",
  ""cash_flow_classification"": ""Investing Activities"",
  ""cost_center"": ""CC-0000"",
  ""gaap_classification"": ""US-GAAP Asset"",
  ""detailed_description"": ""Vehicle expenses:Vehicle wash & road services - This account is used to record Costs to clean vehicles or get help on the road.\n\nPurpose: This account tracks asset items specifically related to vehicle expenses:vehicle wash & road services. It is classified under Fixed Asset - Vehicles in accordance with US-GAAP standards.\n\nTransaction Examples:\n- Recording of vehicle expenses:vehicle wash & road services transactions\n- Adjustments related to vehicle expenses:vehicle wash & road services\n- Period-end reconciliation and reporting\n\nGAAP Rationale: This account follows US-GAAP classification standards for asset accounts. It maintains proper segregation of duties and ensures accurate financial reporting in compliance with generally accepted accounting principles.\n\nWhen NOT to Use: Do not use this account for transactions that belong to other asset categories or for items that should be classified under different account types. Ensure proper authorization and documentation before posting entries.\n\nCross-References: Related accounts include other asset accounts within the Fixed Asset - Vehicles classification. Review the complete chart of accounts for proper account selection.\n\nFrequency: This account appears in 4 legacy account(s) across 4 company/companies, indicating high standardization importance."",
  ""examples"": [],
  ""gaap_rationale"": """"
}"
11035,Dividends received,2024-01-01,,D,10000,2,Asset,"{
  ""subcategory"": ""Long-term Asset - Investments"",
  ""normal_balance"": ""Debit"",
  ""cash_flow_classification"": ""Investing Activities"",
  ""cost_center"": ""CC-0000"",
  ""gaap_classification"": ""US-GAAP Asset"",
  ""detailed_description"": ""Dividends received - This account is used to record Dividends received from investments in other companies.\n\nPurpose: This account tracks asset items specifically related to dividends received. It is classified under Long-term Asset - Investments in accordance with US-GAAP standards.\n\nTransaction Examples:\n- Recording of dividends received transactions\n- Adjustments related to dividends received\n- Period-end reconciliation and reporting\n\nGAAP Rationale: This account follows US-GAAP classification standards for asset accounts. It maintains proper segregation of duties and ensures accurate financial reporting in compliance with generally accepted accounting principles.\n\nWhen NOT to Use: Do not use this account for transactions that belong to other asset categories or for items that should be classified under different account types. Ensure proper authorization and documentation before posting entries.\n\nCross-References: Related accounts include other asset accounts within the Long-term Asset - Investments classification. Review the complete chart of accounts for proper account selection.\n\nFrequency: This account appears in 4 legacy account(s) across 4 company/companies, indicating high standardization importance."",
  ""examples"": [],
  ""gaap_rationale"": """"
}"
11104,Interest earned,2024-01-01,,D,10000,2,Asset,"{
  ""subcategory"": ""Current Asset - Cash and Cash Equivalents"",
  ""normal_balance"": ""Debit"",
  ""cash_flow_classification"": ""Operating Activities"",
  ""cost_center"": ""CC-0000"",
  ""gaap_classification"": ""US-GAAP Asset"",
  ""detailed_description"": ""Interest earned - This account is used to record Money earned from interest, like from a savings account.\n\nPurpose: This account tracks asset items specifically related to interest earned. It is classified under Current Asset - Cash and Cash Equivalents in accordance with US-GAAP standards.\n\nTransaction Examples:\n- Recording of interest earned transactions\n- Adjustments related to interest earned\n- Period-end reconciliation and reporting\n\nGAAP Rationale: This account follows US-GAAP classification standards for asset accounts. It maintains proper segregation of duties and ensures accurate financial reporting in compliance with generally accepted accounting principles.\n\nWhen NOT to Use: Do not use this account for transactions that belong to other asset categories or for items that should be classified under different account types. Ensure proper authorization and documentation before posting entries.\n\nCross-References: Related accounts include other asset accounts within the Current Asset - Cash and Cash Equivalents classification. Review the complete chart of accounts for proper account selection.\n\nFrequency: This account appears in 4 legacy account(s) across 4 company/companies, indicating high standardization importance."",
  ""examples"": [],
  ""gaap_rationale"": """"
}"
11173,Sale of an asset,2024-01-01,,D,10000,2,Asset,"{
  ""subcategory"": ""Asset - General"",
  ""normal_balance"": ""Debit"",
  ""cash_flow_classification"": ""Operating Activities"",
  ""cost_center"": ""CC-0000"",
  ""gaap_classification"": ""US-GAAP Asset"",
  ""detailed_description"": ""Sale of an asset - This account is used to record Money earned from the sale of an asset.\n\nPurpose: This account tracks asset items specifically related to sale of an asset. It is classified under Asset - General in accordance with US-GAAP standards.\n\nTransaction Examples:\n- Recording of sale of an asset transactions\n- Adjustments related to sale of an asset\n- Period-end reconciliation and reporting\n\nGAAP Rationale: This account follows US-GAAP classification standards for asset accounts. It maintains proper segregation of duties and ensures accurate financial reporting in compliance with generally accepted accounting principles.\n\nWhen NOT to Use: Do not use this account for transactions that belong to other asset categories or for items that should be classified under different account types. Ensure proper authorization and documentation before posting entries.\n\nCross-References: Related accounts include other asset accounts within the Asset - General classification. Review the complete chart of accounts for proper account selection.\n\nFrequency: This account appears in 8 legacy account(s) across 4 company/companies, indicating high standardization importance."",
  ""examples"": [],
  ""gaap_rationale"": """"
}"
11242,Tax exempt investment interest,2024-01-01,,D,10000,2,Asset,"{
  ""subcategory"": ""Long-term Asset - Investments"",
  ""normal_balance"": ""Debit"",
  ""cash_flow_classification"": ""Investing Activities"",
  ""cost_center"": ""CC-0000"",
  ""gaap_classification"": ""US-GAAP Asset"",
  ""detailed_description"": ""Tax exempt investment interest - This account is used to record Money earned from interest from a tax-exempt sources, like government bonds.\n\nPurpose: This account tracks asset items specifically related to tax exempt investment interest. It is classified under Long-term Asset - Investments in accordance with US-GAAP standards.\n\nTransaction Examples:\n- Recording of tax exempt investment interest transactions\n- Adjustments related to tax exempt investment interest\n- Period-end reconciliation and reporting\n\nGAAP Rationale: This account follows US-GAAP classification standards for asset accounts. It maintains proper segregation of duties and ensures accurate financial reporting in compliance with generally accepted accounting principles.\n\nWhen NOT to Use: Do not use this account for transactions that belong to other asset categories or for items that should be classified under different account types. Ensure proper authorization and documentation before posting entries.\n\nCross-References: Related accounts include other asset accounts within the Long-term Asset - Investments classification. Review the complete chart of accounts for proper account selection.\n\nFrequency: This account appears in 4 legacy account(s) across 4 company/companies, indicating high standardization importance."",
  ""examples"": [],
  ""gaap_rationale"": """"
}"
11311,Alphabet CHK (0832) - 1,2024-01-01,,D,10000,2,Asset,"{
  ""subcategory"": ""Asset - General"",
  ""normal_balance"": ""Debit"",
  ""cash_flow_classification"": ""Operating Activities"",
  ""cost_center"": ""CC-0000"",
  ""gaap_classification"": ""US-GAAP Asset"",
  ""detailed_description"": ""Alphabet CHK (0832) - 1 - This account is used to record transactions related to Alphabet CHK (0832) - 1.\n\nPurpose: This account tracks asset items specifically related to alphabet chk (0832) - 1. It is classified under Asset - General in accordance with US-GAAP standards.\n\nTransaction Examples:\n- Recording of alphabet chk (0832) - 1 transactions\n- Adjustments related to alphabet chk (0832) - 1\n- Period-end reconciliation and reporting\n\nGAAP Rationale: This account follows US-GAAP classification standards for asset accounts. It maintains proper segregation of duties and ensures accurate financial reporting in compliance with generally accepted accounting principles.\n\nWhen NOT to Use: Do not use this account for transactions that belong to other asset categories or for items that should be classified under different account types. Ensure proper authorization and documentation before posting entries.\n\nCross-References: Related accounts include other asset accounts within the Asset - General classification. Review the complete chart of accounts for proper account selection.\n\nFrequency: This account appears in 1 legacy account(s) across 1 company/companies, indicating high standardization importance."",
  ""examples"": [],
  ""gaap_rationale"": """"
}"
11380,Alphabet SAV (3088) - 1,2024-01-01,,D,10000,2,Asset,"{
  ""subcategory"": ""Asset - General"",
  ""normal_balance"": ""Debit"",
  ""cash_flow_classification"": ""Operating Activities"",
  ""cost_center"": ""CC-0000"",
  ""gaap_classification"": ""US-GAAP Asset"",
  ""detailed_description"": ""Alphabet SAV (3088) - 1 - This account is used to record transactions related to Alphabet SAV (3088) - 1.\n\nPurpose: This account tracks asset items specifically related to alphabet sav (3088) - 1. It is classified under Asset - General in accordance with US-GAAP standards.\n\nTransaction Examples:\n- Recording of alphabet sav (3088) - 1 transactions\n- Adjustments related to alphabet sav (3088) - 1\n- Period-end reconciliation and reporting\n\nGAAP Rationale: This account follows US-GAAP classification standards for asset accounts. It maintains proper segregation of duties and ensures accurate financial reporting in compliance with generally accepted accounting principles.\n\nWhen NOT to Use: Do not use this account for transactions that belong to other asset categories or for items that should be classified under different account types. Ensure proper authorization and documentation before posting entries.\n\nCross-References: Related accounts include other asset accounts within the Asset - General classification. Review the complete chart of accounts for proper account selection.\n\nFrequency: This account appears in 1 legacy account(s) across 1 company/companies, indicating high standardization importance."",
  ""examples"": [],
  ""gaap_rationale"": """"
}"
11449,Vehicle expenses:Parking & tolls,2024-01-01,,D,10000,2,Asset,"{
  ""subcategory"": ""Fixed Asset - Vehicles"",
  ""normal_balance"": ""Debit"",
  ""cash_flow_classification"": ""Investing Activities"",
  ""cost_center"": ""CC-0000"",
  ""gaap_classification"": ""US-GAAP Asset"",
  ""detailed_description"": ""Vehicle expenses:Parking & tolls - This account is used to record Costs of road tolls and parking.\n\nPurpose: This account tracks asset items specifically related to vehicle expenses:parking & tolls. It is classified under Fixed Asset - Vehicles in accordance with US-GAAP standards.\n\nTransaction Examples:\n- Recording of vehicle expenses:parking & tolls transactions\n- Adjustments related to vehicle expenses:parking & tolls\n- Period-end reconciliation and reporting\n\nGAAP Rationale: This account follows US-GAAP classification standards for asset accounts. It maintains proper segregation of duties and ensures accurate financial reporting in compliance with generally accepted accounting principles.\n\nWhen NOT to Use: Do not use this account for transactions that belong to other asset categories or for items that should be classified under different account types. Ensure proper authorization and documentation before posting entries.\n\nCross-References: Related accounts include other asset accounts within the Fixed Asset - Vehicles classification. Review the complete chart of accounts for proper account selection.\n\nFrequency: This account appears in 3 legacy account(s) across 3 company/companies, indicating high standardization importance."",
  ""examples"": [],
  ""gaap_rationale"": """"
}"
11518,Vehicle expenses:Vehicle fines & penalties,2024-01-01,,D,10000,2,Asset,"{
  ""subcategory"": ""Fixed Asset - Vehicles"",
  ""normal_balance"": ""Debit"",
  ""cash_flow_classification"": ""Investing Activities"",
  ""cost_center"": ""CC-0000"",
  ""gaap_classification"": ""US-GAAP Asset"",
  ""detailed_description"": ""Vehicle expenses:Vehicle fines & penalties - This account is used to record Costs of vehicle fines or penalties, like traffic tickets.\n\nPurpose: This account tracks asset items specifically related to vehicle expenses:vehicle fines & penalties. It is classified under Fixed Asset - Vehicles in accordance with US-GAAP standards.\n\nTransaction Examples:\n- Recording of vehicle expenses:vehicle fines & penalties transactions\n- Adjustments related to vehicle expenses:vehicle fines & penalties\n- Period-end reconciliation and reporting\n\nGAAP Rationale: This account follows US-GAAP classification standards for asset accounts. It maintains proper segregation of duties and ensures accurate financial reporting in compliance with generally accepted accounting principles.\n\nWhen NOT to Use: Do not use this account for transactions that belong to other asset categories or for items that should be classified under different account types. Ensure proper authorization and documentation before posting entries.\n\nCross-References: Related accounts include other asset accounts within the Fixed Asset - Vehicles classification. Review the complete chart of accounts for proper account selection.\n\nFrequency: This account appears in 3 legacy account(s) across 3 company/companies, indicating high standardization importance."",
  ""examples"": [],
  ""gaap_rationale"": """"
}"
11587,BofA Roman Sav 5705,2024-01-01,,D,10000,2,Asset,"{
  ""subcategory"": ""Asset - General"",
  ""normal_balance"": ""Debit"",
  ""cash_flow_classification"": ""Operating Activities"",
  ""cost_center"": ""CC-0000"",
  ""gaap_classification"": ""US-GAAP Asset"",
  ""detailed_description"": ""BofA Roman Sav 5705 - This account is used to record transactions related to BofA Roman Sav 5705.\n\nPurpose: This account tracks asset items specifically related to bofa roman sav 5705. It is classified under Asset - General in accordance with US-GAAP standards.\n\nTransaction Examples:\n- Recording of bofa roman sav 5705 transactions\n- Adjustments related to bofa roman sav 5705\n- Period-end reconciliation and reporting\n\nGAAP Rationale: This account follows US-GAAP classification standards for asset accounts. It maintains proper segregation of duties and ensures accurate financial reporting in compliance with generally accepted accounting principles.\n\nWhen NOT to Use: Do not use this account for transactions that belong to other asset categories or for items that should be classified under different account types. Ensure proper authorization and documentation before posting entries.\n\nCross-References: Related accounts include other asset accounts within the Asset - General classification. Review the complete chart of accounts for proper account selection.\n\nFrequency: This account appears in 1 legacy account(s) across 1 company/companies, indicating high standardization importance."",
  ""examples"": [],
  ""gaap_rationale"": """"
}"
11656,BofA Sa Manny 4780,2024-01-01,,D,10000,2,Asset,"{
  ""subcategory"": ""Asset - General"",
  ""normal_balance"": ""Debit"",
  ""cash_flow_classification"": ""Operating Activities"",
  ""cost_center"": ""CC-0000"",
  ""gaap_classification"": ""US-GAAP Asset"",
  ""detailed_description"": ""BofA Sa Manny 4780 - This account is used to record transactions related to BofA Sa Manny 4780.\n\nPurpose: This account tracks asset items specifically related to bofa sa manny 4780. It is classified under Asset - General in accordance with US-GAAP standards.\n\nTransaction Examples:\n- Recording of bofa sa manny 4780 transactions\n- Adjustments related to bofa sa manny 4780\n- Period-end reconciliation and reporting\n\nGAAP Rationale: This account follows US-GAAP classification standards for asset accounts. It maintains proper segregation of duties and ensures accurate financial reporting in compliance with generally accepted accounting principles.\n\nWhen NOT to Use: Do not use this account for transactions that belong to other asset categories or for items that should be classified under different account types. Ensure proper authorization and documentation before posting entries.\n\nCross-References: Related accounts include other asset accounts within the Asset - General classification. Review the complete chart of accounts for proper account selection.\n\nFrequency: This account appears in 1 legacy account(s) across 1 company/companies, indicating high standardization importance."",
  ""examples"": [],
  ""gaap_rationale"": """"
}"
11725,Capital - MD - 9281,2024-01-01,,D,10000,2,Asset,"{
  ""subcategory"": ""Asset - General"",
  ""normal_balance"": ""Debit"",
  ""cash_flow_classification"": ""Operating Activities"",
  ""cost_center"": ""CC-0000"",
  ""gaap_classification"": ""US-GAAP Asset"",
  ""detailed_description"": ""Capital - MD - 9281 - This account is used to record transactions related to Capital - MD - 9281.\n\nPurpose: This account tracks asset items specifically related to capital - md - 9281. It is classified under Asset - General in accordance with US-GAAP standards.\n\nTransaction Examples:\n- Recording of capital - md - 9281 transactions\n- Adjustments related to capital - md - 9281\n- Period-end reconciliation and reporting\n\nGAAP Rationale: This account follows US-GAAP classification standards for asset accounts. It maintains proper segregation of duties and ensures accurate financial reporting in compliance with generally accepted accounting principles.\n\nWhen NOT to Use: Do not use this account for transactions that belong to other asset categories or for items that should be classified under different account types. Ensure proper authorization and documentation before posting entries.\n\nCross-References: Related accounts include other asset accounts within the Asset - General classification. Review the complete chart of accounts for proper account selection.\n\nFrequency: This account appears in 1 legacy account(s) across 1 company/companies, indicating high standardization importance."",
  ""examples"": [],
  ""gaap_rationale"": """"
}"
11794,Capital - ROMAN - 8631,2024-01-01,,D,10000,2,Asset,"{
  ""subcategory"": ""Asset - General"",
  ""normal_balance"": ""Debit"",
  ""cash_flow_classification"": ""Operating Activities"",
  ""cost_center"": ""CC-0000"",
  ""gaap_classification"": ""US-GAAP Asset"",
  ""detailed_description"": ""Capital - ROMAN - 8631 - This account is used to record transactions related to Capital - ROMAN - 8631.\n\nPurpose: This account tracks asset items specifically related to capital - roman - 8631. It is classified under Asset - General in accordance with US-GAAP standards.\n\nTransaction Examples:\n- Recording of capital - roman - 8631 transactions\n- Adjustments related to capital - roman - 8631\n- Period-end reconciliation and reporting\n\nGAAP Rationale: This account follows US-GAAP classification standards for asset accounts. It maintains proper segregation of duties and ensures accurate financial reporting in compliance with generally accepted accounting principles.\n\nWhen NOT to Use: Do not use this account for transactions that belong to other asset categories or for items that should be classified under different account types. Ensure proper authorization and documentation before posting entries.\n\nCross-References: Related accounts include other asset accounts within the Asset - General classification. Review the complete chart of accounts for proper account selection.\n\nFrequency: This account appears in 1 legacy account(s) across 1 company/companies, indicating high standardization importance."",
  ""examples"": [],
  ""gaap_rationale"": """"
}"
11863,CHK - MD - 9686,2024-01-01,,D,10000,2,Asset,"{
  ""subcategory"": ""Current Asset - Cash and Cash Equivalents"",
  ""normal_balance"": ""Debit"",
  ""cash_flow_classification"": ""Operating Activities"",
  ""cost_center"": ""CC-0000"",
  ""gaap_classification"": ""US-GAAP Asset"",
  ""detailed_description"": ""CHK - MD - 9686 - This account is used to record Business checking account for Manuel Dorticos (MD) real estate portfolio.\n\nPurpose: This account tracks asset items specifically related to chk - md - 9686. It is classified under Current Asset - Cash and Cash Equivalents in accordance with US-GAAP standards.\n\nTransaction Examples:\n- Recording of chk - md - 9686 transactions\n- Adjustments related to chk - md - 9686\n- Period-end reconciliation and reporting\n\nGAAP Rationale: This account follows US-GAAP classification standards for asset accounts. It maintains proper segregation of duties and ensures accurate financial reporting in compliance with generally accepted accounting principles.\n\nWhen NOT to Use: Do not use this account for transactions that belong to other asset categories or for items that should be classified under different account types. Ensure proper authorization and documentation before posting entries.\n\nCross-References: Related accounts include other asset accounts within the Current Asset - Cash and Cash Equivalents classification. Review the complete chart of accounts for proper account selection.\n\nFrequency: This account appears in 2 legacy account(s) across 1 company/companies, indicating high standardization importance."",
  ""examples"": [],
  ""gaap_rationale"": """"
}"
11932,Clearing Account,2024-01-01,,D,10000,2,Asset,"{
  ""subcategory"": ""Asset - General"",
  ""normal_balance"": ""Debit"",
  ""cash_flow_classification"": ""Operating Activities"",
  ""cost_center"": ""CC-0000"",
  ""gaap_classification"": ""US-GAAP Asset"",
  ""detailed_description"": ""Clearing Account - This account is used to record transactions related to Clearing Account.\n\nPurpose: This account tracks asset items specifically related to clearing account. It is classified under Asset - General in accordance with US-GAAP standards.\n\nTransaction Examples:\n- Recording of clearing account transactions\n- Adjustments related to clearing account\n- Period-end reconciliation and reporting\n\nGAAP Rationale: This account follows US-GAAP classification standards for asset accounts. It maintains proper segregation of duties and ensures accurate financial reporting in compliance with generally accepted accounting principles.\n\nWhen NOT to Use: Do not use this account for transactions that belong to other asset categories or for items that should be classified under different account types. Ensure proper authorization and documentation before posting entries.\n\nCross-References: Related accounts include other asset accounts within the Asset - General classification. Review the complete chart of accounts for proper account selection.\n\nFrequency: This account appears in 3 legacy account(s) across 3 company/companies, indicating high standardization importance."",
  ""examples"": [],
  ""gaap_rationale"": """"
}"
12001,(INACTIVE) - BlueVine Checking (3331) - MD Rentals CHK,2024-01-01,,D,10000,2,Asset,"{
  ""subcategory"": ""Current Asset - Cash and Cash Equivalents"",
  ""normal_balance"": ""Debit"",
  ""cash_flow_classification"": ""Operating Activities"",
  ""cost_center"": ""CC-0000"",
  ""gaap_classification"": ""US-GAAP Asset"",
  ""detailed_description"": ""(INACTIVE) - BlueVine Checking (3331) - MD Rentals CHK - This account is used to record transactions related to (INACTIVE) - BlueVine Checking (3331) - MD Rentals CHK.\n\nPurpose: This account tracks asset items specifically related to (inactive) - bluevine checking (3331) - md rentals chk. It is classified under Current Asset - Cash and Cash Equivalents in accordance with US-GAAP standards.\n\nTransaction Examples:\n- Recording of (inactive) - bluevine checking (3331) - md rentals chk transactions\n- Adjustments related to (inactive) - bluevine checking (3331) - md rentals chk\n- Period-end reconciliation and reporting\n\nGAAP Rationale: This account follows US-GAAP classification standards for asset accounts. It maintains proper segregation of duties and ensures accurate financial reporting in compliance with generally accepted accounting principles.\n\nWhen NOT to Use: Do not use this account for transactions that belong to other asset categories or for items that should be classified under different account types. Ensure proper authorization and documentation before posting entries.\n\nCross-References: Related accounts include other asset accounts within the Current Asset - Cash and Cash Equivalents classification. Review the complete chart of accounts for proper account selection.\n\nFrequency: This account appears in 2 legacy account(s) across 1 company/companies, indicating high standardization importance."",
  ""examples"": [],
  ""gaap_rationale"": """"
}"
12070,(INACTIVE) - BOA - MD Portfolio - CHK,2024-01-01,,D,10000,2,Asset,"{
  ""subcategory"": ""Asset - General"",
  ""normal_balance"": ""Debit"",
  ""cash_flow_classification"": ""Operating Activities"",
  ""cost_center"": ""CC-0000"",
  ""gaap_classification"": ""US-GAAP Asset"",
  ""detailed_description"": ""(INACTIVE) - BOA - MD Portfolio - CHK - This account is used to record transactions related to (INACTIVE) - BOA - MD Portfolio - CHK.\n\nPurpose: This account tracks asset items specifically related to (inactive) - boa - md portfolio - chk. It is classified under Asset - General in accordance with US-GAAP standards.\n\nTransaction Examples:\n- Recording of (inactive) - boa - md portfolio - chk transactions\n- Adjustments related to (inactive) - boa - md portfolio - chk\n- Period-end reconciliation and reporting\n\nGAAP Rationale: This account follows US-GAAP classification standards for asset accounts. It maintains proper segregation of duties and ensures accurate financial reporting in compliance with generally accepted accounting principles.\n\nWhen NOT to Use: Do not use this account for transactions that belong to other asset categories or for items that should be classified under different account types. Ensure proper authorization and documentation before posting entries.\n\nCross-References: Related accounts include other asset accounts within the Asset - General classification. Review the complete chart of accounts for proper account selection.\n\nFrequency: This account appears in 2 legacy account(s) across 1 company/companies, indicating high standardization importance."",
  ""examples"": [],
  ""gaap_rationale"": """"
}"
12139,Section 8 Deposits,2024-01-01,,D,10000,2,Asset,"{
  ""subcategory"": ""Current Asset - Deposits"",
  ""normal_balance"": ""Debit"",
  ""cash_flow_classification"": ""Operating Activities"",
  ""cost_center"": ""CC-0000"",
  ""gaap_classification"": ""US-GAAP Asset"",
  ""detailed_description"": ""Section 8 Deposits - This account is used to record transactions related to Section 8 Deposits.\n\nPurpose: This account tracks asset items specifically related to section 8 deposits. It is classified under Current Asset - Deposits in accordance with US-GAAP standards.\n\nTransaction Examples:\n- Recording of section 8 deposits transactions\n- Adjustments related to section 8 deposits\n- Period-end reconciliation and reporting\n\nGAAP Rationale: This account follows US-GAAP classification standards for asset accounts. It maintains proper segregation of duties and ensures accurate financial reporting in compliance with generally accepted accounting principles.\n\nWhen NOT to Use: Do not use this account for transactions that belong to other asset categories or for items that should be classified under different account types. Ensure proper authorization and documentation before posting entries.\n\nCross-References: Related accounts include other asset accounts within the Current Asset - Deposits classification. Review the complete chart of accounts for proper account selection.\n\nFrequency: This account appears in 1 legacy account(s) across 1 company/companies, indicating high standardization importance."",
  ""examples"": [],
  ""gaap_rationale"": """"
}"
12208,Security Deposits Clearing,2024-01-01,,D,10000,2,Asset,"{
  ""subcategory"": ""Current Asset - Deposits"",
  ""normal_balance"": ""Debit"",
  ""cash_flow_classification"": ""Operating Activities"",
  ""cost_center"": ""CC-0000"",
  ""gaap_classification"": ""US-GAAP Asset"",
  ""detailed_description"": ""Security Deposits Clearing - This account is used to record transactions related to Security Deposits Clearing.\n\nPurpose: This account tracks asset items specifically related to security deposits clearing. It is classified under Current Asset - Deposits in accordance with US-GAAP standards.\n\nTransaction Examples:\n- Recording of security deposits clearing transactions\n- Adjustments related to security deposits clearing\n- Period-end reconciliation and reporting\n\nGAAP Rationale: This account follows US-GAAP classification standards for asset accounts. It maintains proper segregation of duties and ensures accurate financial reporting in compliance with generally accepted accounting principles.\n\nWhen NOT to Use: Do not use this account for transactions that belong to other asset categories or for items that should be classified under different account types. Ensure proper authorization and documentation before posting entries.\n\nCross-References: Related accounts include other asset accounts within the Current Asset - Deposits classification. Review the complete chart of accounts for proper account selection.\n\nFrequency: This account appears in 1 legacy account(s) across 1 company/companies, indicating high standardization importance."",
  ""examples"": [],
  ""gaap_rationale"": """"
}"
12277,Security - MD - 6583,2024-01-01,,D,10000,2,Asset,"{
  ""subcategory"": ""Current Asset - Cash and Cash Equivalents"",
  ""normal_balance"": ""Debit"",
  ""cash_flow_classification"": ""Operating Activities"",
  ""cost_center"": ""CC-0000"",
  ""gaap_classification"": ""US-GAAP Asset"",
  ""detailed_description"": ""Security - MD - 6583 - This account is used to record Business savings account for Manuel Dorticos (MD) real estate portfolio security deposits.\n\nPurpose: This account tracks asset items specifically related to security - md - 6583. It is classified under Current Asset - Cash and Cash Equivalents in accordance with US-GAAP standards.\n\nTransaction Examples:\n- Recording of security - md - 6583 transactions\n- Adjustments related to security - md - 6583\n- Period-end reconciliation and reporting\n\nGAAP Rationale: This account follows US-GAAP classification standards for asset accounts. It maintains proper segregation of duties and ensures accurate financial reporting in compliance with generally accepted accounting principles.\n\nWhen NOT to Use: Do not use this account for transactions that belong to other asset categories or for items that should be classified under different account types. Ensure proper authorization and documentation before posting entries.\n\nCross-References: Related accounts include other asset accounts within the Current Asset - Cash and Cash Equivalents classification. Review the complete chart of accounts for proper account selection.\n\nFrequency: This account appears in 2 legacy account(s) across 1 company/companies, indicating high standardization importance."",
  ""examples"": [],
  ""gaap_rationale"": """"
}"
12346,CC - BOA - CORP 4834-2335:CC - BOA - CORP Account - MD Portfolio - 4834,2024-01-01,,D,10000,2,Asset,"{
  ""subcategory"": ""Current Asset - Cash and Cash Equivalents"",
  ""normal_balance"": ""Debit"",
  ""cash_flow_classification"": ""Operating Activities"",
  ""cost_center"": ""CC-0000"",
  ""gaap_classification"": ""US-GAAP Asset"",
  ""detailed_description"": ""CC - BOA - CORP 4834-2335:CC - BOA - CORP Account - MD Portfolio - 4834 - This account is used to record Bank of America Credit Card Corporate Holding Account for Subcards.\n\nPurpose: This account tracks asset items specifically related to cc - boa - corp 4834-2335:cc - boa - corp account - md portfolio - 4834. It is classified under Current Asset - Cash and Cash Equivalents in accordance with US-GAAP standards.\n\nTransaction Examples:\n- Recording of cc - boa - corp 4834-2335:cc - boa - corp account - md portfolio - 4834 transactions\n- Adjustments related to cc - boa - corp 4834-2335:cc - boa - corp account - md portfolio - 4834\n- Period-end reconciliation and reporting\n\nGAAP Rationale: This account follows US-GAAP classification standards for asset accounts. It maintains proper segregation of duties and ensures accurate financial reporting in compliance with generally accepted accounting principles.\n\nWhen NOT to Use: Do not use this account for transactions that belong to other asset categories or for items that should be classified under different account types. Ensure proper authorization and documentation before posting entries.\n\nCross-References: Related accounts include other asset accounts within the Current Asset - Cash and Cash Equivalents classification. Review the complete chart of accounts for proper account selection.\n\nFrequency: This account appears in 1 legacy account(s) across 1 company/companies, indicating high standardization importance."",
  ""examples"": [],
  ""gaap_rationale"": """"
}"
12415,RE (Form 8825):Mortgage Interest Paid To Banks,2024-01-01,,D,10000,2,Asset,"{
  ""subcategory"": ""Current Asset - Cash and Cash Equivalents"",
  ""normal_balance"": ""Debit"",
  ""cash_flow_classification"": ""Operating Activities"",
  ""cost_center"": ""CC-0000"",
  ""gaap_classification"": ""US-GAAP Asset"",
  ""detailed_description"": ""RE (Form 8825):Mortgage Interest Paid To Banks - This account is used to record transactions related to RE (Form 8825):Mortgage Interest Paid To Banks.\n\nPurpose: This account tracks asset items specifically related to re (form 8825):mortgage interest paid to banks. It is classified under Current Asset - Cash and Cash Equivalents in accordance with US-GAAP standards.\n\nTransaction Examples:\n- Recording of re (form 8825):mortgage interest paid to banks transactions\n- Adjustments related to re (form 8825):mortgage interest paid to banks\n- Period-end reconciliation and reporting\n\nGAAP Rationale: This account follows US-GAAP classification standards for asset accounts. It maintains proper segregation of duties and ensures accurate financial reporting in compliance with generally accepted accounting principles.\n\nWhen NOT to Use: Do not use this account for transactions that belong to other asset categories or for items that should be classified under different account types. Ensure proper authorization and documentation before posting entries.\n\nCross-References: Related accounts include other asset accounts within the Current Asset - Cash and Cash Equivalents classification. Review the complete chart of accounts for proper account selection.\n\nFrequency: This account appears in 1 legacy account(s) across 1 company/companies, indicating high standardization importance."",
  ""examples"": [],
  ""gaap_rationale"": """"
}"
12484,RE (Form 8825):Property Utilities,2024-01-01,,D,10000,2,Asset,"{
  ""subcategory"": ""Fixed Asset - Property"",
  ""normal_balance"": ""Debit"",
  ""cash_flow_classification"": ""Investing Activities"",
  ""cost_center"": ""CC-0000"",
  ""gaap_classification"": ""US-GAAP Asset"",
  ""detailed_description"": ""RE (Form 8825):Property Utilities - This account is used to record transactions related to RE (Form 8825):Property Utilities.\n\nPurpose: This account tracks asset items specifically related to re (form 8825):property utilities. It is classified under Fixed Asset - Property in accordance with US-GAAP standards.\n\nTransaction Examples:\n- Recording of re (form 8825):property utilities transactions\n- Adjustments related to re (form 8825):property utilities\n- Period-end reconciliation and reporting\n\nGAAP Rationale: This account follows US-GAAP classification standards for asset accounts. It maintains proper segregation of duties and ensures accurate financial reporting in compliance with generally accepted accounting principles.\n\nWhen NOT to Use: Do not use this account for transactions that belong to other asset categories or for items that should be classified under different account types. Ensure proper authorization and documentation before posting entries.\n\nCross-References: Related accounts include other asset accounts within the Fixed Asset - Property classification. Review the complete chart of accounts for proper account selection.\n\nFrequency: This account appears in 3 legacy account(s) across 1 company/companies, indicating high standardization importance."",
  ""examples"": [],
  ""gaap_rationale"": """"
}"
12553,RE (Form 8825):Repair & Maintenance:Lawncare & Landscaping,2024-01-01,,D,10000,2,Asset,"{
  ""subcategory"": ""Fixed Asset - Land"",
  ""normal_balance"": ""Debit"",
  ""cash_flow_classification"": ""Investing Activities"",
  ""cost_center"": ""CC-0000"",
  ""gaap_classification"": ""US-GAAP Asset"",
  ""detailed_description"": ""RE (Form 8825):Repair & Maintenance:Lawncare & Landscaping - This account is used to record transactions related to RE (Form 8825):Repair & Maintenance:Lawncare & Landscaping.\n\nPurpose: This account tracks asset items specifically related to re (form 8825):repair & maintenance:lawncare & landscaping. It is classified under Fixed Asset - Land in accordance with US-GAAP standards.\n\nTransaction Examples:\n- Recording of re (form 8825):repair & maintenance:lawncare & landscaping transactions\n- Adjustments related to re (form 8825):repair & maintenance:lawncare & landscaping\n- Period-end reconciliation and reporting\n\nGAAP Rationale: This account follows US-GAAP classification standards for asset accounts. It maintains proper segregation of duties and ensures accurate financial reporting in compliance with generally accepted accounting principles.\n\nWhen NOT to Use: Do not use this account for transactions that belong to other asset categories or for items that should be classified under different account types. Ensure proper authorization and documentation before posting entries.\n\nCross-References: Related accounts include other asset accounts within the Fixed Asset - Land classification. Review the complete chart of accounts for proper account selection.\n\nFrequency: This account appears in 1 legacy account(s) across 1 company/companies, indicating high standardization importance."",
  ""examples"": [],
  ""gaap_rationale"": """"
}"
12622,S-Corp (Form 1120-S):Bank Charges,2024-01-01,,D,10000,2,Asset,"{
  ""subcategory"": ""Current Asset - Cash and Cash Equivalents"",
  ""normal_balance"": ""Debit"",
  ""cash_flow_classification"": ""Operating Activities"",
  ""cost_center"": ""CC-0000"",
  ""gaap_classification"": ""US-GAAP Asset"",
  ""detailed_description"": ""S-Corp (Form 1120-S):Bank Charges - This account is used to record transactions related to S-Corp (Form 1120-S):Bank Charges.\n\nPurpose: This account tracks asset items specifically related to s-corp (form 1120-s):bank charges. It is classified under Current Asset - Cash and Cash Equivalents in accordance with US-GAAP standards.\n\nTransaction Examples:\n- Recording of s-corp (form 1120-s):bank charges transactions\n- Adjustments related to s-corp (form 1120-s):bank charges\n- Period-end reconciliation and reporting\n\nGAAP Rationale: This account follows US-GAAP classification standards for asset accounts. It maintains proper segregation of duties and ensures accurate financial reporting in compliance with generally accepted accounting principles.\n\nWhen NOT to Use: Do not use this account for transactions that belong to other asset categories or for items that should be classified under different account types. Ensure proper authorization and documentation before posting entries.\n\nCross-References: Related accounts include other asset accounts within the Current Asset - Cash and Cash Equivalents classification. Review the complete chart of accounts for proper account selection.\n\nFrequency: This account appears in 1 legacy account(s) across 1 company/companies, indicating high standardization importance."",
  ""examples"": [],
  ""gaap_rationale"": """"
}"
12691,Unapplied Cash Bill Payment Expense,2024-01-01,,D,10000,2,Asset,"{
  ""subcategory"": ""Current Asset - Cash and Cash Equivalents"",
  ""normal_balance"": ""Debit"",
  ""cash_flow_classification"": ""Operating Activities"",
  ""cost_center"": ""CC-0000"",
  ""gaap_classification"": ""US-GAAP Asset"",
  ""detailed_description"": ""Unapplied Cash Bill Payment Expense - This account is used to record transactions related to Unapplied Cash Bill Payment Expense.\n\nPurpose: This account tracks asset items specifically related to unapplied cash bill payment expense. It is classified under Current Asset - Cash and Cash Equivalents in accordance with US-GAAP standards.\n\nTransaction Examples:\n- Recording of unapplied cash bill payment expense transactions\n- Adjustments related to unapplied cash bill payment expense\n- Period-end reconciliation and reporting\n\nGAAP Rationale: This account follows US-GAAP classification standards for asset accounts. It maintains proper segregation of duties and ensures accurate financial reporting in compliance with generally accepted accounting principles.\n\nWhen NOT to Use: Do not use this account for transactions that belong to other asset categories or for items that should be classified under different account types. Ensure proper authorization and documentation before posting entries.\n\nCross-References: Related accounts include other asset accounts within the Current Asset - Cash and Cash Equivalents classification. Review the complete chart of accounts for proper account selection.\n\nFrequency: This account appears in 1 legacy account(s) across 1 company/companies, indicating high standardization importance."",
  ""examples"": [],
  ""gaap_rationale"": """"
}"
12760,1025-1027 Jaguar Blvd,2024-01-01,,D,10000,2,Asset,"{
  ""subcategory"": ""Asset - General"",
  ""normal_balance"": ""Debit"",
  ""cash_flow_classification"": ""Operating Activities"",
  ""cost_center"": ""CC-0000"",
  ""gaap_classification"": ""US-GAAP Asset"",
  ""detailed_description"": ""1025-1027 Jaguar Blvd - This account is used to record transactions related to 1025-1027 Jaguar Blvd.\n\nPurpose: This account tracks asset items specifically related to 1025-1027 jaguar blvd. It is classified under Asset - General in accordance with US-GAAP standards.\n\nTransaction Examples:\n- Recording of 1025-1027 jaguar blvd transactions\n- Adjustments related to 1025-1027 jaguar blvd\n- Period-end reconciliation and reporting\n\nGAAP Rationale: This account follows US-GAAP classification standards for asset accounts. It maintains proper segregation of duties and ensures accurate financial reporting in compliance with generally accepted accounting principles.\n\nWhen NOT to Use: Do not use this account for transactions that belong to other asset categories or for items that should be classified under different account types. Ensure proper authorization and documentation before posting entries.\n\nCross-References: Related accounts include other asset accounts within the Asset - General classification. Review the complete chart of accounts for proper account selection.\n\nFrequency: This account appears in 3 legacy account(s) across 1 company/companies, indicating high standardization importance."",
  ""examples"": [],
  ""gaap_rationale"": """"
}"
12829,12534 Griffing Blvd,2024-01-01,,D,10000,2,Asset,"{
  ""subcategory"": ""Asset - General"",
  ""normal_balance"": ""Debit"",
  ""cash_flow_classification"": ""Operating Activities"",
  ""cost_center"": ""CC-0000"",
  ""gaap_classification"": ""US-GAAP Asset"",
  ""detailed_description"": ""12534 Griffing Blvd - This account is used to record transactions related to 12534 Griffing Blvd.\n\nPurpose: This account tracks asset items specifically related to 12534 griffing blvd. It is classified under Asset - General in accordance with US-GAAP standards.\n\nTransaction Examples:\n- Recording of 12534 griffing blvd transactions\n- Adjustments related to 12534 griffing blvd\n- Period-end reconciliation and reporting\n\nGAAP Rationale: This account follows US-GAAP classification standards for asset accounts. It maintains proper segregation of duties and ensures accurate financial reporting in compliance with generally accepted accounting principles.\n\nWhen NOT to Use: Do not use this account for transactions that belong to other asset categories or for items that should be classified under different account types. Ensure proper authorization and documentation before posting entries.\n\nCross-References: Related accounts include other asset accounts within the Asset - General classification. Review the complete chart of accounts for proper account selection.\n\nFrequency: This account appears in 2 legacy account(s) across 1 company/companies, indicating high standardization importance."",
  ""examples"": [],
  ""gaap_rationale"": """"
}"
12898,12534 Griffing Blvd:Acumulated Depreciation 12534 Griffing Blvd,2024-01-01,,D,10000,2,Asset,"{
  ""subcategory"": ""Asset - General"",
  ""normal_balance"": ""Debit"",
  ""cash_flow_classification"": ""Operating Activities"",
  ""cost_center"": ""CC-0000"",
  ""gaap_classification"": ""US-GAAP Asset"",
  ""detailed_description"": ""12534 Griffing Blvd:Acumulated Depreciation 12534 Griffing Blvd - This account is used to record transactions related to 12534 Griffing Blvd:Acumulated Depreciation 12534 Griffing Blvd.\n\nPurpose: This account tracks asset items specifically related to 12534 griffing blvd:acumulated depreciation 12534 griffing blvd. It is classified under Asset - General in accordance with US-GAAP standards.\n\nTransaction Examples:\n- Recording of 12534 griffing blvd:acumulated depreciation 12534 griffing blvd transactions\n- Adjustments related to 12534 griffing blvd:acumulated depreciation 12534 griffing blvd\n- Period-end reconciliation and reporting\n\nGAAP Rationale: This account follows US-GAAP classification standards for asset accounts. It maintains proper segregation of duties and ensures accurate financial reporting in compliance with generally accepted accounting principles.\n\nWhen NOT to Use: Do not use this account for transactions that belong to other asset categories or for items that should be classified under different account types. Ensure proper authorization and documentation before posting entries.\n\nCross-References: Related accounts include other asset accounts within the Asset - General classification. Review the complete chart of accounts for proper account selection.\n\nFrequency: This account appears in 1 legacy account(s) across 1 company/companies, indicating high standardization importance."",
  ""examples"": [],
  ""gaap_rationale"": """"
}"
12967,15 W 14th St,2024-01-01,,D,10000,2,Asset,"{
  ""subcategory"": ""Asset - General"",
  ""normal_balance"": ""Debit"",
  ""cash_flow_classification"": ""Operating Activities"",
  ""cost_center"": ""CC-0000"",
  ""gaap_classification"": ""US-GAAP Asset"",
  ""detailed_description"": ""15 W 14th St - This account is used to record transactions related to 15 W 14th St.\n\nPurpose: This account tracks asset items specifically related to 15 w 14th st. It is classified under Asset - General in accordance with US-GAAP standards.\n\nTransaction Examples:\n- Recording of 15 w 14th st transactions\n- Adjustments related to 15 w 14th st\n- Period-end reconciliation and reporting\n\nGAAP Rationale: This account follows US-GAAP classification standards for asset accounts. It maintains proper segregation of duties and ensures accurate financial reporting in compliance with generally accepted accounting principles.\n\nWhen NOT to Use: Do not use this account for transactions that belong to other asset categories or for items that should be classified under different account types. Ensure proper authorization and documentation before posting entries.\n\nCross-References: Related accounts include other asset accounts within the Asset - General classification. Review the complete chart of accounts for proper account selection.\n\nFrequency: This account appears in 2 legacy account(s) across 1 company/companies, indicating high standardization importance."",
  ""examples"": [],
  ""gaap_rationale"": """"
}"
13036,15 W 14th St:Accumulated Depreciation 15 w 14th st,2024-01-01,,D,10000,2,Asset,"{
  ""subcategory"": ""Asset - General"",
  ""normal_balance"": ""Debit"",
  ""cash_flow_classification"": ""Operating Activities"",
  ""cost_center"": ""CC-0000"",
  ""gaap_classification"": ""US-GAAP Asset"",
  ""detailed_description"": ""15 W 14th St:Accumulated Depreciation 15 w 14th st - This account is used to record transactions related to 15 W 14th St:Accumulated Depreciation 15 w 14th st.\n\nPurpose: This account tracks asset items specifically related to 15 w 14th st:accumulated depreciation 15 w 14th st. It is classified under Asset - General in accordance with US-GAAP standards.\n\nTransaction Examples:\n- Recording of 15 w 14th st:accumulated depreciation 15 w 14th st transactions\n- Adjustments related to 15 w 14th st:accumulated depreciation 15 w 14th st\n- Period-end reconciliation and reporting\n\nGAAP Rationale: This account follows US-GAAP classification standards for asset accounts. It maintains proper segregation of duties and ensures accurate financial reporting in compliance with generally accepted accounting principles.\n\nWhen NOT to Use: Do not use this account for transactions that belong to other asset categories or for items that should be classified under different account types. Ensure proper authorization and documentation before posting entries.\n\nCross-References: Related accounts include other asset accounts within the Asset - General classification. Review the complete chart of accounts for proper account selection.\n\nFrequency: This account appears in 1 legacy account(s) across 1 company/companies, indicating high standardization importance."",
  ""examples"": [],
  ""gaap_rationale"": """"
}"
13105,16910 Carmen Ave,2024-01-01,,D,10000,2,Asset,"{
  ""subcategory"": ""Asset - General"",
  ""normal_balance"": ""Debit"",
  ""cash_flow_classification"": ""Operating Activities"",
  ""cost_center"": ""CC-0000"",
  ""gaap_classification"": ""US-GAAP Asset"",
  ""detailed_description"": ""16910 Carmen Ave - This account is used to record transactions related to 16910 Carmen Ave.\n\nPurpose: This account tracks asset items specifically related to 16910 carmen ave. It is classified under Asset - General in accordance with US-GAAP standards.\n\nTransaction Examples:\n- Recording of 16910 carmen ave transactions\n- Adjustments related to 16910 carmen ave\n- Period-end reconciliation and reporting\n\nGAAP Rationale: This account follows US-GAAP classification standards for asset accounts. It maintains proper segregation of duties and ensures accurate financial reporting in compliance with generally accepted accounting principles.\n\nWhen NOT to Use: Do not use this account for transactions that belong to other asset categories or for items that should be classified under different account types. Ensure proper authorization and documentation before posting entries.\n\nCross-References: Related accounts include other asset accounts within the Asset - General classification. Review the complete chart of accounts for proper account selection.\n\nFrequency: This account appears in 3 legacy account(s) across 1 company/companies, indicating high standardization importance."",
  ""examples"": [],
  ""gaap_rationale"": """"
}"
13174,217-219 East 12th Street,2024-01-01,,D,10000,2,Asset,"{
  ""subcategory"": ""Asset - General"",
  ""normal_balance"": ""Debit"",
  ""cash_flow_classification"": ""Operating Activities"",
  ""cost_center"": ""CC-0000"",
  ""gaap_classification"": ""US-GAAP Asset"",
  ""detailed_description"": ""217-219 East 12th Street - This account is used to record transactions related to 217-219 East 12th Street.\n\nPurpose: This account tracks asset items specifically related to 217-219 east 12th street. It is classified under Asset - General in accordance with US-GAAP standards.\n\nTransaction Examples:\n- Recording of 217-219 east 12th street transactions\n- Adjustments related to 217-219 east 12th street\n- Period-end reconciliation and reporting\n\nGAAP Rationale: This account follows US-GAAP classification standards for asset accounts. It maintains proper segregation of duties and ensures accurate financial reporting in compliance with generally accepted accounting principles.\n\nWhen NOT to Use: Do not use this account for transactions that belong to other asset categories or for items that should be classified under different account types. Ensure proper authorization and documentation before posting entries.\n\nCross-References: Related accounts include other asset accounts within the Asset - General classification. Review the complete chart of accounts for proper account selection.\n\nFrequency: This account appears in 3 legacy account(s) across 1 company/companies, indicating high standardization importance."",
  ""examples"": [],
  ""gaap_rationale"": """"
}"
13243,2213-2215 Armour Rd,2024-01-01,,D,10000,2,Asset,"{
  ""subcategory"": ""Asset - General"",
  ""normal_balance"": ""Debit"",
  ""cash_flow_classification"": ""Operating Activities"",
  ""cost_center"": ""CC-0000"",
  ""gaap_classification"": ""US-GAAP Asset"",
  ""detailed_description"": ""2213-2215 Armour Rd - This account is used to record transactions related to 2213-2215 Armour Rd.\n\nPurpose: This account tracks asset items specifically related to 2213-2215 armour rd. It is classified under Asset - General in accordance with US-GAAP standards.\n\nTransaction Examples:\n- Recording of 2213-2215 armour rd transactions\n- Adjustments related to 2213-2215 armour rd\n- Period-end reconciliation and reporting\n\nGAAP Rationale: This account follows US-GAAP classification standards for asset accounts. It maintains proper segregation of duties and ensures accurate financial reporting in compliance with generally accepted accounting principles.\n\nWhen NOT to Use: Do not use this account for transactions that belong to other asset categories or for items that should be classified under different account types. Ensure proper authorization and documentation before posting entries.\n\nCross-References: Related accounts include other asset accounts within the Asset - General classification. Review the complete chart of accounts for proper account selection.\n\nFrequency: This account appears in 3 legacy account(s) across 1 company/companies, indicating high standardization importance."",
  ""examples"": [],
  ""gaap_rationale"": """"
}"
13312,2435 NW 52nd St,2024-01-01,,D,10000,2,Asset,"{
  ""subcategory"": ""Asset - General"",
  ""normal_balance"": ""Debit"",
  ""cash_flow_classification"": ""Operating Activities"",
  ""cost_center"": ""CC-0000"",
  ""gaap_classification"": ""US-GAAP Asset"",
  ""detailed_description"": ""2435 NW 52nd St - This account is used to record transactions related to 2435 NW 52nd St.\n\nPurpose: This account tracks asset items specifically related to 2435 nw 52nd st. It is classified under Asset - General in accordance with US-GAAP standards.\n\nTransaction Examples:\n- Recording of 2435 nw 52nd st transactions\n- Adjustments related to 2435 nw 52nd st\n- Period-end reconciliation and reporting\n\nGAAP Rationale: This account follows US-GAAP classification standards for asset accounts. It maintains proper segregation of duties and ensures accurate financial reporting in compliance with generally accepted accounting principles.\n\nWhen NOT to Use: Do not use this account for transactions that belong to other asset categories or for items that should be classified under different account types. Ensure proper authorization and documentation before posting entries.\n\nCross-References: Related accounts include other asset accounts within the Asset - General classification. Review the complete chart of accounts for proper account selection.\n\nFrequency: This account appears in 3 legacy account(s) across 1 company/companies, indicating high standardization importance."",
  ""examples"": [],
  ""gaap_rationale"": """"
}"
13381,337-339 Harry Ave S,2024-01-01,,D,10000,2,Asset,"{
  ""subcategory"": ""Asset - General"",
  ""normal_balance"": ""Debit"",
  ""cash_flow_classification"": ""Operating Activities"",
  ""cost_center"": ""CC-0000"",
  ""gaap_classification"": ""US-GAAP Asset"",
  ""detailed_description"": ""337-339 Harry Ave S - This account is used to record transactions related to 337-339 Harry Ave S.\n\nPurpose: This account tracks asset items specifically related to 337-339 harry ave s. It is classified under Asset - General in accordance with US-GAAP standards.\n\nTransaction Examples:\n- Recording of 337-339 harry ave s transactions\n- Adjustments related to 337-339 harry ave s\n- Period-end reconciliation and reporting\n\nGAAP Rationale: This account follows US-GAAP classification standards for asset accounts. It maintains proper segregation of duties and ensures accurate financial reporting in compliance with generally accepted accounting principles.\n\nWhen NOT to Use: Do not use this account for transactions that belong to other asset categories or for items that should be classified under different account types. Ensure proper authorization and documentation before posting entries.\n\nCross-References: Related accounts include other asset accounts within the Asset - General classification. Review the complete chart of accounts for proper account selection.\n\nFrequency: This account appears in 3 legacy account(s) across 1 company/companies, indicating high standardization importance."",
  ""examples"": [],
  ""gaap_rationale"": """"
}"
13450,"429 Piper Ave, Lehigh",2024-01-01,,D,10000,2,Asset,"{
  ""subcategory"": ""Asset - General"",
  ""normal_balance"": ""Debit"",
  ""cash_flow_classification"": ""Operating Activities"",
  ""cost_center"": ""CC-0000"",
  ""gaap_classification"": ""US-GAAP Asset"",
  ""detailed_description"": ""429 Piper Ave, Lehigh - This account is used to record transactions related to 429 Piper Ave, Lehigh.\n\nPurpose: This account tracks asset items specifically related to 429 piper ave, lehigh. It is classified under Asset - General in accordance with US-GAAP standards.\n\nTransaction Examples:\n- Recording of 429 piper ave, lehigh transactions\n- Adjustments related to 429 piper ave, lehigh\n- Period-end reconciliation and reporting\n\nGAAP Rationale: This account follows US-GAAP classification standards for asset accounts. It maintains proper segregation of duties and ensures accurate financial reporting in compliance with generally accepted accounting principles.\n\nWhen NOT to Use: Do not use this account for transactions that belong to other asset categories or for items that should be classified under different account types. Ensure proper authorization and documentation before posting entries.\n\nCross-References: Related accounts include other asset accounts within the Asset - General classification. Review the complete chart of accounts for proper account selection.\n\nFrequency: This account appears in 3 legacy account(s) across 1 company/companies, indicating high standardization importance."",
  ""examples"": [],
  ""gaap_rationale"": """"
}"
13519,4528-4530 24th St SW,2024-01-01,,D,10000,2,Asset,"{
  ""subcategory"": ""Asset - General"",
  ""normal_balance"": ""Debit"",
  ""cash_flow_classification"": ""Operating Activities"",
  ""cost_center"": ""CC-0000"",
  ""gaap_classification"": ""US-GAAP Asset"",
  ""detailed_description"": ""4528-4530 24th St SW - This account is used to record transactions related to 4528-4530 24th St SW.\n\nPurpose: This account tracks asset items specifically related to 4528-4530 24th st sw. It is classified under Asset - General in accordance with US-GAAP standards.\n\nTransaction Examples:\n- Recording of 4528-4530 24th st sw transactions\n- Adjustments related to 4528-4530 24th st sw\n- Period-end reconciliation and reporting\n\nGAAP Rationale: This account follows US-GAAP classification standards for asset accounts. It maintains proper segregation of duties and ensures accurate financial reporting in compliance with generally accepted accounting principles.\n\nWhen NOT to Use: Do not use this account for transactions that belong to other asset categories or for items that should be classified under different account types. Ensure proper authorization and documentation before posting entries.\n\nCross-References: Related accounts include other asset accounts within the Asset - General classification. Review the complete chart of accounts for proper account selection.\n\nFrequency: This account appears in 3 legacy account(s) across 1 company/companies, indicating high standardization importance."",
  ""examples"": [],
  ""gaap_rationale"": """"
}"
13588,655 Keller St E,2024-01-01,,D,10000,2,Asset,"{
  ""subcategory"": ""Asset - General"",
  ""normal_balance"": ""Debit"",
  ""cash_flow_classification"": ""Operating Activities"",
  ""cost_center"": ""CC-0000"",
  ""gaap_classification"": ""US-GAAP Asset"",
  ""detailed_description"": ""655 Keller St E - This account is used to record transactions related to 655 Keller St E.\n\nPurpose: This account tracks asset items specifically related to 655 keller st e. It is classified under Asset - General in accordance with US-GAAP standards.\n\nTransaction Examples:\n- Recording of 655 keller st e transactions\n- Adjustments related to 655 keller st e\n- Period-end reconciliation and reporting\n\nGAAP Rationale: This account follows US-GAAP classification standards for asset accounts. It maintains proper segregation of duties and ensures accurate financial reporting in compliance with generally accepted accounting principles.\n\nWhen NOT to Use: Do not use this account for transactions that belong to other asset categories or for items that should be classified under different account types. Ensure proper authorization and documentation before posting entries.\n\nCross-References: Related accounts include other asset accounts within the Asset - General classification. Review the complete chart of accounts for proper account selection.\n\nFrequency: This account appears in 3 legacy account(s) across 1 company/companies, indicating high standardization importance."",
  ""examples"": [],
  ""gaap_rationale"": """"
}"
13657,923-925 Graystone,2024-01-01,,D,10000,2,Asset,"{
  ""subcategory"": ""Asset - General"",
  ""normal_balance"": ""Debit"",
  ""cash_flow_classification"": ""Operating Activities"",
  ""cost_center"": ""CC-0000"",
  ""gaap_classification"": ""US-GAAP Asset"",
  ""detailed_description"": ""923-925 Graystone - This account is used to record transactions related to 923-925 Graystone.\n\nPurpose: This account tracks asset items specifically related to 923-925 graystone. It is classified under Asset - General in accordance with US-GAAP standards.\n\nTransaction Examples:\n- Recording of 923-925 graystone transactions\n- Adjustments related to 923-925 graystone\n- Period-end reconciliation and reporting\n\nGAAP Rationale: This account follows US-GAAP classification standards for asset accounts. It maintains proper segregation of duties and ensures accurate financial reporting in compliance with generally accepted accounting principles.\n\nWhen NOT to Use: Do not use this account for transactions that belong to other asset categories or for items that should be classified under different account types. Ensure proper authorization and documentation before posting entries.\n\nCross-References: Related accounts include other asset accounts within the Asset - General classification. Review the complete chart of accounts for proper account selection.\n\nFrequency: This account appears in 3 legacy account(s) across 1 company/companies, indicating high standardization importance."",
  ""examples"": [],
  ""gaap_rationale"": """"
}"
13726,Tesla Vehicle,2024-01-01,,D,10000,2,Asset,"{
  ""subcategory"": ""Fixed Asset - Vehicles"",
  ""normal_balance"": ""Debit"",
  ""cash_flow_classification"": ""Investing Activities"",
  ""cost_center"": ""CC-0000"",
  ""gaap_classification"": ""US-GAAP Asset"",
  ""detailed_description"": ""Tesla Vehicle - This account is used to record transactions related to Tesla Vehicle.\n\nPurpose: This account tracks asset items specifically related to tesla vehicle. It is classified under Fixed Asset - Vehicles in accordance with US-GAAP standards.\n\nTransaction Examples:\n- Recording of tesla vehicle transactions\n- Adjustments related to tesla vehicle\n- Period-end reconciliation and reporting\n\nGAAP Rationale: This account follows US-GAAP classification standards for asset accounts. It maintains proper segregation of duties and ensures accurate financial reporting in compliance with generally accepted accounting principles.\n\nWhen NOT to Use: Do not use this account for transactions that belong to other asset categories or for items that should be classified under different account types. Ensure proper authorization and documentation before posting entries.\n\nCross-References: Related accounts include other asset accounts within the Fixed Asset - Vehicles classification. Review the complete chart of accounts for proper account selection.\n\nFrequency: This account appears in 1 legacy account(s) across 1 company/companies, indicating high standardization importance."",
  ""examples"": [],
  ""gaap_rationale"": """"
}"
13795,Tesla Vehicle Loan,2024-01-01,,D,10000,2,Asset,"{
  ""subcategory"": ""Fixed Asset - Vehicles"",
  ""normal_balance"": ""Debit"",
  ""cash_flow_classification"": ""Investing Activities"",
  ""cost_center"": ""CC-0000"",
  ""gaap_classification"": ""US-GAAP Asset"",
  ""detailed_description"": ""Tesla Vehicle Loan - This account is used to record transactions related to Tesla Vehicle Loan.\n\nPurpose: This account tracks asset items specifically related to tesla vehicle loan. It is classified under Fixed Asset - Vehicles in accordance with US-GAAP standards.\n\nTransaction Examples:\n- Recording of tesla vehicle loan transactions\n- Adjustments related to tesla vehicle loan\n- Period-end reconciliation and reporting\n\nGAAP Rationale: This account follows US-GAAP classification standards for asset accounts. It maintains proper segregation of duties and ensures accurate financial reporting in compliance with generally accepted accounting principles.\n\nWhen NOT to Use: Do not use this account for transactions that belong to other asset categories or for items that should be classified under different account types. Ensure proper authorization and documentation before posting entries.\n\nCross-References: Related accounts include other asset accounts within the Fixed Asset - Vehicles classification. Review the complete chart of accounts for proper account selection.\n\nFrequency: This account appears in 1 legacy account(s) across 1 company/companies, indicating high standardization importance."",
  ""examples"": [],
  ""gaap_rationale"": """"
}"
13864,Escrow 217-219,2024-01-01,,D,10000,2,Asset,"{
  ""subcategory"": ""Asset - General"",
  ""normal_balance"": ""Debit"",
  ""cash_flow_classification"": ""Operating Activities"",
  ""cost_center"": ""CC-0000"",
  ""gaap_classification"": ""US-GAAP Asset"",
  ""detailed_description"": ""Escrow 217-219 - This account is used to record transactions related to Escrow 217-219.\n\nPurpose: This account tracks asset items specifically related to escrow 217-219. It is classified under Asset - General in accordance with US-GAAP standards.\n\nTransaction Examples:\n- Recording of escrow 217-219 transactions\n- Adjustments related to escrow 217-219\n- Period-end reconciliation and reporting\n\nGAAP Rationale: This account follows US-GAAP classification standards for asset accounts. It maintains proper segregation of duties and ensures accurate financial reporting in compliance with generally accepted accounting principles.\n\nWhen NOT to Use: Do not use this account for transactions that belong to other asset categories or for items that should be classified under different account types. Ensure proper authorization and documentation before posting entries.\n\nCross-References: Related accounts include other asset accounts within the Asset - General classification. Review the complete chart of accounts for proper account selection.\n\nFrequency: This account appears in 1 legacy account(s) across 1 company/companies, indicating high standardization importance."",
  ""examples"": [],
  ""gaap_rationale"": """"
}"
13933,Escrow Clearing,2024-01-01,,D,10000,2,Asset,"{
  ""subcategory"": ""Asset - General"",
  ""normal_balance"": ""Debit"",
  ""cash_flow_classification"": ""Operating Activities"",
  ""cost_center"": ""CC-0000"",
  ""gaap_classification"": ""US-GAAP Asset"",
  ""detailed_description"": ""Escrow Clearing - This account is used to record transactions related to Escrow Clearing.\n\nPurpose: This account tracks asset items specifically related to escrow clearing. It is classified under Asset - General in accordance with US-GAAP standards.\n\nTransaction Examples:\n- Recording of escrow clearing transactions\n- Adjustments related to escrow clearing\n- Period-end reconciliation and reporting\n\nGAAP Rationale: This account follows US-GAAP classification standards for asset accounts. It maintains proper segregation of duties and ensures accurate financial reporting in compliance with generally accepted accounting principles.\n\nWhen NOT to Use: Do not use this account for transactions that belong to other asset categories or for items that should be classified under different account types. Ensure proper authorization and documentation before posting entries.\n\nCross-References: Related accounts include other asset accounts within the Asset - General classification. Review the complete chart of accounts for proper account selection.\n\nFrequency: This account appears in 1 legacy account(s) across 1 company/companies, indicating high standardization importance."",
  ""examples"": [],
  ""gaap_rationale"": """"
}"
14002,Loan to Others,2024-01-01,,D,10000,2,Asset,"{
  ""subcategory"": ""Asset - General"",
  ""normal_balance"": ""Debit"",
  ""cash_flow_classification"": ""Operating Activities"",
  ""cost_center"": ""CC-0000"",
  ""gaap_classification"": ""US-GAAP Asset"",
  ""detailed_description"": ""Loan to Others - This account is used to record transactions related to Loan to Others.\n\nPurpose: This account tracks asset items specifically related to loan to others. It is classified under Asset - General in accordance with US-GAAP standards.\n\nTransaction Examples:\n- Recording of loan to others transactions\n- Adjustments related to loan to others\n- Period-end reconciliation and reporting\n\nGAAP Rationale: This account follows US-GAAP classification standards for asset accounts. It maintains proper segregation of duties and ensures accurate financial reporting in compliance with generally accepted accounting principles.\n\nWhen NOT to Use: Do not use this account for transactions that belong to other asset categories or for items that should be classified under different account types. Ensure proper authorization and documentation before posting entries.\n\nCross-References: Related accounts include other asset accounts within the Asset - General classification. Review the complete chart of accounts for proper account selection.\n\nFrequency: This account appears in 4 legacy account(s) across 2 company/companies, indicating high standardization importance."",
  ""examples"": [],
  ""gaap_rationale"": """"
}"
14071,Undeposited Funds,2024-01-01,,D,10000,2,Asset,"{
  ""subcategory"": ""Current Asset - Deposits"",
  ""normal_balance"": ""Debit"",
  ""cash_flow_classification"": ""Operating Activities"",
  ""cost_center"": ""CC-0000"",
  ""gaap_classification"": ""US-GAAP Asset"",
  ""detailed_description"": ""Undeposited Funds - This account is used to record transactions related to Undeposited Funds.\n\nPurpose: This account tracks asset items specifically related to undeposited funds. It is classified under Current Asset - Deposits in accordance with US-GAAP standards.\n\nTransaction Examples:\n- Recording of undeposited funds transactions\n- Adjustments related to undeposited funds\n- Period-end reconciliation and reporting\n\nGAAP Rationale: This account follows US-GAAP classification standards for asset accounts. It maintains proper segregation of duties and ensures accurate financial reporting in compliance with generally accepted accounting principles.\n\nWhen NOT to Use: Do not use this account for transactions that belong to other asset categories or for items that should be classified under different account types. Ensure proper authorization and documentation before posting entries.\n\nCross-References: Related accounts include other asset accounts within the Current Asset - Deposits classification. Review the complete chart of accounts for proper account selection.\n\nFrequency: This account appears in 4 legacy account(s) across 4 company/companies, indicating high standardization importance."",
  ""examples"": [],
  ""gaap_rationale"": """"
}"
14140,Other Loan Payable:Tesla Vehicle Loan Payable,2024-01-01,,D,10000,2,Asset,"{
  ""subcategory"": ""Fixed Asset - Vehicles"",
  ""normal_balance"": ""Debit"",
  ""cash_flow_classification"": ""Investing Activities"",
  ""cost_center"": ""CC-0000"",
  ""gaap_classification"": ""US-GAAP Asset"",
  ""detailed_description"": ""Other Loan Payable:Tesla Vehicle Loan Payable - This account is used to record transactions related to Other Loan Payable:Tesla Vehicle Loan Payable.\n\nPurpose: This account tracks asset items specifically related to other loan payable:tesla vehicle loan payable. It is classified under Fixed Asset - Vehicles in accordance with US-GAAP standards.\n\nTransaction Examples:\n- Recording of other loan payable:tesla vehicle loan payable transactions\n- Adjustments related to other loan payable:tesla vehicle loan payable\n- Period-end reconciliation and reporting\n\nGAAP Rationale: This account follows US-GAAP classification standards for asset accounts. It maintains proper segregation of duties and ensures accurate financial reporting in compliance with generally accepted accounting principles.\n\nWhen NOT to Use: Do not use this account for transactions that belong to other asset categories or for items that should be classified under different account types. Ensure proper authorization and documentation before posting entries.\n\nCross-References: Related accounts include other asset accounts within the Fixed Asset - Vehicles classification. Review the complete chart of accounts for proper account selection.\n\nFrequency: This account appears in 1 legacy account(s) across 1 company/companies, indicating high standardization importance."",
  ""examples"": [],
  ""gaap_rationale"": """"
}"
14209,"Security Deposits:Security Deposit Plascencia, Lizbeth",2024-01-01,,D,10000,2,Asset,"{
  ""subcategory"": ""Current Asset - Deposits"",
  ""normal_balance"": ""Debit"",
  ""cash_flow_classification"": ""Operating Activities"",
  ""cost_center"": ""CC-0000"",
  ""gaap_classification"": ""US-GAAP Asset"",
  ""detailed_description"": ""Security Deposits:Security Deposit Plascencia, Lizbeth - This account is used to record transactions related to Security Deposits:Security Deposit Plascencia, Lizbeth.\n\nPurpose: This account tracks asset items specifically related to security deposits:security deposit plascencia, lizbeth. It is classified under Current Asset - Deposits in accordance with US-GAAP standards.\n\nTransaction Examples:\n- Recording of security deposits:security deposit plascencia, lizbeth transactions\n- Adjustments related to security deposits:security deposit plascencia, lizbeth\n- Period-end reconciliation and reporting\n\nGAAP Rationale: This account follows US-GAAP classification standards for asset accounts. It maintains proper segregation of duties and ensures accurate financial reporting in compliance with generally accepted accounting principles.\n\nWhen NOT to Use: Do not use this account for transactions that belong to other asset categories or for items that should be classified under different account types. Ensure proper authorization and documentation before posting entries.\n\nCross-References: Related accounts include other asset accounts within the Current Asset - Deposits classification. Review the complete chart of accounts for proper account selection.\n\nFrequency: This account appears in 1 legacy account(s) across 1 company/companies, indicating high standardization importance."",
  ""examples"": [],
  ""gaap_rationale"": """"
}"
14278,Security Deposits:Security Deposits MD:Security Deposits 1025 Jaguar Blvd,2024-01-01,,D,10000,2,Asset,"{
  ""subcategory"": ""Current Asset - Deposits"",
  ""normal_balance"": ""Debit"",
  ""cash_flow_classification"": ""Operating Activities"",
  ""cost_center"": ""CC-0000"",
  ""gaap_classification"": ""US-GAAP Asset"",
  ""detailed_description"": ""Security Deposits:Security Deposits MD:Security Deposits 1025 Jaguar Blvd - This account is used to record transactions related to Security Deposits:Security Deposits MD:Security Deposits 1025 Jaguar Blvd.\n\nPurpose: This account tracks asset items specifically related to security deposits:security deposits md:security deposits 1025 jaguar blvd. It is classified under Current Asset - Deposits in accordance with US-GAAP standards.\n\nTransaction Examples:\n- Recording of security deposits:security deposits md:security deposits 1025 jaguar blvd transactions\n- Adjustments related to security deposits:security deposits md:security deposits 1025 jaguar blvd\n- Period-end reconciliation and reporting\n\nGAAP Rationale: This account follows US-GAAP classification standards for asset accounts. It maintains proper segregation of duties and ensures accurate financial reporting in compliance with generally accepted accounting principles.\n\nWhen NOT to Use: Do not use this account for transactions that belong to other asset categories or for items that should be classified under different account types. Ensure proper authorization and documentation before posting entries.\n\nCross-References: Related accounts include other asset accounts within the Current Asset - Deposits classification. Review the complete chart of accounts for proper account selection.\n\nFrequency: This account appears in 2 legacy account(s) across 1 company/companies, indicating high standardization importance."",
  ""examples"": [],
  ""gaap_rationale"": """"
}"
14347,Security Deposits:Security Deposits MD:Security Deposits 217 E 12th ST,2024-01-01,,D,10000,2,Asset,"{
  ""subcategory"": ""Current Asset - Deposits"",
  ""normal_balance"": ""Debit"",
  ""cash_flow_classification"": ""Operating Activities"",
  ""cost_center"": ""CC-0000"",
  ""gaap_classification"": ""US-GAAP Asset"",
  ""detailed_description"": ""Security Deposits:Security Deposits MD:Security Deposits 217 E 12th ST - This account is used to record transactions related to Security Deposits:Security Deposits MD:Security Deposits 217 E 12th ST.\n\nPurpose: This account tracks asset items specifically related to security deposits:security deposits md:security deposits 217 e 12th st. It is classified under Current Asset - Deposits in accordance with US-GAAP standards.\n\nTransaction Examples:\n- Recording of security deposits:security deposits md:security deposits 217 e 12th st transactions\n- Adjustments related to security deposits:security deposits md:security deposits 217 e 12th st\n- Period-end reconciliation and reporting\n\nGAAP Rationale: This account follows US-GAAP classification standards for asset accounts. It maintains proper segregation of duties and ensures accurate financial reporting in compliance with generally accepted accounting principles.\n\nWhen NOT to Use: Do not use this account for transactions that belong to other asset categories or for items that should be classified under different account types. Ensure proper authorization and documentation before posting entries.\n\nCross-References: Related accounts include other asset accounts within the Current Asset - Deposits classification. Review the complete chart of accounts for proper account selection.\n\nFrequency: This account appears in 2 legacy account(s) across 1 company/companies, indicating high standardization importance."",
  ""examples"": [],
  ""gaap_rationale"": """"
}"
14416,Security Deposits:Security Deposits MD:Security Deposits 2213 Armour Rd,2024-01-01,,D,10000,2,Asset,"{
  ""subcategory"": ""Current Asset - Deposits"",
  ""normal_balance"": ""Debit"",
  ""cash_flow_classification"": ""Operating Activities"",
  ""cost_center"": ""CC-0000"",
  ""gaap_classification"": ""US-GAAP Asset"",
  ""detailed_description"": ""Security Deposits:Security Deposits MD:Security Deposits 2213 Armour Rd - This account is used to record transactions related to Security Deposits:Security Deposits MD:Security Deposits 2213 Armour Rd.\n\nPurpose: This account tracks asset items specifically related to security deposits:security deposits md:security deposits 2213 armour rd. It is classified under Current Asset - Deposits in accordance with US-GAAP standards.\n\nTransaction Examples:\n- Recording of security deposits:security deposits md:security deposits 2213 armour rd transactions\n- Adjustments related to security deposits:security deposits md:security deposits 2213 armour rd\n- Period-end reconciliation and reporting\n\nGAAP Rationale: This account follows US-GAAP classification standards for asset accounts. It maintains proper segregation of duties and ensures accurate financial reporting in compliance with generally accepted accounting principles.\n\nWhen NOT to Use: Do not use this account for transactions that belong to other asset categories or for items that should be classified under different account types. Ensure proper authorization and documentation before posting entries.\n\nCross-References: Related accounts include other asset accounts within the Current Asset - Deposits classification. Review the complete chart of accounts for proper account selection.\n\nFrequency: This account appears in 2 legacy account(s) across 1 company/companies, indicating high standardization importance."",
  ""examples"": [],
  ""gaap_rationale"": """"
}"
14485,Security Deposits:Security Deposits MD:Security Deposits 2435 NW 52 St,2024-01-01,,D,10000,2,Asset,"{
  ""subcategory"": ""Current Asset - Deposits"",
  ""normal_balance"": ""Debit"",
  ""cash_flow_classification"": ""Operating Activities"",
  ""cost_center"": ""CC-0000"",
  ""gaap_classification"": ""US-GAAP Asset"",
  ""detailed_description"": ""Security Deposits:Security Deposits MD:Security Deposits 2435 NW 52 St - This account is used to record transactions related to Security Deposits:Security Deposits MD:Security Deposits 2435 NW 52 St.\n\nPurpose: This account tracks asset items specifically related to security deposits:security deposits md:security deposits 2435 nw 52 st. It is classified under Current Asset - Deposits in accordance with US-GAAP standards.\n\nTransaction Examples:\n- Recording of security deposits:security deposits md:security deposits 2435 nw 52 st transactions\n- Adjustments related to security deposits:security deposits md:security deposits 2435 nw 52 st\n- Period-end reconciliation and reporting\n\nGAAP Rationale: This account follows US-GAAP classification standards for asset accounts. It maintains proper segregation of duties and ensures accurate financial reporting in compliance with generally accepted accounting principles.\n\nWhen NOT to Use: Do not use this account for transactions that belong to other asset categories or for items that should be classified under different account types. Ensure proper authorization and documentation before posting entries.\n\nCross-References: Related accounts include other asset accounts within the Current Asset - Deposits classification. Review the complete chart of accounts for proper account selection.\n\nFrequency: This account appears in 2 legacy account(s) across 1 company/companies, indicating high standardization importance."",
  ""examples"": [],
  ""gaap_rationale"": """"
}"
14554,Security Deposits:Security Deposits MD:Security Deposits 337 Harry Ave,2024-01-01,,D,10000,2,Asset,"{
  ""subcategory"": ""Current Asset - Deposits"",
  ""normal_balance"": ""Debit"",
  ""cash_flow_classification"": ""Operating Activities"",
  ""cost_center"": ""CC-0000"",
  ""gaap_classification"": ""US-GAAP Asset"",
  ""detailed_description"": ""Security Deposits:Security Deposits MD:Security Deposits 337 Harry Ave - This account is used to record transactions related to Security Deposits:Security Deposits MD:Security Deposits 337 Harry Ave.\n\nPurpose: This account tracks asset items specifically related to security deposits:security deposits md:security deposits 337 harry ave. It is classified under Current Asset - Deposits in accordance with US-GAAP standards.\n\nTransaction Examples:\n- Recording of security deposits:security deposits md:security deposits 337 harry ave transactions\n- Adjustments related to security deposits:security deposits md:security deposits 337 harry ave\n- Period-end reconciliation and reporting\n\nGAAP Rationale: This account follows US-GAAP classification standards for asset accounts. It maintains proper segregation of duties and ensures accurate financial reporting in compliance with generally accepted accounting principles.\n\nWhen NOT to Use: Do not use this account for transactions that belong to other asset categories or for items that should be classified under different account types. Ensure proper authorization and documentation before posting entries.\n\nCross-References: Related accounts include other asset accounts within the Current Asset - Deposits classification. Review the complete chart of accounts for proper account selection.\n\nFrequency: This account appears in 3 legacy account(s) across 1 company/companies, indicating high standardization importance."",
  ""examples"": [],
  ""gaap_rationale"": """"
}"
14623,Security Deposits:Security Deposits MD:Security Deposits 4528 24th St W,2024-01-01,,D,10000,2,Asset,"{
  ""subcategory"": ""Current Asset - Deposits"",
  ""normal_balance"": ""Debit"",
  ""cash_flow_classification"": ""Operating Activities"",
  ""cost_center"": ""CC-0000"",
  ""gaap_classification"": ""US-GAAP Asset"",
  ""detailed_description"": ""Security Deposits:Security Deposits MD:Security Deposits 4528 24th St W - This account is used to record transactions related to Security Deposits:Security Deposits MD:Security Deposits 4528 24th St W.\n\nPurpose: This account tracks asset items specifically related to security deposits:security deposits md:security deposits 4528 24th st w. It is classified under Current Asset - Deposits in accordance with US-GAAP standards.\n\nTransaction Examples:\n- Recording of security deposits:security deposits md:security deposits 4528 24th st w transactions\n- Adjustments related to security deposits:security deposits md:security deposits 4528 24th st w\n- Period-end reconciliation and reporting\n\nGAAP Rationale: This account follows US-GAAP classification standards for asset accounts. It maintains proper segregation of duties and ensures accurate financial reporting in compliance with generally accepted accounting principles.\n\nWhen NOT to Use: Do not use this account for transactions that belong to other asset categories or for items that should be classified under different account types. Ensure proper authorization and documentation before posting entries.\n\nCross-References: Related accounts include other asset accounts within the Current Asset - Deposits classification. Review the complete chart of accounts for proper account selection.\n\nFrequency: This account appears in 2 legacy account(s) across 1 company/companies, indicating high standardization importance."",
  ""examples"": [],
  ""gaap_rationale"": """"
}"
14692,Security Deposits:Security Deposits MD:Security Deposits 655 Keller,2024-01-01,,D,10000,2,Asset,"{
  ""subcategory"": ""Current Asset - Deposits"",
  ""normal_balance"": ""Debit"",
  ""cash_flow_classification"": ""Operating Activities"",
  ""cost_center"": ""CC-0000"",
  ""gaap_classification"": ""US-GAAP Asset"",
  ""detailed_description"": ""Security Deposits:Security Deposits MD:Security Deposits 655 Keller - This account is used to record transactions related to Security Deposits:Security Deposits MD:Security Deposits 655 Keller.\n\nPurpose: This account tracks asset items specifically related to security deposits:security deposits md:security deposits 655 keller. It is classified under Current Asset - Deposits in accordance with US-GAAP standards.\n\nTransaction Examples:\n- Recording of security deposits:security deposits md:security deposits 655 keller transactions\n- Adjustments related to security deposits:security deposits md:security deposits 655 keller\n- Period-end reconciliation and reporting\n\nGAAP Rationale: This account follows US-GAAP classification standards for asset accounts. It maintains proper segregation of duties and ensures accurate financial reporting in compliance with generally accepted accounting principles.\n\nWhen NOT to Use: Do not use this account for transactions that belong to other asset categories or for items that should be classified under different account types. Ensure proper authorization and documentation before posting entries.\n\nCross-References: Related accounts include other asset accounts within the Current Asset - Deposits classification. Review the complete chart of accounts for proper account selection.\n\nFrequency: This account appears in 1 legacy account(s) across 1 company/companies, indicating high standardization importance."",
  ""examples"": [],
  ""gaap_rationale"": """"
}"
14761,Security Deposits:Security Deposits Roman:Security Deposits 16910 Carmen Ave,2024-01-01,,D,10000,2,Asset,"{
  ""subcategory"": ""Current Asset - Deposits"",
  ""normal_balance"": ""Debit"",
  ""cash_flow_classification"": ""Operating Activities"",
  ""cost_center"": ""CC-0000"",
  ""gaap_classification"": ""US-GAAP Asset"",
  ""detailed_description"": ""Security Deposits:Security Deposits Roman:Security Deposits 16910 Carmen Ave - This account is used to record transactions related to Security Deposits:Security Deposits Roman:Security Deposits 16910 Carmen Ave.\n\nPurpose: This account tracks asset items specifically related to security deposits:security deposits roman:security deposits 16910 carmen ave. It is classified under Current Asset - Deposits in accordance with US-GAAP standards.\n\nTransaction Examples:\n- Recording of security deposits:security deposits roman:security deposits 16910 carmen ave transactions\n- Adjustments related to security deposits:security deposits roman:security deposits 16910 carmen ave\n- Period-end reconciliation and reporting\n\nGAAP Rationale: This account follows US-GAAP classification standards for asset accounts. It maintains proper segregation of duties and ensures accurate financial reporting in compliance with generally accepted accounting principles.\n\nWhen NOT to Use: Do not use this account for transactions that belong to other asset categories or for items that should be classified under different account types. Ensure proper authorization and documentation before posting entries.\n\nCross-References: Related accounts include other asset accounts within the Current Asset - Deposits classification. Review the complete chart of accounts for proper account selection.\n\nFrequency: This account appears in 4 legacy account(s) across 1 company/companies, indicating high standardization importance."",
  ""examples"": [],
  ""gaap_rationale"": """"
}"
14830,Security Deposits:Security Deposits Roman:Security Deposits 923 Greystone,2024-01-01,,D,10000,2,Asset,"{
  ""subcategory"": ""Current Asset - Deposits"",
  ""normal_balance"": ""Debit"",
  ""cash_flow_classification"": ""Operating Activities"",
  ""cost_center"": ""CC-0000"",
  ""gaap_classification"": ""US-GAAP Asset"",
  ""detailed_description"": ""Security Deposits:Security Deposits Roman:Security Deposits 923 Greystone - This account is used to record transactions related to Security Deposits:Security Deposits Roman:Security Deposits 923 Greystone.\n\nPurpose: This account tracks asset items specifically related to security deposits:security deposits roman:security deposits 923 greystone. It is classified under Current Asset - Deposits in accordance with US-GAAP standards.\n\nTransaction Examples:\n- Recording of security deposits:security deposits roman:security deposits 923 greystone transactions\n- Adjustments related to security deposits:security deposits roman:security deposits 923 greystone\n- Period-end reconciliation and reporting\n\nGAAP Rationale: This account follows US-GAAP classification standards for asset accounts. It maintains proper segregation of duties and ensures accurate financial reporting in compliance with generally accepted accounting principles.\n\nWhen NOT to Use: Do not use this account for transactions that belong to other asset categories or for items that should be classified under different account types. Ensure proper authorization and documentation before posting entries.\n\nCross-References: Related accounts include other asset accounts within the Current Asset - Deposits classification. Review the complete chart of accounts for proper account selection.\n\nFrequency: This account appears in 2 legacy account(s) across 1 company/companies, indicating high standardization importance."",
  ""examples"": [],
  ""gaap_rationale"": """"
}"
14899,Vehicle Loan,2024-01-01,,D,10000,2,Asset,"{
  ""subcategory"": ""Fixed Asset - Vehicles"",
  ""normal_balance"": ""Debit"",
  ""cash_flow_classification"": ""Investing Activities"",
  ""cost_center"": ""CC-0000"",
  ""gaap_classification"": ""US-GAAP Asset"",
  ""detailed_description"": ""Vehicle Loan - This account is used to record transactions related to Vehicle Loan.\n\nPurpose: This account tracks asset items specifically related to vehicle loan. It is classified under Fixed Asset - Vehicles in accordance with US-GAAP standards.\n\nTransaction Examples:\n- Recording of vehicle loan transactions\n- Adjustments related to vehicle loan\n- Period-end reconciliation and reporting\n\nGAAP Rationale: This account follows US-GAAP classification standards for asset accounts. It maintains proper segregation of duties and ensures accurate financial reporting in compliance with generally accepted accounting principles.\n\nWhen NOT to Use: Do not use this account for transactions that belong to other asset categories or for items that should be classified under different account types. Ensure proper authorization and documentation before posting entries.\n\nCross-References: Related accounts include other asset accounts within the Fixed Asset - Vehicles classification. Review the complete chart of accounts for proper account selection.\n\nFrequency: This account appears in 1 legacy account(s) across 1 company/companies, indicating high standardization importance."",
  ""examples"": [],
  ""gaap_rationale"": """"
}"
14968,Property Insurance Claims,2024-01-01,,D,10000,2,Asset,"{
  ""subcategory"": ""Fixed Asset - Property"",
  ""normal_balance"": ""Debit"",
  ""cash_flow_classification"": ""Investing Activities"",
  ""cost_center"": ""CC-0000"",
  ""gaap_classification"": ""US-GAAP Asset"",
  ""detailed_description"": ""Property Insurance Claims - This account is used to record transactions related to Property Insurance Claims.\n\nPurpose: This account tracks asset items specifically related to property insurance claims. It is classified under Fixed Asset - Property in accordance with US-GAAP standards.\n\nTransaction Examples:\n- Recording of property insurance claims transactions\n- Adjustments related to property insurance claims\n- Period-end reconciliation and reporting\n\nGAAP Rationale: This account follows US-GAAP classification standards for asset accounts. It maintains proper segregation of duties and ensures accurate financial reporting in compliance with generally accepted accounting principles.\n\nWhen NOT to Use: Do not use this account for transactions that belong to other asset categories or for items that should be classified under different account types. Ensure proper authorization and documentation before posting entries.\n\nCross-References: Related accounts include other asset accounts within the Fixed Asset - Property classification. Review the complete chart of accounts for proper account selection.\n\nFrequency: This account appears in 1 legacy account(s) across 1 company/companies, indicating high standardization importance."",
  ""examples"": [],
  ""gaap_rationale"": """"
}"
15037,Chase - Ennovation Business Checking - (6286),2024-01-01,,D,10000,2,Asset,"{
  ""subcategory"": ""Current Asset - Cash and Cash Equivalents"",
  ""normal_balance"": ""Debit"",
  ""cash_flow_classification"": ""Operating Activities"",
  ""cost_center"": ""CC-0000"",
  ""gaap_classification"": ""US-GAAP Asset"",
  ""detailed_description"": ""Chase - Ennovation Business Checking - (6286) - This account is used to record transactions related to Chase - Ennovation Business Checking - (6286).\n\nPurpose: This account tracks asset items specifically related to chase - ennovation business checking - (6286). It is classified under Current Asset - Cash and Cash Equivalents in accordance with US-GAAP standards.\n\nTransaction Examples:\n- Recording of chase - ennovation business checking - (6286) transactions\n- Adjustments related to chase - ennovation business checking - (6286)\n- Period-end reconciliation and reporting\n\nGAAP Rationale: This account follows US-GAAP classification standards for asset accounts. It maintains proper segregation of duties and ensures accurate financial reporting in compliance with generally accepted accounting principles.\n\nWhen NOT to Use: Do not use this account for transactions that belong to other asset categories or for items that should be classified under different account types. Ensure proper authorization and documentation before posting entries.\n\nCross-References: Related accounts include other asset accounts within the Current Asset - Cash and Cash Equivalents classification. Review the complete chart of accounts for proper account selection.\n\nFrequency: This account appears in 1 legacy account(s) across 1 company/companies, indicating high standardization importance."",
  ""examples"": [],
  ""gaap_rationale"": """"
}"
15106,Chase - Ennovation Business Savings - (3781),2024-01-01,,D,10000,2,Asset,"{
  ""subcategory"": ""Current Asset - Cash and Cash Equivalents"",
  ""normal_balance"": ""Debit"",
  ""cash_flow_classification"": ""Operating Activities"",
  ""cost_center"": ""CC-0000"",
  ""gaap_classification"": ""US-GAAP Asset"",
  ""detailed_description"": ""Chase - Ennovation Business Savings - (3781) - This account is used to record transactions related to Chase - Ennovation Business Savings - (3781).\n\nPurpose: This account tracks asset items specifically related to chase - ennovation business savings - (3781). It is classified under Current Asset - Cash and Cash Equivalents in accordance with US-GAAP standards.\n\nTransaction Examples:\n- Recording of chase - ennovation business savings - (3781) transactions\n- Adjustments related to chase - ennovation business savings - (3781)\n- Period-end reconciliation and reporting\n\nGAAP Rationale: This account follows US-GAAP classification standards for asset accounts. It maintains proper segregation of duties and ensures accurate financial reporting in compliance with generally accepted accounting principles.\n\nWhen NOT to Use: Do not use this account for transactions that belong to other asset categories or for items that should be classified under different account types. Ensure proper authorization and documentation before posting entries.\n\nCross-References: Related accounts include other asset accounts within the Current Asset - Cash and Cash Equivalents classification. Review the complete chart of accounts for proper account selection.\n\nFrequency: This account appears in 1 legacy account(s) across 1 company/companies, indicating high standardization importance."",
  ""examples"": [],
  ""gaap_rationale"": """"
}"
15175,BOA Corp Parent 0105:Bank of America - CORP Account - Ennovation Business CC - (0105),2024-01-01,,D,10000,2,Asset,"{
  ""subcategory"": ""Current Asset - Cash and Cash Equivalents"",
  ""normal_balance"": ""Debit"",
  ""cash_flow_classification"": ""Operating Activities"",
  ""cost_center"": ""CC-0000"",
  ""gaap_classification"": ""US-GAAP Asset"",
  ""detailed_description"": ""BOA Corp Parent 0105:Bank of America - CORP Account - Ennovation Business CC - (0105) - This account is used to record transactions related to BOA Corp Parent 0105:Bank of America - CORP Account - Ennovation Business CC - (0105).\n\nPurpose: This account tracks asset items specifically related to boa corp parent 0105:bank of america - corp account - ennovation business cc - (0105). It is classified under Current Asset - Cash and Cash Equivalents in accordance with US-GAAP standards.\n\nTransaction Examples:\n- Recording of boa corp parent 0105:bank of america - corp account - ennovation business cc - (0105) transactions\n- Adjustments related to boa corp parent 0105:bank of america - corp account - ennovation business cc - (0105)\n- Period-end reconciliation and reporting\n\nGAAP Rationale: This account follows US-GAAP classification standards for asset accounts. It maintains proper segregation of duties and ensures accurate financial reporting in compliance with generally accepted accounting principles.\n\nWhen NOT to Use: Do not use this account for transactions that belong to other asset categories or for items that should be classified under different account types. Ensure proper authorization and documentation before posting entries.\n\nCross-References: Related accounts include other asset accounts within the Current Asset - Cash and Cash Equivalents classification. Review the complete chart of accounts for proper account selection.\n\nFrequency: This account appears in 2 legacy account(s) across 1 company/companies, indicating high standardization importance."",
  ""examples"": [],
  ""gaap_rationale"": """"
}"
15244,US Bank - Envision Trials Business CC - (5323),2024-01-01,,D,10000,2,Asset,"{
  ""subcategory"": ""Current Asset - Cash and Cash Equivalents"",
  ""normal_balance"": ""Debit"",
  ""cash_flow_classification"": ""Operating Activities"",
  ""cost_center"": ""CC-0000"",
  ""gaap_classification"": ""US-GAAP Asset"",
  ""detailed_description"": ""US Bank - Envision Trials Business CC - (5323) - This account is used to record transactions related to US Bank - Envision Trials Business CC - (5323).\n\nPurpose: This account tracks asset items specifically related to us bank - envision trials business cc - (5323). It is classified under Current Asset - Cash and Cash Equivalents in accordance with US-GAAP standards.\n\nTransaction Examples:\n- Recording of us bank - envision trials business cc - (5323) transactions\n- Adjustments related to us bank - envision trials business cc - (5323)\n- Period-end reconciliation and reporting\n\nGAAP Rationale: This account follows US-GAAP classification standards for asset accounts. It maintains proper segregation of duties and ensures accurate financial reporting in compliance with generally accepted accounting principles.\n\nWhen NOT to Use: Do not use this account for transactions that belong to other asset categories or for items that should be classified under different account types. Ensure proper authorization and documentation before posting entries.\n\nCross-References: Related accounts include other asset accounts within the Current Asset - Cash and Cash Equivalents classification. Review the complete chart of accounts for proper account selection.\n\nFrequency: This account appears in 2 legacy account(s) across 1 company/companies, indicating high standardization importance."",
  ""examples"": [],
  ""gaap_rationale"": """"
}"
15313,Bank Charges,2024-01-01,,D,10000,2,Asset,"{
  ""subcategory"": ""Current Asset - Cash and Cash Equivalents"",
  ""normal_balance"": ""Debit"",
  ""cash_flow_classification"": ""Operating Activities"",
  ""cost_center"": ""CC-0000"",
  ""gaap_classification"": ""US-GAAP Asset"",
  ""detailed_description"": ""Bank Charges - This account is used to record transactions related to Bank Charges.\n\nPurpose: This account tracks asset items specifically related to bank charges. It is classified under Current Asset - Cash and Cash Equivalents in accordance with US-GAAP standards.\n\nTransaction Examples:\n- Recording of bank charges transactions\n- Adjustments related to bank charges\n- Period-end reconciliation and reporting\n\nGAAP Rationale: This account follows US-GAAP classification standards for asset accounts. It maintains proper segregation of duties and ensures accurate financial reporting in compliance with generally accepted accounting principles.\n\nWhen NOT to Use: Do not use this account for transactions that belong to other asset categories or for items that should be classified under different account types. Ensure proper authorization and documentation before posting entries.\n\nCross-References: Related accounts include other asset accounts within the Current Asset - Cash and Cash Equivalents classification. Review the complete chart of accounts for proper account selection.\n\nFrequency: This account appears in 3 legacy account(s) across 3 company/companies, indicating high standardization importance."",
  ""examples"": [],
  ""gaap_rationale"": """"
}"
15382,CHASE - Primary CHK - (7818),2024-01-01,,D,10000,2,Asset,"{
  ""subcategory"": ""Asset - General"",
  ""normal_balance"": ""Debit"",
  ""cash_flow_classification"": ""Operating Activities"",
  ""cost_center"": ""CC-0000"",
  ""gaap_classification"": ""US-GAAP Asset"",
  ""detailed_description"": ""CHASE - Primary CHK - (7818) - This account is used to record transactions related to CHASE - Primary CHK - (7818).\n\nPurpose: This account tracks asset items specifically related to chase - primary chk - (7818). It is classified under Asset - General in accordance with US-GAAP standards.\n\nTransaction Examples:\n- Recording of chase - primary chk - (7818) transactions\n- Adjustments related to chase - primary chk - (7818)\n- Period-end reconciliation and reporting\n\nGAAP Rationale: This account follows US-GAAP classification standards for asset accounts. It maintains proper segregation of duties and ensures accurate financial reporting in compliance with generally accepted accounting principles.\n\nWhen NOT to Use: Do not use this account for transactions that belong to other asset categories or for items that should be classified under different account types. Ensure proper authorization and documentation before posting entries.\n\nCross-References: Related accounts include other asset accounts within the Asset - General classification. Review the complete chart of accounts for proper account selection.\n\nFrequency: This account appears in 1 legacy account(s) across 1 company/companies, indicating high standardization importance."",
  ""examples"": [],
  ""gaap_rationale"": """"
}"
15451,CHASE - Primary SAV - (7685),2024-01-01,,D,10000,2,Asset,"{
  ""subcategory"": ""Asset - General"",
  ""normal_balance"": ""Debit"",
  ""cash_flow_classification"": ""Operating Activities"",
  ""cost_center"": ""CC-0000"",
  ""gaap_classification"": ""US-GAAP Asset"",
  ""detailed_description"": ""CHASE - Primary SAV - (7685) - This account is used to record transactions related to CHASE - Primary SAV - (7685).\n\nPurpose: This account tracks asset items specifically related to chase - primary sav - (7685). It is classified under Asset - General in accordance with US-GAAP standards.\n\nTransaction Examples:\n- Recording of chase - primary sav - (7685) transactions\n- Adjustments related to chase - primary sav - (7685)\n- Period-end reconciliation and reporting\n\nGAAP Rationale: This account follows US-GAAP classification standards for asset accounts. It maintains proper segregation of duties and ensures accurate financial reporting in compliance with generally accepted accounting principles.\n\nWhen NOT to Use: Do not use this account for transactions that belong to other asset categories or for items that should be classified under different account types. Ensure proper authorization and documentation before posting entries.\n\nCross-References: Related accounts include other asset accounts within the Asset - General classification. Review the complete chart of accounts for proper account selection.\n\nFrequency: This account appears in 1 legacy account(s) across 1 company/companies, indicating high standardization importance."",
  ""examples"": [],
  ""gaap_rationale"": """"
}"
15520,CHASE - Stipends CHK - (1923),2024-01-01,,D,10000,2,Asset,"{
  ""subcategory"": ""Asset - General"",
  ""normal_balance"": ""Debit"",
  ""cash_flow_classification"": ""Operating Activities"",
  ""cost_center"": ""CC-0000"",
  ""gaap_classification"": ""US-GAAP Asset"",
  ""detailed_description"": ""CHASE - Stipends CHK - (1923) - This account is used to record transactions related to CHASE - Stipends CHK - (1923).\n\nPurpose: This account tracks asset items specifically related to chase - stipends chk - (1923). It is classified under Asset - General in accordance with US-GAAP standards.\n\nTransaction Examples:\n- Recording of chase - stipends chk - (1923) transactions\n- Adjustments related to chase - stipends chk - (1923)\n- Period-end reconciliation and reporting\n\nGAAP Rationale: This account follows US-GAAP classification standards for asset accounts. It maintains proper segregation of duties and ensures accurate financial reporting in compliance with generally accepted accounting principles.\n\nWhen NOT to Use: Do not use this account for transactions that belong to other asset categories or for items that should be classified under different account types. Ensure proper authorization and documentation before posting entries.\n\nCross-References: Related accounts include other asset accounts within the Asset - General classification. Review the complete chart of accounts for proper account selection.\n\nFrequency: This account appears in 1 legacy account(s) across 1 company/companies, indicating high standardization importance."",
  ""examples"": [],
  ""gaap_rationale"": """"
}"
15589,Patient Stipends - Savings,2024-01-01,,D,10000,2,Asset,"{
  ""subcategory"": ""Current Asset - Cash and Cash Equivalents"",
  ""normal_balance"": ""Debit"",
  ""cash_flow_classification"": ""Operating Activities"",
  ""cost_center"": ""CC-0000"",
  ""gaap_classification"": ""US-GAAP Asset"",
  ""detailed_description"": ""Patient Stipends - Savings - This account is used to record transactions related to Patient Stipends - Savings.\n\nPurpose: This account tracks asset items specifically related to patient stipends - savings. It is classified under Current Asset - Cash and Cash Equivalents in accordance with US-GAAP standards.\n\nTransaction Examples:\n- Recording of patient stipends - savings transactions\n- Adjustments related to patient stipends - savings\n- Period-end reconciliation and reporting\n\nGAAP Rationale: This account follows US-GAAP classification standards for asset accounts. It maintains proper segregation of duties and ensures accurate financial reporting in compliance with generally accepted accounting principles.\n\nWhen NOT to Use: Do not use this account for transactions that belong to other asset categories or for items that should be classified under different account types. Ensure proper authorization and documentation before posting entries.\n\nCross-References: Related accounts include other asset accounts within the Current Asset - Cash and Cash Equivalents classification. Review the complete chart of accounts for proper account selection.\n\nFrequency: This account appears in 1 legacy account(s) across 1 company/companies, indicating high standardization importance."",
  ""examples"": [],
  ""gaap_rationale"": """"
}"
15658,PayPal Bank,2024-01-01,,D,10000,2,Asset,"{
  ""subcategory"": ""Current Asset - Cash and Cash Equivalents"",
  ""normal_balance"": ""Debit"",
  ""cash_flow_classification"": ""Operating Activities"",
  ""cost_center"": ""CC-0000"",
  ""gaap_classification"": ""US-GAAP Asset"",
  ""detailed_description"": ""PayPal Bank - This account is used to record transactions related to PayPal Bank.\n\nPurpose: This account tracks asset items specifically related to paypal bank. It is classified under Current Asset - Cash and Cash Equivalents in accordance with US-GAAP standards.\n\nTransaction Examples:\n- Recording of paypal bank transactions\n- Adjustments related to paypal bank\n- Period-end reconciliation and reporting\n\nGAAP Rationale: This account follows US-GAAP classification standards for asset accounts. It maintains proper segregation of duties and ensures accurate financial reporting in compliance with generally accepted accounting principles.\n\nWhen NOT to Use: Do not use this account for transactions that belong to other asset categories or for items that should be classified under different account types. Ensure proper authorization and documentation before posting entries.\n\nCross-References: Related accounts include other asset accounts within the Current Asset - Cash and Cash Equivalents classification. Review the complete chart of accounts for proper account selection.\n\nFrequency: This account appears in 1 legacy account(s) across 1 company/companies, indicating high standardization importance."",
  ""examples"": [],
  ""gaap_rationale"": """"
}"
15727,PayPal CHK Account,2024-01-01,,D,10000,2,Asset,"{
  ""subcategory"": ""Asset - General"",
  ""normal_balance"": ""Debit"",
  ""cash_flow_classification"": ""Operating Activities"",
  ""cost_center"": ""CC-0000"",
  ""gaap_classification"": ""US-GAAP Asset"",
  ""detailed_description"": ""PayPal CHK Account - This account is used to record transactions related to PayPal CHK Account.\n\nPurpose: This account tracks asset items specifically related to paypal chk account. It is classified under Asset - General in accordance with US-GAAP standards.\n\nTransaction Examples:\n- Recording of paypal chk account transactions\n- Adjustments related to paypal chk account\n- Period-end reconciliation and reporting\n\nGAAP Rationale: This account follows US-GAAP classification standards for asset accounts. It maintains proper segregation of duties and ensures accurate financial reporting in compliance with generally accepted accounting principles.\n\nWhen NOT to Use: Do not use this account for transactions that belong to other asset categories or for items that should be classified under different account types. Ensure proper authorization and documentation before posting entries.\n\nCross-References: Related accounts include other asset accounts within the Asset - General classification. Review the complete chart of accounts for proper account selection.\n\nFrequency: This account appears in 1 legacy account(s) across 1 company/companies, indicating high standardization importance."",
  ""examples"": [],
  ""gaap_rationale"": """"
}"
15796,CC - US Bank - (5323),2024-01-01,,D,10000,2,Asset,"{
  ""subcategory"": ""Current Asset - Cash and Cash Equivalents"",
  ""normal_balance"": ""Debit"",
  ""cash_flow_classification"": ""Operating Activities"",
  ""cost_center"": ""CC-0000"",
  ""gaap_classification"": ""US-GAAP Asset"",
  ""detailed_description"": ""CC - US Bank - (5323) - This account is used to record transactions related to CC - US Bank - (5323).\n\nPurpose: This account tracks asset items specifically related to cc - us bank - (5323). It is classified under Current Asset - Cash and Cash Equivalents in accordance with US-GAAP standards.\n\nTransaction Examples:\n- Recording of cc - us bank - (5323) transactions\n- Adjustments related to cc - us bank - (5323)\n- Period-end reconciliation and reporting\n\nGAAP Rationale: This account follows US-GAAP classification standards for asset accounts. It maintains proper segregation of duties and ensures accurate financial reporting in compliance with generally accepted accounting principles.\n\nWhen NOT to Use: Do not use this account for transactions that belong to other asset categories or for items that should be classified under different account types. Ensure proper authorization and documentation before posting entries.\n\nCross-References: Related accounts include other asset accounts within the Current Asset - Cash and Cash Equivalents classification. Review the complete chart of accounts for proper account selection.\n\nFrequency: This account appears in 1 legacy account(s) across 1 company/companies, indicating high standardization importance."",
  ""examples"": [],
  ""gaap_rationale"": """"
}"
15865,CC - US Bank - (5584),2024-01-01,,D,10000,2,Asset,"{
  ""subcategory"": ""Current Asset - Cash and Cash Equivalents"",
  ""normal_balance"": ""Debit"",
  ""cash_flow_classification"": ""Operating Activities"",
  ""cost_center"": ""CC-0000"",
  ""gaap_classification"": ""US-GAAP Asset"",
  ""detailed_description"": ""CC - US Bank - (5584) - This account is used to record transactions related to CC - US Bank - (5584).\n\nPurpose: This account tracks asset items specifically related to cc - us bank - (5584). It is classified under Current Asset - Cash and Cash Equivalents in accordance with US-GAAP standards.\n\nTransaction Examples:\n- Recording of cc - us bank - (5584) transactions\n- Adjustments related to cc - us bank - (5584)\n- Period-end reconciliation and reporting\n\nGAAP Rationale: This account follows US-GAAP classification standards for asset accounts. It maintains proper segregation of duties and ensures accurate financial reporting in compliance with generally accepted accounting principles.\n\nWhen NOT to Use: Do not use this account for transactions that belong to other asset categories or for items that should be classified under different account types. Ensure proper authorization and documentation before posting entries.\n\nCross-References: Related accounts include other asset accounts within the Current Asset - Cash and Cash Equivalents classification. Review the complete chart of accounts for proper account selection.\n\nFrequency: This account appears in 1 legacy account(s) across 1 company/companies, indicating high standardization importance."",
  ""examples"": [],
  ""gaap_rationale"": """"
}"
15934,Loan to Others:Loan to Maravilla Cleaners LLC,2024-01-01,,D,10000,2,Asset,"{
  ""subcategory"": ""Asset - General"",
  ""normal_balance"": ""Debit"",
  ""cash_flow_classification"": ""Operating Activities"",
  ""cost_center"": ""CC-0000"",
  ""gaap_classification"": ""US-GAAP Asset"",
  ""detailed_description"": ""Loan to Others:Loan to Maravilla Cleaners LLC - This account is used to record transactions related to Loan to Others:Loan to Maravilla Cleaners LLC.\n\nPurpose: This account tracks asset items specifically related to loan to others:loan to maravilla cleaners llc. It is classified under Asset - General in accordance with US-GAAP standards.\n\nTransaction Examples:\n- Recording of loan to others:loan to maravilla cleaners llc transactions\n- Adjustments related to loan to others:loan to maravilla cleaners llc\n- Period-end reconciliation and reporting\n\nGAAP Rationale: This account follows US-GAAP classification standards for asset accounts. It maintains proper segregation of duties and ensures accurate financial reporting in compliance with generally accepted accounting principles.\n\nWhen NOT to Use: Do not use this account for transactions that belong to other asset categories or for items that should be classified under different account types. Ensure proper authorization and documentation before posting entries.\n\nCross-References: Related accounts include other asset accounts within the Asset - General classification. Review the complete chart of accounts for proper account selection.\n\nFrequency: This account appears in 1 legacy account(s) across 1 company/companies, indicating high standardization importance."",
  ""examples"": [],
  ""gaap_rationale"": """"
}"
16003,Fair Offers CHK (7021) - 2,2024-01-01,,D,10000,2,Asset,"{
  ""subcategory"": ""Asset - General"",
  ""normal_balance"": ""Debit"",
  ""cash_flow_classification"": ""Operating Activities"",
  ""cost_center"": ""CC-0000"",
  ""gaap_classification"": ""US-GAAP Asset"",
  ""detailed_description"": ""Fair Offers CHK (7021) - 2 - This account is used to record transactions related to Fair Offers CHK (7021) - 2.\n\nPurpose: This account tracks asset items specifically related to fair offers chk (7021) - 2. It is classified under Asset - General in accordance with US-GAAP standards.\n\nTransaction Examples:\n- Recording of fair offers chk (7021) - 2 transactions\n- Adjustments related to fair offers chk (7021) - 2\n- Period-end reconciliation and reporting\n\nGAAP Rationale: This account follows US-GAAP classification standards for asset accounts. It maintains proper segregation of duties and ensures accurate financial reporting in compliance with generally accepted accounting principles.\n\nWhen NOT to Use: Do not use this account for transactions that belong to other asset categories or for items that should be classified under different account types. Ensure proper authorization and documentation before posting entries.\n\nCross-References: Related accounts include other asset accounts within the Asset - General classification. Review the complete chart of accounts for proper account selection.\n\nFrequency: This account appears in 1 legacy account(s) across 1 company/companies, indicating high standardization importance."",
  ""examples"": [],
  ""gaap_rationale"": """"
}"
16072,Fair Offers SAV (5513) - 2,2024-01-01,,D,10000,2,Asset,"{
  ""subcategory"": ""Asset - General"",
  ""normal_balance"": ""Debit"",
  ""cash_flow_classification"": ""Operating Activities"",
  ""cost_center"": ""CC-0000"",
  ""gaap_classification"": ""US-GAAP Asset"",
  ""detailed_description"": ""Fair Offers SAV (5513) - 2 - This account is used to record transactions related to Fair Offers SAV (5513) - 2.\n\nPurpose: This account tracks asset items specifically related to fair offers sav (5513) - 2. It is classified under Asset - General in accordance with US-GAAP standards.\n\nTransaction Examples:\n- Recording of fair offers sav (5513) - 2 transactions\n- Adjustments related to fair offers sav (5513) - 2\n- Period-end reconciliation and reporting\n\nGAAP Rationale: This account follows US-GAAP classification standards for asset accounts. It maintains proper segregation of duties and ensures accurate financial reporting in compliance with generally accepted accounting principles.\n\nWhen NOT to Use: Do not use this account for transactions that belong to other asset categories or for items that should be classified under different account types. Ensure proper authorization and documentation before posting entries.\n\nCross-References: Related accounts include other asset accounts within the Asset - General classification. Review the complete chart of accounts for proper account selection.\n\nFrequency: This account appears in 1 legacy account(s) across 1 company/companies, indicating high standardization importance."",
  ""examples"": [],
  ""gaap_rationale"": """"
}"
16141,Blue Business Cash(TM) (1001) - 3,2024-01-01,,D,10000,2,Asset,"{
  ""subcategory"": ""Current Asset - Cash and Cash Equivalents"",
  ""normal_balance"": ""Debit"",
  ""cash_flow_classification"": ""Operating Activities"",
  ""cost_center"": ""CC-0000"",
  ""gaap_classification"": ""US-GAAP Asset"",
  ""detailed_description"": ""Blue Business Cash(TM) (1001) - 3 - This account is used to record transactions related to Blue Business Cash(TM) (1001) - 3.\n\nPurpose: This account tracks asset items specifically related to blue business cash(tm) (1001) - 3. It is classified under Current Asset - Cash and Cash Equivalents in accordance with US-GAAP standards.\n\nTransaction Examples:\n- Recording of blue business cash(tm) (1001) - 3 transactions\n- Adjustments related to blue business cash(tm) (1001) - 3\n- Period-end reconciliation and reporting\n\nGAAP Rationale: This account follows US-GAAP classification standards for asset accounts. It maintains proper segregation of duties and ensures accurate financial reporting in compliance with generally accepted accounting principles.\n\nWhen NOT to Use: Do not use this account for transactions that belong to other asset categories or for items that should be classified under different account types. Ensure proper authorization and documentation before posting entries.\n\nCross-References: Related accounts include other asset accounts within the Current Asset - Cash and Cash Equivalents classification. Review the complete chart of accounts for proper account selection.\n\nFrequency: This account appears in 1 legacy account(s) across 1 company/companies, indicating high standardization importance."",
  ""examples"": [],
  ""gaap_rationale"": """"
}"
16210,Chase - Checking (0921),2024-01-01,,D,10000,2,Asset,"{
  ""subcategory"": ""Current Asset - Cash and Cash Equivalents"",
  ""normal_balance"": ""Debit"",
  ""cash_flow_classification"": ""Operating Activities"",
  ""cost_center"": ""CC-0000"",
  ""gaap_classification"": ""US-GAAP Asset"",
  ""detailed_description"": ""Chase - Checking (0921) - This account is used to record transactions related to Chase - Checking (0921).\n\nPurpose: This account tracks asset items specifically related to chase - checking (0921). It is classified under Current Asset - Cash and Cash Equivalents in accordance with US-GAAP standards.\n\nTransaction Examples:\n- Recording of chase - checking (0921) transactions\n- Adjustments related to chase - checking (0921)\n- Period-end reconciliation and reporting\n\nGAAP Rationale: This account follows US-GAAP classification standards for asset accounts. It maintains proper segregation of duties and ensures accurate financial reporting in compliance with generally accepted accounting principles.\n\nWhen NOT to Use: Do not use this account for transactions that belong to other asset categories or for items that should be classified under different account types. Ensure proper authorization and documentation before posting entries.\n\nCross-References: Related accounts include other asset accounts within the Current Asset - Cash and Cash Equivalents classification. Review the complete chart of accounts for proper account selection.\n\nFrequency: This account appears in 1 legacy account(s) across 1 company/companies, indicating high standardization importance."",
  ""examples"": [],
  ""gaap_rationale"": """"
}"
16279,Chase - Savings (9970),2024-01-01,,D,10000,2,Asset,"{
  ""subcategory"": ""Current Asset - Cash and Cash Equivalents"",
  ""normal_balance"": ""Debit"",
  ""cash_flow_classification"": ""Operating Activities"",
  ""cost_center"": ""CC-0000"",
  ""gaap_classification"": ""US-GAAP Asset"",
  ""detailed_description"": ""Chase - Savings (9970) - This account is used to record transactions related to Chase - Savings (9970).\n\nPurpose: This account tracks asset items specifically related to chase - savings (9970). It is classified under Current Asset - Cash and Cash Equivalents in accordance with US-GAAP standards.\n\nTransaction Examples:\n- Recording of chase - savings (9970) transactions\n- Adjustments related to chase - savings (9970)\n- Period-end reconciliation and reporting\n\nGAAP Rationale: This account follows US-GAAP classification standards for asset accounts. It maintains proper segregation of duties and ensures accurate financial reporting in compliance with generally accepted accounting principles.\n\nWhen NOT to Use: Do not use this account for transactions that belong to other asset categories or for items that should be classified under different account types. Ensure proper authorization and documentation before posting entries.\n\nCross-References: Related accounts include other asset accounts within the Current Asset - Cash and Cash Equivalents classification. Review the complete chart of accounts for proper account selection.\n\nFrequency: This account appears in 1 legacy account(s) across 1 company/companies, indicating high standardization importance."",
  ""examples"": [],
  ""gaap_rationale"": """"
}"
16348,Fixed Asset Equipment,2024-01-01,,D,10000,2,Asset,"{
  ""subcategory"": ""Fixed Asset - Equipment"",
  ""normal_balance"": ""Debit"",
  ""cash_flow_classification"": ""Investing Activities"",
  ""cost_center"": ""CC-0000"",
  ""gaap_classification"": ""US-GAAP Asset"",
  ""detailed_description"": ""Fixed Asset Equipment - This account is used to record transactions related to Fixed Asset Equipment.\n\nPurpose: This account tracks asset items specifically related to fixed asset equipment. It is classified under Fixed Asset - Equipment in accordance with US-GAAP standards.\n\nTransaction Examples:\n- Recording of fixed asset equipment transactions\n- Adjustments related to fixed asset equipment\n- Period-end reconciliation and reporting\n\nGAAP Rationale: This account follows US-GAAP classification standards for asset accounts. It maintains proper segregation of duties and ensures accurate financial reporting in compliance with generally accepted accounting principles.\n\nWhen NOT to Use: Do not use this account for transactions that belong to other asset categories or for items that should be classified under different account types. Ensure proper authorization and documentation before posting entries.\n\nCross-References: Related accounts include other asset accounts within the Fixed Asset - Equipment classification. Review the complete chart of accounts for proper account selection.\n\nFrequency: This account appears in 1 legacy account(s) across 1 company/companies, indicating high standardization importance."",
  ""examples"": [],
  ""gaap_rationale"": """"
}"
16417,Sales:ACH/Zelle/Direct Deposit,2024-01-01,,D,10000,2,Asset,"{
  ""subcategory"": ""Current Asset - Deposits"",
  ""normal_balance"": ""Debit"",
  ""cash_flow_classification"": ""Operating Activities"",
  ""cost_center"": ""CC-0000"",
  ""gaap_classification"": ""US-GAAP Asset"",
  ""detailed_description"": ""Sales:ACH/Zelle/Direct Deposit - This account is used to record transactions related to Sales:ACH/Zelle/Direct Deposit.\n\nPurpose: This account tracks asset items specifically related to sales:ach/zelle/direct deposit. It is classified under Current Asset - Deposits in accordance with US-GAAP standards.\n\nTransaction Examples:\n- Recording of sales:ach/zelle/direct deposit transactions\n- Adjustments related to sales:ach/zelle/direct deposit\n- Period-end reconciliation and reporting\n\nGAAP Rationale: This account follows US-GAAP classification standards for asset accounts. It maintains proper segregation of duties and ensures accurate financial reporting in compliance with generally accepted accounting principles.\n\nWhen NOT to Use: Do not use this account for transactions that belong to other asset categories or for items that should be classified under different account types. Ensure proper authorization and documentation before posting entries.\n\nCross-References: Related accounts include other asset accounts within the Current Asset - Deposits classification. Review the complete chart of accounts for proper account selection.\n\nFrequency: This account appears in 1 legacy account(s) across 1 company/companies, indicating high standardization importance."",
  ""examples"": [],
  ""gaap_rationale"": """"
}"
16486,Sales:Square Deposits,2024-01-01,,D,10000,2,Asset,"{
  ""subcategory"": ""Current Asset - Deposits"",
  ""normal_balance"": ""Debit"",
  ""cash_flow_classification"": ""Operating Activities"",
  ""cost_center"": ""CC-0000"",
  ""gaap_classification"": ""US-GAAP Asset"",
  ""detailed_description"": ""Sales:Square Deposits - This account is used to record transactions related to Sales:Square Deposits.\n\nPurpose: This account tracks asset items specifically related to sales:square deposits. It is classified under Current Asset - Deposits in accordance with US-GAAP standards.\n\nTransaction Examples:\n- Recording of sales:square deposits transactions\n- Adjustments related to sales:square deposits\n- Period-end reconciliation and reporting\n\nGAAP Rationale: This account follows US-GAAP classification standards for asset accounts. It maintains proper segregation of duties and ensures accurate financial reporting in compliance with generally accepted accounting principles.\n\nWhen NOT to Use: Do not use this account for transactions that belong to other asset categories or for items that should be classified under different account types. Ensure proper authorization and documentation before posting entries.\n\nCross-References: Related accounts include other asset accounts within the Current Asset - Deposits classification. Review the complete chart of accounts for proper account selection.\n\nFrequency: This account appears in 1 legacy account(s) across 1 company/companies, indicating high standardization importance."",
  ""examples"": [],
  ""gaap_rationale"": """"
}"
16555,Investment - Bond,2024-01-01,,D,10000,2,Asset,"{
  ""subcategory"": ""Long-term Asset - Investments"",
  ""normal_balance"": ""Debit"",
  ""cash_flow_classification"": ""Investing Activities"",
  ""cost_center"": ""CC-0000"",
  ""gaap_classification"": ""US-GAAP Asset"",
  ""detailed_description"": ""Investment - Bond - This account is used to record transactions related to Investment - Bond.\n\nPurpose: This account tracks asset items specifically related to investment - bond. It is classified under Long-term Asset - Investments in accordance with US-GAAP standards.\n\nTransaction Examples:\n- Recording of investment - bond transactions\n- Adjustments related to investment - bond\n- Period-end reconciliation and reporting\n\nGAAP Rationale: This account follows US-GAAP classification standards for asset accounts. It maintains proper segregation of duties and ensures accurate financial reporting in compliance with generally accepted accounting principles.\n\nWhen NOT to Use: Do not use this account for transactions that belong to other asset categories or for items that should be classified under different account types. Ensure proper authorization and documentation before posting entries.\n\nCross-References: Related accounts include other asset accounts within the Long-term Asset - Investments classification. Review the complete chart of accounts for proper account selection.\n\nFrequency: This account appears in 1 legacy account(s) across 1 company/companies, indicating high standardization importance."",
  ""examples"": [],
  ""gaap_rationale"": """"
}"
16624,Loans to Envision Trials,2024-01-01,,D,10000,2,Asset,"{
  ""subcategory"": ""Asset - General"",
  ""normal_balance"": ""Debit"",
  ""cash_flow_classification"": ""Operating Activities"",
  ""cost_center"": ""CC-0000"",
  ""gaap_classification"": ""US-GAAP Asset"",
  ""detailed_description"": ""Loans to Envision Trials - This account is used to record transactions related to Loans to Envision Trials.\n\nPurpose: This account tracks asset items specifically related to loans to envision trials. It is classified under Asset - General in accordance with US-GAAP standards.\n\nTransaction Examples:\n- Recording of loans to envision trials transactions\n- Adjustments related to loans to envision trials\n- Period-end reconciliation and reporting\n\nGAAP Rationale: This account follows US-GAAP classification standards for asset accounts. It maintains proper segregation of duties and ensures accurate financial reporting in compliance with generally accepted accounting principles.\n\nWhen NOT to Use: Do not use this account for transactions that belong to other asset categories or for items that should be classified under different account types. Ensure proper authorization and documentation before posting entries.\n\nCross-References: Related accounts include other asset accounts within the Asset - General classification. Review the complete chart of accounts for proper account selection.\n\nFrequency: This account appears in 1 legacy account(s) across 1 company/companies, indicating high standardization importance."",
  ""examples"": [],
  ""gaap_rationale"": """"
}"
16693,Loans to Julio Guzman,2024-01-01,,D,10000,2,Asset,"{
  ""subcategory"": ""Asset - General"",
  ""normal_balance"": ""Debit"",
  ""cash_flow_classification"": ""Operating Activities"",
  ""cost_center"": ""CC-0000"",
  ""gaap_classification"": ""US-GAAP Asset"",
  ""detailed_description"": ""Loans to Julio Guzman - This account is used to record transactions related to Loans to Julio Guzman.\n\nPurpose: This account tracks asset items specifically related to loans to julio guzman. It is classified under Asset - General in accordance with US-GAAP standards.\n\nTransaction Examples:\n- Recording of loans to julio guzman transactions\n- Adjustments related to loans to julio guzman\n- Period-end reconciliation and reporting\n\nGAAP Rationale: This account follows US-GAAP classification standards for asset accounts. It maintains proper segregation of duties and ensures accurate financial reporting in compliance with generally accepted accounting principles.\n\nWhen NOT to Use: Do not use this account for transactions that belong to other asset categories or for items that should be classified under different account types. Ensure proper authorization and documentation before posting entries.\n\nCross-References: Related accounts include other asset accounts within the Asset - General classification. Review the complete chart of accounts for proper account selection.\n\nFrequency: This account appears in 1 legacy account(s) across 1 company/companies, indicating high standardization importance."",
  ""examples"": [],
  ""gaap_rationale"": """"
}"
16762,Urbana CHK (6220) - 1,2024-01-01,,D,10000,2,Asset,"{
  ""subcategory"": ""Asset - General"",
  ""normal_balance"": ""Debit"",
  ""cash_flow_classification"": ""Operating Activities"",
  ""cost_center"": ""CC-0000"",
  ""gaap_classification"": ""US-GAAP Asset"",
  ""detailed_description"": ""Urbana CHK (6220) - 1 - This account is used to record transactions related to Urbana CHK (6220) - 1.\n\nPurpose: This account tracks asset items specifically related to urbana chk (6220) - 1. It is classified under Asset - General in accordance with US-GAAP standards.\n\nTransaction Examples:\n- Recording of urbana chk (6220) - 1 transactions\n- Adjustments related to urbana chk (6220) - 1\n- Period-end reconciliation and reporting\n\nGAAP Rationale: This account follows US-GAAP classification standards for asset accounts. It maintains proper segregation of duties and ensures accurate financial reporting in compliance with generally accepted accounting principles.\n\nWhen NOT to Use: Do not use this account for transactions that belong to other asset categories or for items that should be classified under different account types. Ensure proper authorization and documentation before posting entries.\n\nCross-References: Related accounts include other asset accounts within the Asset - General classification. Review the complete chart of accounts for proper account selection.\n\nFrequency: This account appears in 1 legacy account(s) across 1 company/companies, indicating high standardization importance."",
  ""examples"": [],
  ""gaap_rationale"": """"
}"
16831,Urbana SAV (1900) - 1,2024-01-01,,D,10000,2,Asset,"{
  ""subcategory"": ""Asset - General"",
  ""normal_balance"": ""Debit"",
  ""cash_flow_classification"": ""Operating Activities"",
  ""cost_center"": ""CC-0000"",
  ""gaap_classification"": ""US-GAAP Asset"",
  ""detailed_description"": ""Urbana SAV (1900) - 1 - This account is used to record transactions related to Urbana SAV (1900) - 1.\n\nPurpose: This account tracks asset items specifically related to urbana sav (1900) - 1. It is classified under Asset - General in accordance with US-GAAP standards.\n\nTransaction Examples:\n- Recording of urbana sav (1900) - 1 transactions\n- Adjustments related to urbana sav (1900) - 1\n- Period-end reconciliation and reporting\n\nGAAP Rationale: This account follows US-GAAP classification standards for asset accounts. It maintains proper segregation of duties and ensures accurate financial reporting in compliance with generally accepted accounting principles.\n\nWhen NOT to Use: Do not use this account for transactions that belong to other asset categories or for items that should be classified under different account types. Ensure proper authorization and documentation before posting entries.\n\nCross-References: Related accounts include other asset accounts within the Asset - General classification. Review the complete chart of accounts for proper account selection.\n\nFrequency: This account appears in 1 legacy account(s) across 1 company/companies, indicating high standardization importance."",
  ""examples"": [],
  ""gaap_rationale"": """"
}"
16900,Accounts Receivable (A/R),2024-01-01,,D,10000,2,Asset,"{
  ""subcategory"": ""Current Asset - Accounts Receivable"",
  ""normal_balance"": ""Debit"",
  ""cash_flow_classification"": ""Operating Activities"",
  ""cost_center"": ""CC-0000"",
  ""gaap_classification"": ""US-GAAP Asset"",
  ""detailed_description"": ""Accounts Receivable (A/R) - This account is used to record Money customers owe for products and services.\n\nPurpose: This account tracks asset items specifically related to accounts receivable (a/r). It is classified under Current Asset - Accounts Receivable in accordance with US-GAAP standards.\n\nTransaction Examples:\n- Recording of accounts receivable (a/r) transactions\n- Adjustments related to accounts receivable (a/r)\n- Period-end reconciliation and reporting\n\nGAAP Rationale: This account follows US-GAAP classification standards for asset accounts. It maintains proper segregation of duties and ensures accurate financial reporting in compliance with generally accepted accounting principles.\n\nWhen NOT to Use: Do not use this account for transactions that belong to other asset categories or for items that should be classified under different account types. Ensure proper authorization and documentation before posting entries.\n\nCross-References: Related accounts include other asset accounts within the Current Asset - Accounts Receivable classification. Review the complete chart of accounts for proper account selection.\n\nFrequency: This account appears in 6 legacy account(s) across 6 company/companies, indicating high standardization importance."",
  ""examples"": [],
  ""gaap_rationale"": """"
}"
16969,16x9 CHK (5902),2024-01-01,,D,10000,2,Asset,"{
  ""subcategory"": ""Asset - General"",
  ""normal_balance"": ""Debit"",
  ""cash_flow_classification"": ""Operating Activities"",
  ""cost_center"": ""CC-0000"",
  ""gaap_classification"": ""US-GAAP Asset"",
  ""detailed_description"": ""16x9 CHK (5902) - This account is used to record transactions related to 16x9 CHK (5902).\n\nPurpose: This account tracks asset items specifically related to 16x9 chk (5902). It is classified under Asset - General in accordance with US-GAAP standards.\n\nTransaction Examples:\n- Recording of 16x9 chk (5902) transactions\n- Adjustments related to 16x9 chk (5902)\n- Period-end reconciliation and reporting\n\nGAAP Rationale: This account follows US-GAAP classification standards for asset accounts. It maintains proper segregation of duties and ensures accurate financial reporting in compliance with generally accepted accounting principles.\n\nWhen NOT to Use: Do not use this account for transactions that belong to other asset categories or for items that should be classified under different account types. Ensure proper authorization and documentation before posting entries.\n\nCross-References: Related accounts include other asset accounts within the Asset - General classification. Review the complete chart of accounts for proper account selection.\n\nFrequency: This account appears in 1 legacy account(s) across 1 company/companies, indicating high standardization importance."",
  ""examples"": [],
  ""gaap_rationale"": """"
}"
17038,16x9 SAV (7113),2024-01-01,,D,10000,2,Asset,"{
  ""subcategory"": ""Asset - General"",
  ""normal_balance"": ""Debit"",
  ""cash_flow_classification"": ""Operating Activities"",
  ""cost_center"": ""CC-0000"",
  ""gaap_classification"": ""US-GAAP Asset"",
  ""detailed_description"": ""16x9 SAV (7113) - This account is used to record transactions related to 16x9 SAV (7113).\n\nPurpose: This account tracks asset items specifically related to 16x9 sav (7113). It is classified under Asset - General in accordance with US-GAAP standards.\n\nTransaction Examples:\n- Recording of 16x9 sav (7113) transactions\n- Adjustments related to 16x9 sav (7113)\n- Period-end reconciliation and reporting\n\nGAAP Rationale: This account follows US-GAAP classification standards for asset accounts. It maintains proper segregation of duties and ensures accurate financial reporting in compliance with generally accepted accounting principles.\n\nWhen NOT to Use: Do not use this account for transactions that belong to other asset categories or for items that should be classified under different account types. Ensure proper authorization and documentation before posting entries.\n\nCross-References: Related accounts include other asset accounts within the Asset - General classification. Review the complete chart of accounts for proper account selection.\n\nFrequency: This account appears in 1 legacy account(s) across 1 company/companies, indicating high standardization importance."",
  ""examples"": [],
  ""gaap_rationale"": """"
}"
17107,Cash,2024-01-01,,D,10000,2,Asset,"{
  ""subcategory"": ""Current Asset - Cash and Cash Equivalents"",
  ""normal_balance"": ""Debit"",
  ""cash_flow_classification"": ""Operating Activities"",
  ""cost_center"": ""CC-0000"",
  ""gaap_classification"": ""US-GAAP Asset"",
  ""detailed_description"": ""Cash - This account is used to record Cash the business keeps on hand, like petty cash.\n\nPurpose: This account tracks asset items specifically related to cash. It is classified under Current Asset - Cash and Cash Equivalents in accordance with US-GAAP standards.\n\nTransaction Examples:\n- Recording of cash transactions\n- Adjustments related to cash\n- Period-end reconciliation and reporting\n\nGAAP Rationale: This account follows US-GAAP classification standards for asset accounts. It maintains proper segregation of duties and ensures accurate financial reporting in compliance with generally accepted accounting principles.\n\nWhen NOT to Use: Do not use this account for transactions that belong to other asset categories or for items that should be classified under different account types. Ensure proper authorization and documentation before posting entries.\n\nCross-References: Related accounts include other asset accounts within the Current Asset - Cash and Cash Equivalents classification. Review the complete chart of accounts for proper account selection.\n\nFrequency: This account appears in 4 legacy account(s) across 4 company/companies, indicating high standardization importance."",
  ""examples"": [],
  ""gaap_rationale"": """"
}"
17176,Mercury - Checking,2024-01-01,,D,10000,2,Asset,"{
  ""subcategory"": ""Current Asset - Cash and Cash Equivalents"",
  ""normal_balance"": ""Debit"",
  ""cash_flow_classification"": ""Operating Activities"",
  ""cost_center"": ""CC-0000"",
  ""gaap_classification"": ""US-GAAP Asset"",
  ""detailed_description"": ""Mercury - Checking - This account is used to record transactions related to Mercury - Checking.\n\nPurpose: This account tracks asset items specifically related to mercury - checking. It is classified under Current Asset - Cash and Cash Equivalents in accordance with US-GAAP standards.\n\nTransaction Examples:\n- Recording of mercury - checking transactions\n- Adjustments related to mercury - checking\n- Period-end reconciliation and reporting\n\nGAAP Rationale: This account follows US-GAAP classification standards for asset accounts. It maintains proper segregation of duties and ensures accurate financial reporting in compliance with generally accepted accounting principles.\n\nWhen NOT to Use: Do not use this account for transactions that belong to other asset categories or for items that should be classified under different account types. Ensure proper authorization and documentation before posting entries.\n\nCross-References: Related accounts include other asset accounts within the Current Asset - Cash and Cash Equivalents classification. Review the complete chart of accounts for proper account selection.\n\nFrequency: This account appears in 1 legacy account(s) across 1 company/companies, indicating high standardization importance."",
  ""examples"": [],
  ""gaap_rationale"": """"
}"
17245,Mercury - Savings,2024-01-01,,D,10000,2,Asset,"{
  ""subcategory"": ""Current Asset - Cash and Cash Equivalents"",
  ""normal_balance"": ""Debit"",
  ""cash_flow_classification"": ""Operating Activities"",
  ""cost_center"": ""CC-0000"",
  ""gaap_classification"": ""US-GAAP Asset"",
  ""detailed_description"": ""Mercury - Savings - This account is used to record transactions related to Mercury - Savings.\n\nPurpose: This account tracks asset items specifically related to mercury - savings. It is classified under Current Asset - Cash and Cash Equivalents in accordance with US-GAAP standards.\n\nTransaction Examples:\n- Recording of mercury - savings transactions\n- Adjustments related to mercury - savings\n- Period-end reconciliation and reporting\n\nGAAP Rationale: This account follows US-GAAP classification standards for asset accounts. It maintains proper segregation of duties and ensures accurate financial reporting in compliance with generally accepted accounting principles.\n\nWhen NOT to Use: Do not use this account for transactions that belong to other asset categories or for items that should be classified under different account types. Ensure proper authorization and documentation before posting entries.\n\nCross-References: Related accounts include other asset accounts within the Current Asset - Cash and Cash Equivalents classification. Review the complete chart of accounts for proper account selection.\n\nFrequency: This account appears in 1 legacy account(s) across 1 company/companies, indicating high standardization importance."",
  ""examples"": [],
  ""gaap_rationale"": """"
}"
17314,Cost of goods sold:Equipment rental - COGS,2024-01-01,,D,10000,2,Asset,"{
  ""subcategory"": ""Fixed Asset - Equipment"",
  ""normal_balance"": ""Debit"",
  ""cash_flow_classification"": ""Investing Activities"",
  ""cost_center"": ""CC-0000"",
  ""gaap_classification"": ""US-GAAP Asset"",
  ""detailed_description"": ""Cost of goods sold:Equipment rental - COGS - This account is used to record Costs of equipment rental to make a product.\n\nPurpose: This account tracks asset items specifically related to cost of goods sold:equipment rental - cogs. It is classified under Fixed Asset - Equipment in accordance with US-GAAP standards.\n\nTransaction Examples:\n- Recording of cost of goods sold:equipment rental - cogs transactions\n- Adjustments related to cost of goods sold:equipment rental - cogs\n- Period-end reconciliation and reporting\n\nGAAP Rationale: This account follows US-GAAP classification standards for asset accounts. It maintains proper segregation of duties and ensures accurate financial reporting in compliance with generally accepted accounting principles.\n\nWhen NOT to Use: Do not use this account for transactions that belong to other asset categories or for items that should be classified under different account types. Ensure proper authorization and documentation before posting entries.\n\nCross-References: Related accounts include other asset accounts within the Fixed Asset - Equipment classification. Review the complete chart of accounts for proper account selection.\n\nFrequency: This account appears in 4 legacy account(s) across 4 company/companies, indicating high standardization importance."",
  ""examples"": [],
  ""gaap_rationale"": """"
}"
17383,Additional paid in capital,2024-01-01,,D,10000,2,Asset,"{
  ""subcategory"": ""Current Asset - Cash and Cash Equivalents"",
  ""normal_balance"": ""Debit"",
  ""cash_flow_classification"": ""Operating Activities"",
  ""cost_center"": ""CC-0000"",
  ""gaap_classification"": ""US-GAAP Asset"",
  ""detailed_description"": ""Additional paid in capital - This account is used to record Cash contributed to the company by a shareholder in excess of stock purchase price.\n\nPurpose: This account tracks asset items specifically related to additional paid in capital. It is classified under Current Asset - Cash and Cash Equivalents in accordance with US-GAAP standards.\n\nTransaction Examples:\n- Recording of additional paid in capital transactions\n- Adjustments related to additional paid in capital\n- Period-end reconciliation and reporting\n\nGAAP Rationale: This account follows US-GAAP classification standards for asset accounts. It maintains proper segregation of duties and ensures accurate financial reporting in compliance with generally accepted accounting principles.\n\nWhen NOT to Use: Do not use this account for transactions that belong to other asset categories or for items that should be classified under different account types. Ensure proper authorization and documentation before posting entries.\n\nCross-References: Related accounts include other asset accounts within the Current Asset - Cash and Cash Equivalents classification. Review the complete chart of accounts for proper account selection.\n\nFrequency: This account appears in 4 legacy account(s) across 4 company/companies, indicating high standardization importance."",
  ""examples"": [],
  ""gaap_rationale"": """"
}"
17452,Opening balance equity,2024-01-01,,D,10000,2,Asset,"{
  ""subcategory"": ""Current Asset - Cash and Cash Equivalents"",
  ""normal_balance"": ""Debit"",
  ""cash_flow_classification"": ""Operating Activities"",
  ""cost_center"": ""CC-0000"",
  ""gaap_classification"": ""US-GAAP Asset"",
  ""detailed_description"": ""Opening balance equity - This account is used to record Opening balances of bank accounts, assets, and liabilities.\n\nPurpose: This account tracks asset items specifically related to opening balance equity. It is classified under Current Asset - Cash and Cash Equivalents in accordance with US-GAAP standards.\n\nTransaction Examples:\n- Recording of opening balance equity transactions\n- Adjustments related to opening balance equity\n- Period-end reconciliation and reporting\n\nGAAP Rationale: This account follows US-GAAP classification standards for asset accounts. It maintains proper segregation of duties and ensures accurate financial reporting in compliance with generally accepted accounting principles.\n\nWhen NOT to Use: Do not use this account for transactions that belong to other asset categories or for items that should be classified under different account types. Ensure proper authorization and documentation before posting entries.\n\nCross-References: Related accounts include other asset accounts within the Current Asset - Cash and Cash Equivalents classification. Review the complete chart of accounts for proper account selection.\n\nFrequency: This account appears in 4 legacy account(s) across 4 company/companies, indicating high standardization importance."",
  ""examples"": [],
  ""gaap_rationale"": """"
}"
17521,Shareholders' equity:Contributions,2024-01-01,,D,10000,2,Asset,"{
  ""subcategory"": ""Current Asset - Cash and Cash Equivalents"",
  ""normal_balance"": ""Debit"",
  ""cash_flow_classification"": ""Operating Activities"",
  ""cost_center"": ""CC-0000"",
  ""gaap_classification"": ""US-GAAP Asset"",
  ""detailed_description"": ""Shareholders' equity:Contributions - This account is used to record Cash contributed to the company by a shareholder.\n\nPurpose: This account tracks asset items specifically related to shareholders' equity:contributions. It is classified under Current Asset - Cash and Cash Equivalents in accordance with US-GAAP standards.\n\nTransaction Examples:\n- Recording of shareholders' equity:contributions transactions\n- Adjustments related to shareholders' equity:contributions\n- Period-end reconciliation and reporting\n\nGAAP Rationale: This account follows US-GAAP classification standards for asset accounts. It maintains proper segregation of duties and ensures accurate financial reporting in compliance with generally accepted accounting principles.\n\nWhen NOT to Use: Do not use this account for transactions that belong to other asset categories or for items that should be classified under different account types. Ensure proper authorization and documentation before posting entries.\n\nCross-References: Related accounts include other asset accounts within the Current Asset - Cash and Cash Equivalents classification. Review the complete chart of accounts for proper account selection.\n\nFrequency: This account appears in 8 legacy account(s) across 4 company/companies, indicating high standardization importance."",
  ""examples"": [],
  ""gaap_rationale"": """"
}"
17590,General business expenses:Bank fees & service charges,2024-01-01,,D,10000,2,Asset,"{
  ""subcategory"": ""Current Asset - Cash and Cash Equivalents"",
  ""normal_balance"": ""Debit"",
  ""cash_flow_classification"": ""Operating Activities"",
  ""cost_center"": ""CC-0000"",
  ""gaap_classification"": ""US-GAAP Asset"",
  ""detailed_description"": ""General business expenses:Bank fees & service charges - This account is used to record Costs of having a business bank account.\n\nPurpose: This account tracks asset items specifically related to general business expenses:bank fees & service charges. It is classified under Current Asset - Cash and Cash Equivalents in accordance with US-GAAP standards.\n\nTransaction Examples:\n- Recording of general business expenses:bank fees & service charges transactions\n- Adjustments related to general business expenses:bank fees & service charges\n- Period-end reconciliation and reporting\n\nGAAP Rationale: This account follows US-GAAP classification standards for asset accounts. It maintains proper segregation of duties and ensures accurate financial reporting in compliance with generally accepted accounting principles.\n\nWhen NOT to Use: Do not use this account for transactions that belong to other asset categories or for items that should be classified under different account types. Ensure proper authorization and documentation before posting entries.\n\nCross-References: Related accounts include other asset accounts within the Current Asset - Cash and Cash Equivalents classification. Review the complete chart of accounts for proper account selection.\n\nFrequency: This account appears in 4 legacy account(s) across 4 company/companies, indicating high standardization importance."",
  ""examples"": [],
  ""gaap_rationale"": """"
}"
17659,Rent,2024-01-01,,D,10000,2,Asset,"{
  ""subcategory"": ""Fixed Asset - Buildings"",
  ""normal_balance"": ""Debit"",
  ""cash_flow_classification"": ""Investing Activities"",
  ""cost_center"": ""CC-0000"",
  ""gaap_classification"": ""US-GAAP Asset"",
  ""detailed_description"": ""Rent - This account is used to record Rent paid for a building, office, or land.\n\nPurpose: This account tracks asset items specifically related to rent. It is classified under Fixed Asset - Buildings in accordance with US-GAAP standards.\n\nTransaction Examples:\n- Recording of rent transactions\n- Adjustments related to rent\n- Period-end reconciliation and reporting\n\nGAAP Rationale: This account follows US-GAAP classification standards for asset accounts. It maintains proper segregation of duties and ensures accurate financial reporting in compliance with generally accepted accounting principles.\n\nWhen NOT to Use: Do not use this account for transactions that belong to other asset categories or for items that should be classified under different account types. Ensure proper authorization and documentation before posting entries.\n\nCross-References: Related accounts include other asset accounts within the Fixed Asset - Buildings classification. Review the complete chart of accounts for proper account selection.\n\nFrequency: This account appears in 8 legacy account(s) across 4 company/companies, indicating high standardization importance."",
  ""examples"": [],
  ""gaap_rationale"": """"
}"
17728,Rent:Equipment rental,2024-01-01,,D,10000,2,Asset,"{
  ""subcategory"": ""Fixed Asset - Equipment"",
  ""normal_balance"": ""Debit"",
  ""cash_flow_classification"": ""Investing Activities"",
  ""cost_center"": ""CC-0000"",
  ""gaap_classification"": ""US-GAAP Asset"",
  ""detailed_description"": ""Rent:Equipment rental - This account is used to record Costs of renting cars, machinery, or equipment for the business to use.\n\nPurpose: This account tracks asset items specifically related to rent:equipment rental. It is classified under Fixed Asset - Equipment in accordance with US-GAAP standards.\n\nTransaction Examples:\n- Recording of rent:equipment rental transactions\n- Adjustments related to rent:equipment rental\n- Period-end reconciliation and reporting\n\nGAAP Rationale: This account follows US-GAAP classification standards for asset accounts. It maintains proper segregation of duties and ensures accurate financial reporting in compliance with generally accepted accounting principles.\n\nWhen NOT to Use: Do not use this account for transactions that belong to other asset categories or for items that should be classified under different account types. Ensure proper authorization and documentation before posting entries.\n\nCross-References: Related accounts include other asset accounts within the Fixed Asset - Equipment classification. Review the complete chart of accounts for proper account selection.\n\nFrequency: This account appears in 4 legacy account(s) across 4 company/companies, indicating high standardization importance."",
  ""examples"": [],
  ""gaap_rationale"": """"
}"
17797,Interest paid:Mortgage interest,2024-01-01,,D,10000,2,Asset,"{
  ""subcategory"": ""Fixed Asset - Property"",
  ""normal_balance"": ""Debit"",
  ""cash_flow_classification"": ""Investing Activities"",
  ""cost_center"": ""CC-0000"",
  ""gaap_classification"": ""US-GAAP Asset"",
  ""detailed_description"": ""Interest paid:Mortgage interest - This account is used to record Interest paid on a property mortgage.\n\nPurpose: This account tracks asset items specifically related to interest paid:mortgage interest. It is classified under Fixed Asset - Property in accordance with US-GAAP standards.\n\nTransaction Examples:\n- Recording of interest paid:mortgage interest transactions\n- Adjustments related to interest paid:mortgage interest\n- Period-end reconciliation and reporting\n\nGAAP Rationale: This account follows US-GAAP classification standards for asset accounts. It maintains proper segregation of duties and ensures accurate financial reporting in compliance with generally accepted accounting principles.\n\nWhen NOT to Use: Do not use this account for transactions that belong to other asset categories or for items that should be classified under different account types. Ensure proper authorization and documentation before posting entries.\n\nCross-References: Related accounts include other asset accounts within the Fixed Asset - Property classification. Review the complete chart of accounts for proper account selection.\n\nFrequency: This account appears in 4 legacy account(s) across 4 company/companies, indicating high standardization importance."",
  ""examples"": [],
  ""gaap_rationale"": """"
}"
17866,Insurance:Property insurance,2024-01-01,,D,10000,2,Asset,"{
  ""subcategory"": ""Fixed Asset - Property"",
  ""normal_balance"": ""Debit"",
  ""cash_flow_classification"": ""Investing Activities"",
  ""cost_center"": ""CC-0000"",
  ""gaap_classification"": ""US-GAAP Asset"",
  ""detailed_description"": ""Insurance:Property insurance - This account is used to record Costs of premiums for property insurance.\n\nPurpose: This account tracks asset items specifically related to insurance:property insurance. It is classified under Fixed Asset - Property in accordance with US-GAAP standards.\n\nTransaction Examples:\n- Recording of insurance:property insurance transactions\n- Adjustments related to insurance:property insurance\n- Period-end reconciliation and reporting\n\nGAAP Rationale: This account follows US-GAAP classification standards for asset accounts. It maintains proper segregation of duties and ensures accurate financial reporting in compliance with generally accepted accounting principles.\n\nWhen NOT to Use: Do not use this account for transactions that belong to other asset categories or for items that should be classified under different account types. Ensure proper authorization and documentation before posting entries.\n\nCross-References: Related accounts include other asset accounts within the Fixed Asset - Property classification. Review the complete chart of accounts for proper account selection.\n\nFrequency: This account appears in 5 legacy account(s) across 5 company/companies, indicating high standardization importance."",
  ""examples"": [],
  ""gaap_rationale"": """"
}"
17935,Taxes paid,2024-01-01,,D,10000,2,Asset,"{
  ""subcategory"": ""Fixed Asset - Property"",
  ""normal_balance"": ""Debit"",
  ""cash_flow_classification"": ""Investing Activities"",
  ""cost_center"": ""CC-0000"",
  ""gaap_classification"": ""US-GAAP Asset"",
  ""detailed_description"": ""Taxes paid - This account is used to record Costs of property taxes.\n\nPurpose: This account tracks asset items specifically related to taxes paid. It is classified under Fixed Asset - Property in accordance with US-GAAP standards.\n\nTransaction Examples:\n- Recording of taxes paid transactions\n- Adjustments related to taxes paid\n- Period-end reconciliation and reporting\n\nGAAP Rationale: This account follows US-GAAP classification standards for asset accounts. It maintains proper segregation of duties and ensures accurate financial reporting in compliance with generally accepted accounting principles.\n\nWhen NOT to Use: Do not use this account for transactions that belong to other asset categories or for items that should be classified under different account types. Ensure proper authorization and documentation before posting entries.\n\nCross-References: Related accounts include other asset accounts within the Fixed Asset - Property classification. Review the complete chart of accounts for proper account selection.\n\nFrequency: This account appears in 10 legacy account(s) across 6 company/companies, indicating high standardization importance."",
  ""examples"": [],
  ""gaap_rationale"": """"
}"
18004,Repairs & maintenance,2024-01-01,,D,10000,2,Asset,"{
  ""subcategory"": ""Fixed Asset - Vehicles"",
  ""normal_balance"": ""Debit"",
  ""cash_flow_classification"": ""Investing Activities"",
  ""cost_center"": ""CC-0000"",
  ""gaap_classification"": ""US-GAAP Asset"",
  ""detailed_description"": ""Repairs & maintenance - This account is used to record Costs of repairs and maintenance for the business other than from vehicles.\n\nPurpose: This account tracks asset items specifically related to repairs & maintenance. It is classified under Fixed Asset - Vehicles in accordance with US-GAAP standards.\n\nTransaction Examples:\n- Recording of repairs & maintenance transactions\n- Adjustments related to repairs & maintenance\n- Period-end reconciliation and reporting\n\nGAAP Rationale: This account follows US-GAAP classification standards for asset accounts. It maintains proper segregation of duties and ensures accurate financial reporting in compliance with generally accepted accounting principles.\n\nWhen NOT to Use: Do not use this account for transactions that belong to other asset categories or for items that should be classified under different account types. Ensure proper authorization and documentation before posting entries.\n\nCross-References: Related accounts include other asset accounts within the Fixed Asset - Vehicles classification. Review the complete chart of accounts for proper account selection.\n\nFrequency: This account appears in 4 legacy account(s) across 4 company/companies, indicating high standardization importance."",
  ""examples"": [],
  ""gaap_rationale"": """"
}"
18073,Office expenses:Small tools & equipment,2024-01-01,,D,10000,2,Asset,"{
  ""subcategory"": ""Fixed Asset - Equipment"",
  ""normal_balance"": ""Debit"",
  ""cash_flow_classification"": ""Investing Activities"",
  ""cost_center"": ""CC-0000"",
  ""gaap_classification"": ""US-GAAP Asset"",
  ""detailed_description"": ""Office expenses:Small tools & equipment - This account is used to record Costs of small tools and equipment for the business.\n\nPurpose: This account tracks asset items specifically related to office expenses:small tools & equipment. It is classified under Fixed Asset - Equipment in accordance with US-GAAP standards.\n\nTransaction Examples:\n- Recording of office expenses:small tools & equipment transactions\n- Adjustments related to office expenses:small tools & equipment\n- Period-end reconciliation and reporting\n\nGAAP Rationale: This account follows US-GAAP classification standards for asset accounts. It maintains proper segregation of duties and ensures accurate financial reporting in compliance with generally accepted accounting principles.\n\nWhen NOT to Use: Do not use this account for transactions that belong to other asset categories or for items that should be classified under different account types. Ensure proper authorization and documentation before posting entries.\n\nCross-References: Related accounts include other asset accounts within the Fixed Asset - Equipment classification. Review the complete chart of accounts for proper account selection.\n\nFrequency: This account appears in 4 legacy account(s) across 4 company/companies, indicating high standardization importance."",
  ""examples"": [],
  ""gaap_rationale"": """"
}"
18142,Travel:Vehicle rental,2024-01-01,,D,10000,2,Asset,"{
  ""subcategory"": ""Fixed Asset - Vehicles"",
  ""normal_balance"": ""Debit"",
  ""cash_flow_classification"": ""Investing Activities"",
  ""cost_center"": ""CC-0000"",
  ""gaap_classification"": ""US-GAAP Asset"",
  ""detailed_description"": ""Travel:Vehicle rental - This account is used to record Costs of renting vehicles for business trips.\n\nPurpose: This account tracks asset items specifically related to travel:vehicle rental. It is classified under Fixed Asset - Vehicles in accordance with US-GAAP standards.\n\nTransaction Examples:\n- Recording of travel:vehicle rental transactions\n- Adjustments related to travel:vehicle rental\n- Period-end reconciliation and reporting\n\nGAAP Rationale: This account follows US-GAAP classification standards for asset accounts. It maintains proper segregation of duties and ensures accurate financial reporting in compliance with generally accepted accounting principles.\n\nWhen NOT to Use: Do not use this account for transactions that belong to other asset categories or for items that should be classified under different account types. Ensure proper authorization and documentation before posting entries.\n\nCross-References: Related accounts include other asset accounts within the Fixed Asset - Vehicles classification. Review the complete chart of accounts for proper account selection.\n\nFrequency: This account appears in 4 legacy account(s) across 4 company/companies, indicating high standardization importance."",
  ""examples"": [],
  ""gaap_rationale"": """"
}"
18211,Accumulated amortization,2024-01-01,,D,10000,2,Asset,"{
  ""subcategory"": ""Asset - General"",
  ""normal_balance"": ""Debit"",
  ""cash_flow_classification"": ""Operating Activities"",
  ""cost_center"": ""CC-0000"",
  ""gaap_classification"": ""US-GAAP Asset"",
  ""detailed_description"": ""Accumulated amortization - This account is used to record The total of intangible asset amounts previously reported as expenses.\n\nPurpose: This account tracks asset items specifically related to accumulated amortization. It is classified under Asset - General in accordance with US-GAAP standards.\n\nTransaction Examples:\n- Recording of accumulated amortization transactions\n- Adjustments related to accumulated amortization\n- Period-end reconciliation and reporting\n\nGAAP Rationale: This account follows US-GAAP classification standards for asset accounts. It maintains proper segregation of duties and ensures accurate financial reporting in compliance with generally accepted accounting principles.\n\nWhen NOT to Use: Do not use this account for transactions that belong to other asset categories or for items that should be classified under different account types. Ensure proper authorization and documentation before posting entries.\n\nCross-References: Related accounts include other asset accounts within the Asset - General classification. Review the complete chart of accounts for proper account selection.\n\nFrequency: This account appears in 4 legacy account(s) across 4 company/companies, indicating high standardization importance."",
  ""examples"": [],
  ""gaap_rationale"": """"
}"
18280,Accumulated depreciation,2024-01-01,,D,10000,2,Asset,"{
  ""subcategory"": ""Asset - General"",
  ""normal_balance"": ""Debit"",
  ""cash_flow_classification"": ""Operating Activities"",
  ""cost_center"": ""CC-0000"",
  ""gaap_classification"": ""US-GAAP Asset"",
  ""detailed_description"": ""Accumulated depreciation - This account is used to record The total cost of assets previously reported as expenses.\n\nPurpose: This account tracks asset items specifically related to accumulated depreciation. It is classified under Asset - General in accordance with US-GAAP standards.\n\nTransaction Examples:\n- Recording of accumulated depreciation transactions\n- Adjustments related to accumulated depreciation\n- Period-end reconciliation and reporting\n\nGAAP Rationale: This account follows US-GAAP classification standards for asset accounts. It maintains proper segregation of duties and ensures accurate financial reporting in compliance with generally accepted accounting principles.\n\nWhen NOT to Use: Do not use this account for transactions that belong to other asset categories or for items that should be classified under different account types. Ensure proper authorization and documentation before posting entries.\n\nCross-References: Related accounts include other asset accounts within the Asset - General classification. Review the complete chart of accounts for proper account selection.\n\nFrequency: This account appears in 5 legacy account(s) across 5 company/companies, indicating high standardization importance."",
  ""examples"": [],
  ""gaap_rationale"": """"
}"
18349,Buildings,2024-01-01,,D,10000,2,Asset,"{
  ""subcategory"": ""Fixed Asset - Buildings"",
  ""normal_balance"": ""Debit"",
  ""cash_flow_classification"": ""Investing Activities"",
  ""cost_center"": ""CC-0000"",
  ""gaap_classification"": ""US-GAAP Asset"",
  ""detailed_description"": ""Buildings - This account is used to record Buildings the business owns.\n\nPurpose: This account tracks asset items specifically related to buildings. It is classified under Fixed Asset - Buildings in accordance with US-GAAP standards.\n\nTransaction Examples:\n- Recording of buildings transactions\n- Adjustments related to buildings\n- Period-end reconciliation and reporting\n\nGAAP Rationale: This account follows US-GAAP classification standards for asset accounts. It maintains proper segregation of duties and ensures accurate financial reporting in compliance with generally accepted accounting principles.\n\nWhen NOT to Use: Do not use this account for transactions that belong to other asset categories or for items that should be classified under different account types. Ensure proper authorization and documentation before posting entries.\n\nCross-References: Related accounts include other asset accounts within the Fixed Asset - Buildings classification. Review the complete chart of accounts for proper account selection.\n\nFrequency: This account appears in 4 legacy account(s) across 4 company/companies, indicating high standardization importance."",
  ""examples"": [],
  ""gaap_rationale"": """"
}"
18418,Furniture & fixtures,2024-01-01,,D,10000,2,Asset,"{
  ""subcategory"": ""Fixed Asset - Furniture and Fixtures"",
  ""normal_balance"": ""Debit"",
  ""cash_flow_classification"": ""Investing Activities"",
  ""cost_center"": ""CC-0000"",
  ""gaap_classification"": ""US-GAAP Asset"",
  ""detailed_description"": ""Furniture & fixtures - This account is used to record Furniture owned by the business.\n\nPurpose: This account tracks asset items specifically related to furniture & fixtures. It is classified under Fixed Asset - Furniture and Fixtures in accordance with US-GAAP standards.\n\nTransaction Examples:\n- Recording of furniture & fixtures transactions\n- Adjustments related to furniture & fixtures\n- Period-end reconciliation and reporting\n\nGAAP Rationale: This account follows US-GAAP classification standards for asset accounts. It maintains proper segregation of duties and ensures accurate financial reporting in compliance with generally accepted accounting principles.\n\nWhen NOT to Use: Do not use this account for transactions that belong to other asset categories or for items that should be classified under different account types. Ensure proper authorization and documentation before posting entries.\n\nCross-References: Related accounts include other asset accounts within the Fixed Asset - Furniture and Fixtures classification. Review the complete chart of accounts for proper account selection.\n\nFrequency: This account appears in 4 legacy account(s) across 4 company/companies, indicating high standardization importance."",
  ""examples"": [],
  ""gaap_rationale"": """"
}"
18487,Improvements,2024-01-01,,D,10000,2,Asset,"{
  ""subcategory"": ""Fixed Asset - Property"",
  ""normal_balance"": ""Debit"",
  ""cash_flow_classification"": ""Investing Activities"",
  ""cost_center"": ""CC-0000"",
  ""gaap_classification"": ""US-GAAP Asset"",
  ""detailed_description"": ""Improvements - This account is used to record Payments for labor and materials used to improve property you own or lease.\n\nPurpose: This account tracks asset items specifically related to improvements. It is classified under Fixed Asset - Property in accordance with US-GAAP standards.\n\nTransaction Examples:\n- Recording of improvements transactions\n- Adjustments related to improvements\n- Period-end reconciliation and reporting\n\nGAAP Rationale: This account follows US-GAAP classification standards for asset accounts. It maintains proper segregation of duties and ensures accurate financial reporting in compliance with generally accepted accounting principles.\n\nWhen NOT to Use: Do not use this account for transactions that belong to other asset categories or for items that should be classified under different account types. Ensure proper authorization and documentation before posting entries.\n\nCross-References: Related accounts include other asset accounts within the Fixed Asset - Property classification. Review the complete chart of accounts for proper account selection.\n\nFrequency: This account appears in 4 legacy account(s) across 4 company/companies, indicating high standardization importance."",
  ""examples"": [],
  ""gaap_rationale"": """"
}"
18556,Land,2024-01-01,,D,10000,2,Asset,"{
  ""subcategory"": ""Fixed Asset - Land"",
  ""normal_balance"": ""Debit"",
  ""cash_flow_classification"": ""Investing Activities"",
  ""cost_center"": ""CC-0000"",
  ""gaap_classification"": ""US-GAAP Asset"",
  ""detailed_description"": ""Land - This account is used to record Land the business owns.\n\nPurpose: This account tracks asset items specifically related to land. It is classified under Fixed Asset - Land in accordance with US-GAAP standards.\n\nTransaction Examples:\n- Recording of land transactions\n- Adjustments related to land\n- Period-end reconciliation and reporting\n\nGAAP Rationale: This account follows US-GAAP classification standards for asset accounts. It maintains proper segregation of duties and ensures accurate financial reporting in compliance with generally accepted accounting principles.\n\nWhen NOT to Use: Do not use this account for transactions that belong to other asset categories or for items that should be classified under different account types. Ensure proper authorization and documentation before posting entries.\n\nCross-References: Related accounts include other asset accounts within the Fixed Asset - Land classification. Review the complete chart of accounts for proper account selection.\n\nFrequency: This account appears in 4 legacy account(s) across 4 company/companies, indicating high standardization importance."",
  ""examples"": [],
  ""gaap_rationale"": """"
}"
18625,Long-term office equipment,2024-01-01,,D,10000,2,Asset,"{
  ""subcategory"": ""Fixed Asset - Equipment"",
  ""normal_balance"": ""Debit"",
  ""cash_flow_classification"": ""Investing Activities"",
  ""cost_center"": ""CC-0000"",
  ""gaap_classification"": ""US-GAAP Asset"",
  ""detailed_description"": ""Long-term office equipment - This account is used to record Equipment the business uses for longer than a year.\n\nPurpose: This account tracks asset items specifically related to long-term office equipment. It is classified under Fixed Asset - Equipment in accordance with US-GAAP standards.\n\nTransaction Examples:\n- Recording of long-term office equipment transactions\n- Adjustments related to long-term office equipment\n- Period-end reconciliation and reporting\n\nGAAP Rationale: This account follows US-GAAP classification standards for asset accounts. It maintains proper segregation of duties and ensures accurate financial reporting in compliance with generally accepted accounting principles.\n\nWhen NOT to Use: Do not use this account for transactions that belong to other asset categories or for items that should be classified under different account types. Ensure proper authorization and documentation before posting entries.\n\nCross-References: Related accounts include other asset accounts within the Fixed Asset - Equipment classification. Review the complete chart of accounts for proper account selection.\n\nFrequency: This account appears in 4 legacy account(s) across 4 company/companies, indicating high standardization importance."",
  ""examples"": [],
  ""gaap_rationale"": """"
}"
18694,"Tools, machinery, and equipment",2024-01-01,,D,10000,2,Asset,"{
  ""subcategory"": ""Fixed Asset - Equipment"",
  ""normal_balance"": ""Debit"",
  ""cash_flow_classification"": ""Investing Activities"",
  ""cost_center"": ""CC-0000"",
  ""gaap_classification"": ""US-GAAP Asset"",
  ""detailed_description"": ""Tools, machinery, and equipment - This account is used to record Equipment that's used for longer than a year for work outside of the office.\n\nPurpose: This account tracks asset items specifically related to tools, machinery, and equipment. It is classified under Fixed Asset - Equipment in accordance with US-GAAP standards.\n\nTransaction Examples:\n- Recording of tools, machinery, and equipment transactions\n- Adjustments related to tools, machinery, and equipment\n- Period-end reconciliation and reporting\n\nGAAP Rationale: This account follows US-GAAP classification standards for asset accounts. It maintains proper segregation of duties and ensures accurate financial reporting in compliance with generally accepted accounting principles.\n\nWhen NOT to Use: Do not use this account for transactions that belong to other asset categories or for items that should be classified under different account types. Ensure proper authorization and documentation before posting entries.\n\nCross-References: Related accounts include other asset accounts within the Fixed Asset - Equipment classification. Review the complete chart of accounts for proper account selection.\n\nFrequency: This account appears in 5 legacy account(s) across 5 company/companies, indicating high standardization importance."",
  ""examples"": [],
  ""gaap_rationale"": """"
}"
18763,Vehicles,2024-01-01,,D,10000,2,Asset,"{
  ""subcategory"": ""Fixed Asset - Vehicles"",
  ""normal_balance"": ""Debit"",
  ""cash_flow_classification"": ""Investing Activities"",
  ""cost_center"": ""CC-0000"",
  ""gaap_classification"": ""US-GAAP Asset"",
  ""detailed_description"": ""Vehicles - This account is used to record Vehicles the business owns.\n\nPurpose: This account tracks asset items specifically related to vehicles. It is classified under Fixed Asset - Vehicles in accordance with US-GAAP standards.\n\nTransaction Examples:\n- Recording of vehicles transactions\n- Adjustments related to vehicles\n- Period-end reconciliation and reporting\n\nGAAP Rationale: This account follows US-GAAP classification standards for asset accounts. It maintains proper segregation of duties and ensures accurate financial reporting in compliance with generally accepted accounting principles.\n\nWhen NOT to Use: Do not use this account for transactions that belong to other asset categories or for items that should be classified under different account types. Ensure proper authorization and documentation before posting entries.\n\nCross-References: Related accounts include other asset accounts within the Fixed Asset - Vehicles classification. Review the complete chart of accounts for proper account selection.\n\nFrequency: This account appears in 4 legacy account(s) across 4 company/companies, indicating high standardization importance."",
  ""examples"": [],
  ""gaap_rationale"": """"
}"
18832,Unapplied Cash Payment Income,2024-01-01,,D,10000,2,Asset,"{
  ""subcategory"": ""Current Asset - Cash and Cash Equivalents"",
  ""normal_balance"": ""Debit"",
  ""cash_flow_classification"": ""Operating Activities"",
  ""cost_center"": ""CC-0000"",
  ""gaap_classification"": ""US-GAAP Asset"",
  ""detailed_description"": ""Unapplied Cash Payment Income - This account is used to record transactions related to Unapplied Cash Payment Income.\n\nPurpose: This account tracks asset items specifically related to unapplied cash payment income. It is classified under Current Asset - Cash and Cash Equivalents in accordance with US-GAAP standards.\n\nTransaction Examples:\n- Recording of unapplied cash payment income transactions\n- Adjustments related to unapplied cash payment income\n- Period-end reconciliation and reporting\n\nGAAP Rationale: This account follows US-GAAP classification standards for asset accounts. It maintains proper segregation of duties and ensures accurate financial reporting in compliance with generally accepted accounting principles.\n\nWhen NOT to Use: Do not use this account for transactions that belong to other asset categories or for items that should be classified under different account types. Ensure proper authorization and documentation before posting entries.\n\nCross-References: Related accounts include other asset accounts within the Current Asset - Cash and Cash Equivalents classification. Review the complete chart of accounts for proper account selection.\n\nFrequency: This account appears in 3 legacy account(s) across 3 company/companies, indicating high standardization importance."",
  ""examples"": [],
  ""gaap_rationale"": """"
}"
18901,Long-term business loans,2024-01-01,,D,10000,2,Asset,"{
  ""subcategory"": ""Fixed Asset - Vehicles"",
  ""normal_balance"": ""Debit"",
  ""cash_flow_classification"": ""Investing Activities"",
  ""cost_center"": ""CC-0000"",
  ""gaap_classification"": ""US-GAAP Asset"",
  ""detailed_description"": ""Long-term business loans - This account is used to record Loans the business will owe for longer than a year, like vehicle loans.\n\nPurpose: This account tracks asset items specifically related to long-term business loans. It is classified under Fixed Asset - Vehicles in accordance with US-GAAP standards.\n\nTransaction Examples:\n- Recording of long-term business loans transactions\n- Adjustments related to long-term business loans\n- Period-end reconciliation and reporting\n\nGAAP Rationale: This account follows US-GAAP classification standards for asset accounts. It maintains proper segregation of duties and ensures accurate financial reporting in compliance with generally accepted accounting principles.\n\nWhen NOT to Use: Do not use this account for transactions that belong to other asset categories or for items that should be classified under different account types. Ensure proper authorization and documentation before posting entries.\n\nCross-References: Related accounts include other asset accounts within the Fixed Asset - Vehicles classification. Review the complete chart of accounts for proper account selection.\n\nFrequency: This account appears in 4 legacy account(s) across 4 company/companies, indicating high standardization importance."",
  ""examples"": [],
  ""gaap_rationale"": """"
}"
18970,Mortgages,2024-01-01,,D,10000,2,Asset,"{
  ""subcategory"": ""Fixed Asset - Buildings"",
  ""normal_balance"": ""Debit"",
  ""cash_flow_classification"": ""Investing Activities"",
  ""cost_center"": ""CC-0000"",
  ""gaap_classification"": ""US-GAAP Asset"",
  ""detailed_description"": ""Mortgages - This account is used to record Mortgages owed for buildings or land.\n\nPurpose: This account tracks asset items specifically related to mortgages. It is classified under Fixed Asset - Buildings in accordance with US-GAAP standards.\n\nTransaction Examples:\n- Recording of mortgages transactions\n- Adjustments related to mortgages\n- Period-end reconciliation and reporting\n\nGAAP Rationale: This account follows US-GAAP classification standards for asset accounts. It maintains proper segregation of duties and ensures accurate financial reporting in compliance with generally accepted accounting principles.\n\nWhen NOT to Use: Do not use this account for transactions that belong to other asset categories or for items that should be classified under different account types. Ensure proper authorization and documentation before posting entries.\n\nCross-References: Related accounts include other asset accounts within the Fixed Asset - Buildings classification. Review the complete chart of accounts for proper account selection.\n\nFrequency: This account appears in 4 legacy account(s) across 4 company/companies, indicating high standardization importance."",
  ""examples"": [],
  ""gaap_rationale"": """"
}"
19039,Deferred income taxes,2024-01-01,,D,10000,2,Asset,"{
  ""subcategory"": ""Asset - General"",
  ""normal_balance"": ""Debit"",
  ""cash_flow_classification"": ""Operating Activities"",
  ""cost_center"": ""CC-0000"",
  ""gaap_classification"": ""US-GAAP Asset"",
  ""detailed_description"": ""Deferred income taxes - This account is used to record Income taxes paid in advance.\n\nPurpose: This account tracks asset items specifically related to deferred income taxes. It is classified under Asset - General in accordance with US-GAAP standards.\n\nTransaction Examples:\n- Recording of deferred income taxes transactions\n- Adjustments related to deferred income taxes\n- Period-end reconciliation and reporting\n\nGAAP Rationale: This account follows US-GAAP classification standards for asset accounts. It maintains proper segregation of duties and ensures accurate financial reporting in compliance with generally accepted accounting principles.\n\nWhen NOT to Use: Do not use this account for transactions that belong to other asset categories or for items that should be classified under different account types. Ensure proper authorization and documentation before posting entries.\n\nCross-References: Related accounts include other asset accounts within the Asset - General classification. Review the complete chart of accounts for proper account selection.\n\nFrequency: This account appears in 4 legacy account(s) across 4 company/companies, indicating high standardization importance."",
  ""examples"": [],
  ""gaap_rationale"": """"
}"
19108,Goodwill,2024-01-01,,D,10000,2,Asset,"{
  ""subcategory"": ""Fixed Asset - Property"",
  ""normal_balance"": ""Debit"",
  ""cash_flow_classification"": ""Investing Activities"",
  ""cost_center"": ""CC-0000"",
  ""gaap_classification"": ""US-GAAP Asset"",
  ""detailed_description"": ""Goodwill - This account is used to record The excess in purchase price over the value of a business, like for intellectual property or a brand.\n\nPurpose: This account tracks asset items specifically related to goodwill. It is classified under Fixed Asset - Property in accordance with US-GAAP standards.\n\nTransaction Examples:\n- Recording of goodwill transactions\n- Adjustments related to goodwill\n- Period-end reconciliation and reporting\n\nGAAP Rationale: This account follows US-GAAP classification standards for asset accounts. It maintains proper segregation of duties and ensures accurate financial reporting in compliance with generally accepted accounting principles.\n\nWhen NOT to Use: Do not use this account for transactions that belong to other asset categories or for items that should be classified under different account types. Ensure proper authorization and documentation before posting entries.\n\nCross-References: Related accounts include other asset accounts within the Fixed Asset - Property classification. Review the complete chart of accounts for proper account selection.\n\nFrequency: This account appears in 4 legacy account(s) across 4 company/companies, indicating high standardization importance."",
  ""examples"": [],
  ""gaap_rationale"": """"
}"
19177,Lease buyout,2024-01-01,,D,10000,2,Asset,"{
  ""subcategory"": ""Asset - General"",
  ""normal_balance"": ""Debit"",
  ""cash_flow_classification"": ""Operating Activities"",
  ""cost_center"": ""CC-0000"",
  ""gaap_classification"": ""US-GAAP Asset"",
  ""detailed_description"": ""Lease buyout - This account is used to record Cost value of a lease buyout.\n\nPurpose: This account tracks asset items specifically related to lease buyout. It is classified under Asset - General in accordance with US-GAAP standards.\n\nTransaction Examples:\n- Recording of lease buyout transactions\n- Adjustments related to lease buyout\n- Period-end reconciliation and reporting\n\nGAAP Rationale: This account follows US-GAAP classification standards for asset accounts. It maintains proper segregation of duties and ensures accurate financial reporting in compliance with generally accepted accounting principles.\n\nWhen NOT to Use: Do not use this account for transactions that belong to other asset categories or for items that should be classified under different account types. Ensure proper authorization and documentation before posting entries.\n\nCross-References: Related accounts include other asset accounts within the Asset - General classification. Review the complete chart of accounts for proper account selection.\n\nFrequency: This account appears in 4 legacy account(s) across 4 company/companies, indicating high standardization importance."",
  ""examples"": [],
  ""gaap_rationale"": """"
}"
19246,Licenses held,2024-01-01,,D,10000,2,Asset,"{
  ""subcategory"": ""Asset - General"",
  ""normal_balance"": ""Debit"",
  ""cash_flow_classification"": ""Operating Activities"",
  ""cost_center"": ""CC-0000"",
  ""gaap_classification"": ""US-GAAP Asset"",
  ""detailed_description"": ""Licenses held - This account is used to record Costs of licenses of value that are considered assets, like liquor or lottery licenses.\n\nPurpose: This account tracks asset items specifically related to licenses held. It is classified under Asset - General in accordance with US-GAAP standards.\n\nTransaction Examples:\n- Recording of licenses held transactions\n- Adjustments related to licenses held\n- Period-end reconciliation and reporting\n\nGAAP Rationale: This account follows US-GAAP classification standards for asset accounts. It maintains proper segregation of duties and ensures accurate financial reporting in compliance with generally accepted accounting principles.\n\nWhen NOT to Use: Do not use this account for transactions that belong to other asset categories or for items that should be classified under different account types. Ensure proper authorization and documentation before posting entries.\n\nCross-References: Related accounts include other asset accounts within the Asset - General classification. Review the complete chart of accounts for proper account selection.\n\nFrequency: This account appears in 4 legacy account(s) across 4 company/companies, indicating high standardization importance."",
  ""examples"": [],
  ""gaap_rationale"": """"
}"
19315,Long-term investments,2024-01-01,,D,10000,2,Asset,"{
  ""subcategory"": ""Long-term Asset - Investments"",
  ""normal_balance"": ""Debit"",
  ""cash_flow_classification"": ""Investing Activities"",
  ""cost_center"": ""CC-0000"",
  ""gaap_classification"": ""US-GAAP Asset"",
  ""detailed_description"": ""Long-term investments - This account is used to record Investments held for more than one year.\n\nPurpose: This account tracks asset items specifically related to long-term investments. It is classified under Long-term Asset - Investments in accordance with US-GAAP standards.\n\nTransaction Examples:\n- Recording of long-term investments transactions\n- Adjustments related to long-term investments\n- Period-end reconciliation and reporting\n\nGAAP Rationale: This account follows US-GAAP classification standards for asset accounts. It maintains proper segregation of duties and ensures accurate financial reporting in compliance with generally accepted accounting principles.\n\nWhen NOT to Use: Do not use this account for transactions that belong to other asset categories or for items that should be classified under different account types. Ensure proper authorization and documentation before posting entries.\n\nCross-References: Related accounts include other asset accounts within the Long-term Asset - Investments classification. Review the complete chart of accounts for proper account selection.\n\nFrequency: This account appears in 4 legacy account(s) across 4 company/companies, indicating high standardization importance."",
  ""examples"": [],
  ""gaap_rationale"": """"
}"
19384,Long-term loans to related parties,2024-01-01,,D,10000,2,Asset,"{
  ""subcategory"": ""Asset - General"",
  ""normal_balance"": ""Debit"",
  ""cash_flow_classification"": ""Operating Activities"",
  ""cost_center"": ""CC-0000"",
  ""gaap_classification"": ""US-GAAP Asset"",
  ""detailed_description"": ""Long-term loans to related parties - This account is used to record Loans given to another company you own that will be owed for longer than a year.\n\nPurpose: This account tracks asset items specifically related to long-term loans to related parties. It is classified under Asset - General in accordance with US-GAAP standards.\n\nTransaction Examples:\n- Recording of long-term loans to related parties transactions\n- Adjustments related to long-term loans to related parties\n- Period-end reconciliation and reporting\n\nGAAP Rationale: This account follows US-GAAP classification standards for asset accounts. It maintains proper segregation of duties and ensures accurate financial reporting in compliance with generally accepted accounting principles.\n\nWhen NOT to Use: Do not use this account for transactions that belong to other asset categories or for items that should be classified under different account types. Ensure proper authorization and documentation before posting entries.\n\nCross-References: Related accounts include other asset accounts within the Asset - General classification. Review the complete chart of accounts for proper account selection.\n\nFrequency: This account appears in 4 legacy account(s) across 4 company/companies, indicating high standardization importance."",
  ""examples"": [],
  ""gaap_rationale"": """"
}"
19453,"Patents, copyrights, & franchises",2024-01-01,,D,10000,2,Asset,"{
  ""subcategory"": ""Asset - General"",
  ""normal_balance"": ""Debit"",
  ""cash_flow_classification"": ""Operating Activities"",
  ""cost_center"": ""CC-0000"",
  ""gaap_classification"": ""US-GAAP Asset"",
  ""detailed_description"": ""Patents, copyrights, & franchises - This account is used to record Assets that aren't physical, like trademarks, franchises, and other intangible assets.\n\nPurpose: This account tracks asset items specifically related to patents, copyrights, & franchises. It is classified under Asset - General in accordance with US-GAAP standards.\n\nTransaction Examples:\n- Recording of patents, copyrights, & franchises transactions\n- Adjustments related to patents, copyrights, & franchises\n- Period-end reconciliation and reporting\n\nGAAP Rationale: This account follows US-GAAP classification standards for asset accounts. It maintains proper segregation of duties and ensures accurate financial reporting in compliance with generally accepted accounting principles.\n\nWhen NOT to Use: Do not use this account for transactions that belong to other asset categories or for items that should be classified under different account types. Ensure proper authorization and documentation before posting entries.\n\nCross-References: Related accounts include other asset accounts within the Asset - General classification. Review the complete chart of accounts for proper account selection.\n\nFrequency: This account appears in 4 legacy account(s) across 4 company/companies, indicating high standardization importance."",
  ""examples"": [],
  ""gaap_rationale"": """"
}"
19522,Security deposits,2024-01-01,,D,10000,2,Asset,"{
  ""subcategory"": ""Current Asset - Deposits"",
  ""normal_balance"": ""Debit"",
  ""cash_flow_classification"": ""Operating Activities"",
  ""cost_center"": ""CC-0000"",
  ""gaap_classification"": ""US-GAAP Asset"",
  ""detailed_description"": ""Security deposits - This account is used to record Deposits from customers that the business returns when services are complete.\n\nPurpose: This account tracks asset items specifically related to security deposits. It is classified under Current Asset - Deposits in accordance with US-GAAP standards.\n\nTransaction Examples:\n- Recording of security deposits transactions\n- Adjustments related to security deposits\n- Period-end reconciliation and reporting\n\nGAAP Rationale: This account follows US-GAAP classification standards for asset accounts. It maintains proper segregation of duties and ensures accurate financial reporting in compliance with generally accepted accounting principles.\n\nWhen NOT to Use: Do not use this account for transactions that belong to other asset categories or for items that should be classified under different account types. Ensure proper authorization and documentation before posting entries.\n\nCross-References: Related accounts include other asset accounts within the Current Asset - Deposits classification. Review the complete chart of accounts for proper account selection.\n\nFrequency: This account appears in 7 legacy account(s) across 6 company/companies, indicating high standardization importance."",
  ""examples"": [],
  ""gaap_rationale"": """"
}"
19591,Startup & organizational costs,2024-01-01,,D,10000,2,Asset,"{
  ""subcategory"": ""Asset - General"",
  ""normal_balance"": ""Debit"",
  ""cash_flow_classification"": ""Operating Activities"",
  ""cost_center"": ""CC-0000"",
  ""gaap_classification"": ""US-GAAP Asset"",
  ""detailed_description"": ""Startup & organizational costs - This account is used to record Legal costs incurred when forming or reorganzing a company.\n\nPurpose: This account tracks asset items specifically related to startup & organizational costs. It is classified under Asset - General in accordance with US-GAAP standards.\n\nTransaction Examples:\n- Recording of startup & organizational costs transactions\n- Adjustments related to startup & organizational costs\n- Period-end reconciliation and reporting\n\nGAAP Rationale: This account follows US-GAAP classification standards for asset accounts. It maintains proper segregation of duties and ensures accurate financial reporting in compliance with generally accepted accounting principles.\n\nWhen NOT to Use: Do not use this account for transactions that belong to other asset categories or for items that should be classified under different account types. Ensure proper authorization and documentation before posting entries.\n\nCross-References: Related accounts include other asset accounts within the Asset - General classification. Review the complete chart of accounts for proper account selection.\n\nFrequency: This account appears in 4 legacy account(s) across 4 company/companies, indicating high standardization importance."",
  ""examples"": [],
  ""gaap_rationale"": """"
}"
19660,Allowance for bad debts,2024-01-01,,D,10000,2,Asset,"{
  ""subcategory"": ""Asset - General"",
  ""normal_balance"": ""Debit"",
  ""cash_flow_classification"": ""Operating Activities"",
  ""cost_center"": ""CC-0000"",
  ""gaap_classification"": ""US-GAAP Asset"",
  ""detailed_description"": ""Allowance for bad debts - This account is used to record An estimate of money owed by customers that might not get paid.\n\nPurpose: This account tracks asset items specifically related to allowance for bad debts. It is classified under Asset - General in accordance with US-GAAP standards.\n\nTransaction Examples:\n- Recording of allowance for bad debts transactions\n- Adjustments related to allowance for bad debts\n- Period-end reconciliation and reporting\n\nGAAP Rationale: This account follows US-GAAP classification standards for asset accounts. It maintains proper segregation of duties and ensures accurate financial reporting in compliance with generally accepted accounting principles.\n\nWhen NOT to Use: Do not use this account for transactions that belong to other asset categories or for items that should be classified under different account types. Ensure proper authorization and documentation before posting entries.\n\nCross-References: Related accounts include other asset accounts within the Asset - General classification. Review the complete chart of accounts for proper account selection.\n\nFrequency: This account appears in 4 legacy account(s) across 4 company/companies, indicating high standardization importance."",
  ""examples"": [],
  ""gaap_rationale"": """"
}"
19729,Employee cash advances,2024-01-01,,D,10000,2,Asset,"{
  ""subcategory"": ""Current Asset - Cash and Cash Equivalents"",
  ""normal_balance"": ""Debit"",
  ""cash_flow_classification"": ""Operating Activities"",
  ""cost_center"": ""CC-0000"",
  ""gaap_classification"": ""US-GAAP Asset"",
  ""detailed_description"": ""Employee cash advances - This account is used to record Payments made to employees that will be repaid to the company.\n\nPurpose: This account tracks asset items specifically related to employee cash advances. It is classified under Current Asset - Cash and Cash Equivalents in accordance with US-GAAP standards.\n\nTransaction Examples:\n- Recording of employee cash advances transactions\n- Adjustments related to employee cash advances\n- Period-end reconciliation and reporting\n\nGAAP Rationale: This account follows US-GAAP classification standards for asset accounts. It maintains proper segregation of duties and ensures accurate financial reporting in compliance with generally accepted accounting principles.\n\nWhen NOT to Use: Do not use this account for transactions that belong to other asset categories or for items that should be classified under different account types. Ensure proper authorization and documentation before posting entries.\n\nCross-References: Related accounts include other asset accounts within the Current Asset - Cash and Cash Equivalents classification. Review the complete chart of accounts for proper account selection.\n\nFrequency: This account appears in 4 legacy account(s) across 4 company/companies, indicating high standardization importance."",
  ""examples"": [],
  ""gaap_rationale"": """"
}"
19798,Inventory Asset,2024-01-01,,D,10000,2,Asset,"{
  ""subcategory"": ""Current Asset - Inventory"",
  ""normal_balance"": ""Debit"",
  ""cash_flow_classification"": ""Operating Activities"",
  ""cost_center"": ""CC-0000"",
  ""gaap_classification"": ""US-GAAP Asset"",
  ""detailed_description"": ""Inventory Asset - This account is used to record Products on hand to sell to customers.\n\nPurpose: This account tracks asset items specifically related to inventory asset. It is classified under Current Asset - Inventory in accordance with US-GAAP standards.\n\nTransaction Examples:\n- Recording of inventory asset transactions\n- Adjustments related to inventory asset\n- Period-end reconciliation and reporting\n\nGAAP Rationale: This account follows US-GAAP classification standards for asset accounts. It maintains proper segregation of duties and ensures accurate financial reporting in compliance with generally accepted accounting principles.\n\nWhen NOT to Use: Do not use this account for transactions that belong to other asset categories or for items that should be classified under different account types. Ensure proper authorization and documentation before posting entries.\n\nCross-References: Related accounts include other asset accounts within the Current Asset - Inventory classification. Review the complete chart of accounts for proper account selection.\n\nFrequency: This account appears in 8 legacy account(s) across 8 company/companies, indicating high standardization importance."",
  ""examples"": [],
  ""gaap_rationale"": """"
}"
19867,Loans to officers,2024-01-01,,D,10000,2,Asset,"{
  ""subcategory"": ""Asset - General"",
  ""normal_balance"": ""Debit"",
  ""cash_flow_classification"": ""Operating Activities"",
  ""cost_center"": ""CC-0000"",
  ""gaap_classification"": ""US-GAAP Asset"",
  ""detailed_description"": ""Loans to officers - This account is used to record Money loaned to officers expected to be repaid within a year.\n\nPurpose: This account tracks asset items specifically related to loans to officers. It is classified under Asset - General in accordance with US-GAAP standards.\n\nTransaction Examples:\n- Recording of loans to officers transactions\n- Adjustments related to loans to officers\n- Period-end reconciliation and reporting\n\nGAAP Rationale: This account follows US-GAAP classification standards for asset accounts. It maintains proper segregation of duties and ensures accurate financial reporting in compliance with generally accepted accounting principles.\n\nWhen NOT to Use: Do not use this account for transactions that belong to other asset categories or for items that should be classified under different account types. Ensure proper authorization and documentation before posting entries.\n\nCross-References: Related accounts include other asset accounts within the Asset - General classification. Review the complete chart of accounts for proper account selection.\n\nFrequency: This account appears in 8 legacy account(s) across 4 company/companies, indicating high standardization importance."",
  ""examples"": [],
  ""gaap_rationale"": """"
}"
50000,Cost of goods sold,2024-01-01,,D,50000,2,Cost of Goods Sold,"{
  ""subcategory"": ""Cost of Goods Sold - General"",
  ""normal_balance"": ""Debit"",
  ""cash_flow_classification"": ""Operating Activities"",
  ""cost_center"": ""CC-2000"",
  ""gaap_classification"": ""US-GAAP Cost of Goods Sold"",
  ""detailed_description"": ""Cost of goods sold - This account is used to record The costs to your business to make products or services.\n\nPurpose: This account tracks cost of goods sold items specifically related to cost of goods sold. It is classified under Cost of Goods Sold - General in accordance with US-GAAP standards.\n\nTransaction Examples:\n- Recording of cost of goods sold transactions\n- Adjustments related to cost of goods sold\n- Period-end reconciliation and reporting\n\nGAAP Rationale: This account follows US-GAAP classification standards for cost of goods sold accounts. It maintains proper segregation of duties and ensures accurate financial reporting in compliance with generally accepted accounting principles.\n\nWhen NOT to Use: Do not use this account for transactions that belong to other cost of goods sold categories or for items that should be classified under different account types. Ensure proper authorization and documentation before posting entries.\n\nCross-References: Related accounts include other cost of goods sold accounts within the Cost of Goods Sold - General classification. Review the complete chart of accounts for proper account selection.\n\nFrequency: This account appears in 12 legacy account(s) across 8 company/companies, indicating high standardization importance."",
  ""examples"": [],
  ""gaap_rationale"": """"
}"
50227,Cost of goods sold:Cost of labor - COGS,2024-01-01,,D,50000,2,Cost of Goods Sold,"{
  ""subcategory"": ""COGS - Direct Labor"",
  ""normal_balance"": ""Debit"",
  ""cash_flow_classification"": ""Operating Activities"",
  ""cost_center"": ""CC-2000"",
  ""gaap_classification"": ""US-GAAP Cost of Goods Sold"",
  ""detailed_description"": ""Cost of goods sold:Cost of labor - COGS - This account is used to record Costs of outside labor to make a product.\n\nPurpose: This account tracks cost of goods sold items specifically related to cost of goods sold:cost of labor - cogs. It is classified under COGS - Direct Labor in accordance with US-GAAP standards.\n\nTransaction Examples:\n- Recording of cost of goods sold:cost of labor - cogs transactions\n- Adjustments related to cost of goods sold:cost of labor - cogs\n- Period-end reconciliation and reporting\n\nGAAP Rationale: This account follows US-GAAP classification standards for cost of goods sold accounts. It maintains proper segregation of duties and ensures accurate financial reporting in compliance with generally accepted accounting principles.\n\nWhen NOT to Use: Do not use this account for transactions that belong to other cost of goods sold categories or for items that should be classified under different account types. Ensure proper authorization and documentation before posting entries.\n\nCross-References: Related accounts include other cost of goods sold accounts within the COGS - Direct Labor classification. Review the complete chart of accounts for proper account selection.\n\nFrequency: This account appears in 8 legacy account(s) across 4 company/companies, indicating high standardization importance."",
  ""examples"": [],
  ""gaap_rationale"": """"
}"
50454,Legal & accounting services:Accounting fees,2024-01-01,,D,50000,2,Cost of Goods Sold,"{
  ""subcategory"": ""Cost of Goods Sold - General"",
  ""normal_balance"": ""Debit"",
  ""cash_flow_classification"": ""Operating Activities"",
  ""cost_center"": ""CC-2000"",
  ""gaap_classification"": ""US-GAAP Cost of Goods Sold"",
  ""detailed_description"": ""Legal & accounting services:Accounting fees - This account is used to record Costs of accountants, tax advice, and tax forms.\n\nPurpose: This account tracks cost of goods sold items specifically related to legal & accounting services:accounting fees. It is classified under Cost of Goods Sold - General in accordance with US-GAAP standards.\n\nTransaction Examples:\n- Recording of legal & accounting services:accounting fees transactions\n- Adjustments related to legal & accounting services:accounting fees\n- Period-end reconciliation and reporting\n\nGAAP Rationale: This account follows US-GAAP classification standards for cost of goods sold accounts. It maintains proper segregation of duties and ensures accurate financial reporting in compliance with generally accepted accounting principles.\n\nWhen NOT to Use: Do not use this account for transactions that belong to other cost of goods sold categories or for items that should be classified under different account types. Ensure proper authorization and documentation before posting entries.\n\nCross-References: Related accounts include other cost of goods sold accounts within the Cost of Goods Sold - General classification. Review the complete chart of accounts for proper account selection.\n\nFrequency: This account appears in 7 legacy account(s) across 4 company/companies, indicating high standardization importance."",
  ""examples"": [],
  ""gaap_rationale"": """"
}"
50681,Advertising & marketing,2024-01-01,,D,50000,2,Cost of Goods Sold,"{
  ""subcategory"": ""Cost of Goods Sold - General"",
  ""normal_balance"": ""Debit"",
  ""cash_flow_classification"": ""Operating Activities"",
  ""cost_center"": ""CC-2000"",
  ""gaap_classification"": ""US-GAAP Cost of Goods Sold"",
  ""detailed_description"": ""Advertising & marketing - This account is used to record Costs to promote products and services.\n\nPurpose: This account tracks cost of goods sold items specifically related to advertising & marketing. It is classified under Cost of Goods Sold - General in accordance with US-GAAP standards.\n\nTransaction Examples:\n- Recording of advertising & marketing transactions\n- Adjustments related to advertising & marketing\n- Period-end reconciliation and reporting\n\nGAAP Rationale: This account follows US-GAAP classification standards for cost of goods sold accounts. It maintains proper segregation of duties and ensures accurate financial reporting in compliance with generally accepted accounting principles.\n\nWhen NOT to Use: Do not use this account for transactions that belong to other cost of goods sold categories or for items that should be classified under different account types. Ensure proper authorization and documentation before posting entries.\n\nCross-References: Related accounts include other cost of goods sold accounts within the Cost of Goods Sold - General classification. Review the complete chart of accounts for proper account selection.\n\nFrequency: This account appears in 13 legacy account(s) across 4 company/companies, indicating high standardization importance."",
  ""examples"": [],
  ""gaap_rationale"": """"
}"
50908,Travel:Airfare,2024-01-01,,D,50000,2,Cost of Goods Sold,"{
  ""subcategory"": ""Cost of Goods Sold - General"",
  ""normal_balance"": ""Debit"",
  ""cash_flow_classification"": ""Operating Activities"",
  ""cost_center"": ""CC-2000"",
  ""gaap_classification"": ""US-GAAP Cost of Goods Sold"",
  ""detailed_description"": ""Travel:Airfare - This account is used to record Costs of airfare.\n\nPurpose: This account tracks cost of goods sold items specifically related to travel:airfare. It is classified under Cost of Goods Sold - General in accordance with US-GAAP standards.\n\nTransaction Examples:\n- Recording of travel:airfare transactions\n- Adjustments related to travel:airfare\n- Period-end reconciliation and reporting\n\nGAAP Rationale: This account follows US-GAAP classification standards for cost of goods sold accounts. It maintains proper segregation of duties and ensures accurate financial reporting in compliance with generally accepted accounting principles.\n\nWhen NOT to Use: Do not use this account for transactions that belong to other cost of goods sold categories or for items that should be classified under different account types. Ensure proper authorization and documentation before posting entries.\n\nCross-References: Related accounts include other cost of goods sold accounts within the Cost of Goods Sold - General classification. Review the complete chart of accounts for proper account selection.\n\nFrequency: This account appears in 4 legacy account(s) across 4 company/companies, indicating high standardization importance."",
  ""examples"": [],
  ""gaap_rationale"": """"
}"
51135,Insurance,2024-01-01,,D,50000,2,Cost of Goods Sold,"{
  ""subcategory"": ""Cost of Goods Sold - General"",
  ""normal_balance"": ""Debit"",
  ""cash_flow_classification"": ""Operating Activities"",
  ""cost_center"": ""CC-2000"",
  ""gaap_classification"": ""US-GAAP Cost of Goods Sold"",
  ""detailed_description"": ""Insurance - This account is used to record Costs of premiums for business insurance.\n\nPurpose: This account tracks cost of goods sold items specifically related to insurance. It is classified under Cost of Goods Sold - General in accordance with US-GAAP standards.\n\nTransaction Examples:\n- Recording of insurance transactions\n- Adjustments related to insurance\n- Period-end reconciliation and reporting\n\nGAAP Rationale: This account follows US-GAAP classification standards for cost of goods sold accounts. It maintains proper segregation of duties and ensures accurate financial reporting in compliance with generally accepted accounting principles.\n\nWhen NOT to Use: Do not use this account for transactions that belong to other cost of goods sold categories or for items that should be classified under different account types. Ensure proper authorization and documentation before posting entries.\n\nCross-References: Related accounts include other cost of goods sold accounts within the Cost of Goods Sold - General classification. Review the complete chart of accounts for proper account selection.\n\nFrequency: This account appears in 8 legacy account(s) across 4 company/companies, indicating high standardization importance."",
  ""examples"": [],
  ""gaap_rationale"": """"
}"
51362,Business licenses,2024-01-01,,D,50000,2,Cost of Goods Sold,"{
  ""subcategory"": ""Cost of Goods Sold - General"",
  ""normal_balance"": ""Debit"",
  ""cash_flow_classification"": ""Operating Activities"",
  ""cost_center"": ""CC-2000"",
  ""gaap_classification"": ""US-GAAP Cost of Goods Sold"",
  ""detailed_description"": ""Business licenses - This account is used to record Costs of business licenses and permits that are considered expenses.\n\nPurpose: This account tracks cost of goods sold items specifically related to business licenses. It is classified under Cost of Goods Sold - General in accordance with US-GAAP standards.\n\nTransaction Examples:\n- Recording of business licenses transactions\n- Adjustments related to business licenses\n- Period-end reconciliation and reporting\n\nGAAP Rationale: This account follows US-GAAP classification standards for cost of goods sold accounts. It maintains proper segregation of duties and ensures accurate financial reporting in compliance with generally accepted accounting principles.\n\nWhen NOT to Use: Do not use this account for transactions that belong to other cost of goods sold categories or for items that should be classified under different account types. Ensure proper authorization and documentation before posting entries.\n\nCross-References: Related accounts include other cost of goods sold accounts within the Cost of Goods Sold - General classification. Review the complete chart of accounts for proper account selection.\n\nFrequency: This account appears in 4 legacy account(s) across 4 company/companies, indicating high standardization importance."",
  ""examples"": [],
  ""gaap_rationale"": """"
}"
51589,General business expenses:Continuing education,2024-01-01,,D,50000,2,Cost of Goods Sold,"{
  ""subcategory"": ""Cost of Goods Sold - General"",
  ""normal_balance"": ""Debit"",
  ""cash_flow_classification"": ""Operating Activities"",
  ""cost_center"": ""CC-2000"",
  ""gaap_classification"": ""US-GAAP Cost of Goods Sold"",
  ""detailed_description"": ""General business expenses:Continuing education - This account is used to record Costs of education related to your industry.\n\nPurpose: This account tracks cost of goods sold items specifically related to general business expenses:continuing education. It is classified under Cost of Goods Sold - General in accordance with US-GAAP standards.\n\nTransaction Examples:\n- Recording of general business expenses:continuing education transactions\n- Adjustments related to general business expenses:continuing education\n- Period-end reconciliation and reporting\n\nGAAP Rationale: This account follows US-GAAP classification standards for cost of goods sold accounts. It maintains proper segregation of duties and ensures accurate financial reporting in compliance with generally accepted accounting principles.\n\nWhen NOT to Use: Do not use this account for transactions that belong to other cost of goods sold categories or for items that should be classified under different account types. Ensure proper authorization and documentation before posting entries.\n\nCross-References: Related accounts include other cost of goods sold accounts within the Cost of Goods Sold - General classification. Review the complete chart of accounts for proper account selection.\n\nFrequency: This account appears in 4 legacy account(s) across 4 company/companies, indicating high standardization importance."",
  ""examples"": [],
  ""gaap_rationale"": """"
}"
51816,Utilities:Disposal & waste fees,2024-01-01,,D,50000,2,Cost of Goods Sold,"{
  ""subcategory"": ""Cost of Goods Sold - General"",
  ""normal_balance"": ""Debit"",
  ""cash_flow_classification"": ""Operating Activities"",
  ""cost_center"": ""CC-2000"",
  ""gaap_classification"": ""US-GAAP Cost of Goods Sold"",
  ""detailed_description"": ""Utilities:Disposal & waste fees - This account is used to record Costs to dispose of waste.\n\nPurpose: This account tracks cost of goods sold items specifically related to utilities:disposal & waste fees. It is classified under Cost of Goods Sold - General in accordance with US-GAAP standards.\n\nTransaction Examples:\n- Recording of utilities:disposal & waste fees transactions\n- Adjustments related to utilities:disposal & waste fees\n- Period-end reconciliation and reporting\n\nGAAP Rationale: This account follows US-GAAP classification standards for cost of goods sold accounts. It maintains proper segregation of duties and ensures accurate financial reporting in compliance with generally accepted accounting principles.\n\nWhen NOT to Use: Do not use this account for transactions that belong to other cost of goods sold categories or for items that should be classified under different account types. Ensure proper authorization and documentation before posting entries.\n\nCross-References: Related accounts include other cost of goods sold accounts within the Cost of Goods Sold - General classification. Review the complete chart of accounts for proper account selection.\n\nFrequency: This account appears in 4 legacy account(s) across 4 company/companies, indicating high standardization importance."",
  ""examples"": [],
  ""gaap_rationale"": """"
}"
52043,Utilities:Electricity,2024-01-01,,D,50000,2,Cost of Goods Sold,"{
  ""subcategory"": ""Cost of Goods Sold - General"",
  ""normal_balance"": ""Debit"",
  ""cash_flow_classification"": ""Operating Activities"",
  ""cost_center"": ""CC-2000"",
  ""gaap_classification"": ""US-GAAP Cost of Goods Sold"",
  ""detailed_description"": ""Utilities:Electricity - This account is used to record Costs of electricity service.\n\nPurpose: This account tracks cost of goods sold items specifically related to utilities:electricity. It is classified under Cost of Goods Sold - General in accordance with US-GAAP standards.\n\nTransaction Examples:\n- Recording of utilities:electricity transactions\n- Adjustments related to utilities:electricity\n- Period-end reconciliation and reporting\n\nGAAP Rationale: This account follows US-GAAP classification standards for cost of goods sold accounts. It maintains proper segregation of duties and ensures accurate financial reporting in compliance with generally accepted accounting principles.\n\nWhen NOT to Use: Do not use this account for transactions that belong to other cost of goods sold categories or for items that should be classified under different account types. Ensure proper authorization and documentation before posting entries.\n\nCross-References: Related accounts include other cost of goods sold accounts within the Cost of Goods Sold - General classification. Review the complete chart of accounts for proper account selection.\n\nFrequency: This account appears in 4 legacy account(s) across 4 company/companies, indicating high standardization importance."",
  ""examples"": [],
  ""gaap_rationale"": """"
}"
52270,Employee benefits,2024-01-01,,D,50000,2,Cost of Goods Sold,"{
  ""subcategory"": ""Cost of Goods Sold - General"",
  ""normal_balance"": ""Debit"",
  ""cash_flow_classification"": ""Operating Activities"",
  ""cost_center"": ""CC-2000"",
  ""gaap_classification"": ""US-GAAP Cost of Goods Sold"",
  ""detailed_description"": ""Employee benefits - This account is used to record Costs of employee benefit programs.\n\nPurpose: This account tracks cost of goods sold items specifically related to employee benefits. It is classified under Cost of Goods Sold - General in accordance with US-GAAP standards.\n\nTransaction Examples:\n- Recording of employee benefits transactions\n- Adjustments related to employee benefits\n- Period-end reconciliation and reporting\n\nGAAP Rationale: This account follows US-GAAP classification standards for cost of goods sold accounts. It maintains proper segregation of duties and ensures accurate financial reporting in compliance with generally accepted accounting principles.\n\nWhen NOT to Use: Do not use this account for transactions that belong to other cost of goods sold categories or for items that should be classified under different account types. Ensure proper authorization and documentation before posting entries.\n\nCross-References: Related accounts include other cost of goods sold accounts within the Cost of Goods Sold - General classification. Review the complete chart of accounts for proper account selection.\n\nFrequency: This account appears in 17 legacy account(s) across 4 company/companies, indicating high standardization importance."",
  ""examples"": [],
  ""gaap_rationale"": """"
}"
52497,Entertainment,2024-01-01,,D,50000,2,Cost of Goods Sold,"{
  ""subcategory"": ""Cost of Goods Sold - General"",
  ""normal_balance"": ""Debit"",
  ""cash_flow_classification"": ""Operating Activities"",
  ""cost_center"": ""CC-2000"",
  ""gaap_classification"": ""US-GAAP Cost of Goods Sold"",
  ""detailed_description"": ""Entertainment - This account is used to record Costs of entertainment, like movies or sporting events.\n\nPurpose: This account tracks cost of goods sold items specifically related to entertainment. It is classified under Cost of Goods Sold - General in accordance with US-GAAP standards.\n\nTransaction Examples:\n- Recording of entertainment transactions\n- Adjustments related to entertainment\n- Period-end reconciliation and reporting\n\nGAAP Rationale: This account follows US-GAAP classification standards for cost of goods sold accounts. It maintains proper segregation of duties and ensures accurate financial reporting in compliance with generally accepted accounting principles.\n\nWhen NOT to Use: Do not use this account for transactions that belong to other cost of goods sold categories or for items that should be classified under different account types. Ensure proper authorization and documentation before posting entries.\n\nCross-References: Related accounts include other cost of goods sold accounts within the Cost of Goods Sold - General classification. Review the complete chart of accounts for proper account selection.\n\nFrequency: This account appears in 4 legacy account(s) across 4 company/companies, indicating high standardization importance."",
  ""examples"": [],
  ""gaap_rationale"": """"
}"
52724,Employee benefits:Group term life insurance,2024-01-01,,D,50000,2,Cost of Goods Sold,"{
  ""subcategory"": ""Cost of Goods Sold - General"",
  ""normal_balance"": ""Debit"",
  ""cash_flow_classification"": ""Operating Activities"",
  ""cost_center"": ""CC-2000"",
  ""gaap_classification"": ""US-GAAP Cost of Goods Sold"",
  ""detailed_description"": ""Employee benefits:Group term life insurance - This account is used to record Costs of group term life insurance coverage.\n\nPurpose: This account tracks cost of goods sold items specifically related to employee benefits:group term life insurance. It is classified under Cost of Goods Sold - General in accordance with US-GAAP standards.\n\nTransaction Examples:\n- Recording of employee benefits:group term life insurance transactions\n- Adjustments related to employee benefits:group term life insurance\n- Period-end reconciliation and reporting\n\nGAAP Rationale: This account follows US-GAAP classification standards for cost of goods sold accounts. It maintains proper segregation of duties and ensures accurate financial reporting in compliance with generally accepted accounting principles.\n\nWhen NOT to Use: Do not use this account for transactions that belong to other cost of goods sold categories or for items that should be classified under different account types. Ensure proper authorization and documentation before posting entries.\n\nCross-References: Related accounts include other cost of goods sold accounts within the Cost of Goods Sold - General classification. Review the complete chart of accounts for proper account selection.\n\nFrequency: This account appears in 5 legacy account(s) across 4 company/companies, indicating high standardization importance."",
  ""examples"": [],
  ""gaap_rationale"": """"
}"
52951,Health insurance & accident plans,2024-01-01,,D,50000,2,Cost of Goods Sold,"{
  ""subcategory"": ""Cost of Goods Sold - General"",
  ""normal_balance"": ""Debit"",
  ""cash_flow_classification"": ""Operating Activities"",
  ""cost_center"": ""CC-2000"",
  ""gaap_classification"": ""US-GAAP Cost of Goods Sold"",
  ""detailed_description"": ""Health insurance & accident plans - This account is used to record Costs of employee health care and accident plans.\n\nPurpose: This account tracks cost of goods sold items specifically related to health insurance & accident plans. It is classified under Cost of Goods Sold - General in accordance with US-GAAP standards.\n\nTransaction Examples:\n- Recording of health insurance & accident plans transactions\n- Adjustments related to health insurance & accident plans\n- Period-end reconciliation and reporting\n\nGAAP Rationale: This account follows US-GAAP classification standards for cost of goods sold accounts. It maintains proper segregation of duties and ensures accurate financial reporting in compliance with generally accepted accounting principles.\n\nWhen NOT to Use: Do not use this account for transactions that belong to other cost of goods sold categories or for items that should be classified under different account types. Ensure proper authorization and documentation before posting entries.\n\nCross-References: Related accounts include other cost of goods sold accounts within the Cost of Goods Sold - General classification. Review the complete chart of accounts for proper account selection.\n\nFrequency: This account appears in 1 legacy account(s) across 1 company/companies, indicating high standardization importance."",
  ""examples"": [],
  ""gaap_rationale"": """"
}"
53178,Utilities:Heating & cooling,2024-01-01,,D,50000,2,Cost of Goods Sold,"{
  ""subcategory"": ""Cost of Goods Sold - General"",
  ""normal_balance"": ""Debit"",
  ""cash_flow_classification"": ""Operating Activities"",
  ""cost_center"": ""CC-2000"",
  ""gaap_classification"": ""US-GAAP Cost of Goods Sold"",
  ""detailed_description"": ""Utilities:Heating & cooling - This account is used to record Costs of heating and cooling services.\n\nPurpose: This account tracks cost of goods sold items specifically related to utilities:heating & cooling. It is classified under Cost of Goods Sold - General in accordance with US-GAAP standards.\n\nTransaction Examples:\n- Recording of utilities:heating & cooling transactions\n- Adjustments related to utilities:heating & cooling\n- Period-end reconciliation and reporting\n\nGAAP Rationale: This account follows US-GAAP classification standards for cost of goods sold accounts. It maintains proper segregation of duties and ensures accurate financial reporting in compliance with generally accepted accounting principles.\n\nWhen NOT to Use: Do not use this account for transactions that belong to other cost of goods sold categories or for items that should be classified under different account types. Ensure proper authorization and documentation before posting entries.\n\nCross-References: Related accounts include other cost of goods sold accounts within the Cost of Goods Sold - General classification. Review the complete chart of accounts for proper account selection.\n\nFrequency: This account appears in 4 legacy account(s) across 4 company/companies, indicating high standardization importance."",
  ""examples"": [],
  ""gaap_rationale"": """"
}"
53405,Travel:Hotels,2024-01-01,,D,50000,2,Cost of Goods Sold,"{
  ""subcategory"": ""Cost of Goods Sold - General"",
  ""normal_balance"": ""Debit"",
  ""cash_flow_classification"": ""Operating Activities"",
  ""cost_center"": ""CC-2000"",
  ""gaap_classification"": ""US-GAAP Cost of Goods Sold"",
  ""detailed_description"": ""Travel:Hotels - This account is used to record Costs of hotel and lodging.\n\nPurpose: This account tracks cost of goods sold items specifically related to travel:hotels. It is classified under Cost of Goods Sold - General in accordance with US-GAAP standards.\n\nTransaction Examples:\n- Recording of travel:hotels transactions\n- Adjustments related to travel:hotels\n- Period-end reconciliation and reporting\n\nGAAP Rationale: This account follows US-GAAP classification standards for cost of goods sold accounts. It maintains proper segregation of duties and ensures accurate financial reporting in compliance with generally accepted accounting principles.\n\nWhen NOT to Use: Do not use this account for transactions that belong to other cost of goods sold categories or for items that should be classified under different account types. Ensure proper authorization and documentation before posting entries.\n\nCross-References: Related accounts include other cost of goods sold accounts within the Cost of Goods Sold - General classification. Review the complete chart of accounts for proper account selection.\n\nFrequency: This account appears in 4 legacy account(s) across 4 company/companies, indicating high standardization importance."",
  ""examples"": [],
  ""gaap_rationale"": """"
}"
53632,Utilities:Internet & TV services,2024-01-01,,D,50000,2,Cost of Goods Sold,"{
  ""subcategory"": ""Cost of Goods Sold - General"",
  ""normal_balance"": ""Debit"",
  ""cash_flow_classification"": ""Operating Activities"",
  ""cost_center"": ""CC-2000"",
  ""gaap_classification"": ""US-GAAP Cost of Goods Sold"",
  ""detailed_description"": ""Utilities:Internet & TV services - This account is used to record Costs of internet and television service.\n\nPurpose: This account tracks cost of goods sold items specifically related to utilities:internet & tv services. It is classified under Cost of Goods Sold - General in accordance with US-GAAP standards.\n\nTransaction Examples:\n- Recording of utilities:internet & tv services transactions\n- Adjustments related to utilities:internet & tv services\n- Period-end reconciliation and reporting\n\nGAAP Rationale: This account follows US-GAAP classification standards for cost of goods sold accounts. It maintains proper segregation of duties and ensures accurate financial reporting in compliance with generally accepted accounting principles.\n\nWhen NOT to Use: Do not use this account for transactions that belong to other cost of goods sold categories or for items that should be classified under different account types. Ensure proper authorization and documentation before posting entries.\n\nCross-References: Related accounts include other cost of goods sold accounts within the Cost of Goods Sold - General classification. Review the complete chart of accounts for proper account selection.\n\nFrequency: This account appears in 4 legacy account(s) across 4 company/companies, indicating high standardization importance."",
  ""examples"": [],
  ""gaap_rationale"": """"
}"
53859,Legal & accounting services,2024-01-01,,D,50000,2,Cost of Goods Sold,"{
  ""subcategory"": ""Cost of Goods Sold - General"",
  ""normal_balance"": ""Debit"",
  ""cash_flow_classification"": ""Operating Activities"",
  ""cost_center"": ""CC-2000"",
  ""gaap_classification"": ""US-GAAP Cost of Goods Sold"",
  ""detailed_description"": ""Legal & accounting services - This account is used to record The costs of accountants and attorneys to help run your business.\n\nPurpose: This account tracks cost of goods sold items specifically related to legal & accounting services. It is classified under Cost of Goods Sold - General in accordance with US-GAAP standards.\n\nTransaction Examples:\n- Recording of legal & accounting services transactions\n- Adjustments related to legal & accounting services\n- Period-end reconciliation and reporting\n\nGAAP Rationale: This account follows US-GAAP classification standards for cost of goods sold accounts. It maintains proper segregation of duties and ensures accurate financial reporting in compliance with generally accepted accounting principles.\n\nWhen NOT to Use: Do not use this account for transactions that belong to other cost of goods sold categories or for items that should be classified under different account types. Ensure proper authorization and documentation before posting entries.\n\nCross-References: Related accounts include other cost of goods sold accounts within the Cost of Goods Sold - General classification. Review the complete chart of accounts for proper account selection.\n\nFrequency: This account appears in 5 legacy account(s) across 4 company/companies, indicating high standardization importance."",
  ""examples"": [],
  ""gaap_rationale"": """"
}"
54086,Listing fees,2024-01-01,,D,50000,2,Cost of Goods Sold,"{
  ""subcategory"": ""Cost of Goods Sold - General"",
  ""normal_balance"": ""Debit"",
  ""cash_flow_classification"": ""Operating Activities"",
  ""cost_center"": ""CC-2000"",
  ""gaap_classification"": ""US-GAAP Cost of Goods Sold"",
  ""detailed_description"": ""Listing fees - This account is used to record Costs to list products and services on third-party websites.\n\nPurpose: This account tracks cost of goods sold items specifically related to listing fees. It is classified under Cost of Goods Sold - General in accordance with US-GAAP standards.\n\nTransaction Examples:\n- Recording of listing fees transactions\n- Adjustments related to listing fees\n- Period-end reconciliation and reporting\n\nGAAP Rationale: This account follows US-GAAP classification standards for cost of goods sold accounts. It maintains proper segregation of duties and ensures accurate financial reporting in compliance with generally accepted accounting principles.\n\nWhen NOT to Use: Do not use this account for transactions that belong to other cost of goods sold categories or for items that should be classified under different account types. Ensure proper authorization and documentation before posting entries.\n\nCross-References: Related accounts include other cost of goods sold accounts within the Cost of Goods Sold - General classification. Review the complete chart of accounts for proper account selection.\n\nFrequency: This account appears in 1 legacy account(s) across 1 company/companies, indicating high standardization importance."",
  ""examples"": [],
  ""gaap_rationale"": """"
}"
54313,Meals,2024-01-01,,D,50000,2,Cost of Goods Sold,"{
  ""subcategory"": ""Cost of Goods Sold - General"",
  ""normal_balance"": ""Debit"",
  ""cash_flow_classification"": ""Operating Activities"",
  ""cost_center"": ""CC-2000"",
  ""gaap_classification"": ""US-GAAP Cost of Goods Sold"",
  ""detailed_description"": ""Meals - This account is used to record Costs of meals for workers.\n\nPurpose: This account tracks cost of goods sold items specifically related to meals. It is classified under Cost of Goods Sold - General in accordance with US-GAAP standards.\n\nTransaction Examples:\n- Recording of meals transactions\n- Adjustments related to meals\n- Period-end reconciliation and reporting\n\nGAAP Rationale: This account follows US-GAAP classification standards for cost of goods sold accounts. It maintains proper segregation of duties and ensures accurate financial reporting in compliance with generally accepted accounting principles.\n\nWhen NOT to Use: Do not use this account for transactions that belong to other cost of goods sold categories or for items that should be classified under different account types. Ensure proper authorization and documentation before posting entries.\n\nCross-References: Related accounts include other cost of goods sold accounts within the Cost of Goods Sold - General classification. Review the complete chart of accounts for proper account selection.\n\nFrequency: This account appears in 12 legacy account(s) across 4 company/companies, indicating high standardization importance."",
  ""examples"": [],
  ""gaap_rationale"": """"
}"
54540,General business expenses:Memberships & subscriptions,2024-01-01,,D,50000,2,Cost of Goods Sold,"{
  ""subcategory"": ""Cost of Goods Sold - General"",
  ""normal_balance"": ""Debit"",
  ""cash_flow_classification"": ""Operating Activities"",
  ""cost_center"": ""CC-2000"",
  ""gaap_classification"": ""US-GAAP Cost of Goods Sold"",
  ""detailed_description"": ""General business expenses:Memberships & subscriptions - This account is used to record Costs of memberships and subscriptions related to your industry.\n\nPurpose: This account tracks cost of goods sold items specifically related to general business expenses:memberships & subscriptions. It is classified under Cost of Goods Sold - General in accordance with US-GAAP standards.\n\nTransaction Examples:\n- Recording of general business expenses:memberships & subscriptions transactions\n- Adjustments related to general business expenses:memberships & subscriptions\n- Period-end reconciliation and reporting\n\nGAAP Rationale: This account follows US-GAAP classification standards for cost of goods sold accounts. It maintains proper segregation of duties and ensures accurate financial reporting in compliance with generally accepted accounting principles.\n\nWhen NOT to Use: Do not use this account for transactions that belong to other cost of goods sold categories or for items that should be classified under different account types. Ensure proper authorization and documentation before posting entries.\n\nCross-References: Related accounts include other cost of goods sold accounts within the Cost of Goods Sold - General classification. Review the complete chart of accounts for proper account selection.\n\nFrequency: This account appears in 4 legacy account(s) across 4 company/companies, indicating high standardization importance."",
  ""examples"": [],
  ""gaap_rationale"": """"
}"
54767,Office expenses:Merchant account fees,2024-01-01,,D,50000,2,Cost of Goods Sold,"{
  ""subcategory"": ""Cost of Goods Sold - General"",
  ""normal_balance"": ""Debit"",
  ""cash_flow_classification"": ""Operating Activities"",
  ""cost_center"": ""CC-2000"",
  ""gaap_classification"": ""US-GAAP Cost of Goods Sold"",
  ""detailed_description"": ""Office expenses:Merchant account fees - This account is used to record Costs to process transactions and have a merchant account.\n\nPurpose: This account tracks cost of goods sold items specifically related to office expenses:merchant account fees. It is classified under Cost of Goods Sold - General in accordance with US-GAAP standards.\n\nTransaction Examples:\n- Recording of office expenses:merchant account fees transactions\n- Adjustments related to office expenses:merchant account fees\n- Period-end reconciliation and reporting\n\nGAAP Rationale: This account follows US-GAAP classification standards for cost of goods sold accounts. It maintains proper segregation of duties and ensures accurate financial reporting in compliance with generally accepted accounting principles.\n\nWhen NOT to Use: Do not use this account for transactions that belong to other cost of goods sold categories or for items that should be classified under different account types. Ensure proper authorization and documentation before posting entries.\n\nCross-References: Related accounts include other cost of goods sold accounts within the Cost of Goods Sold - General classification. Review the complete chart of accounts for proper account selection.\n\nFrequency: This account appears in 4 legacy account(s) across 4 company/companies, indicating high standardization importance."",
  ""examples"": [],
  ""gaap_rationale"": """"
}"
54994,Office expenses,2024-01-01,,D,50000,2,Cost of Goods Sold,"{
  ""subcategory"": ""COGS - Supplies"",
  ""normal_balance"": ""Debit"",
  ""cash_flow_classification"": ""Operating Activities"",
  ""cost_center"": ""CC-2000"",
  ""gaap_classification"": ""US-GAAP Cost of Goods Sold"",
  ""detailed_description"": ""Office expenses - This account is used to record Costs of supplies for the office, like pens and cleaning products.\n\nPurpose: This account tracks cost of goods sold items specifically related to office expenses. It is classified under COGS - Supplies in accordance with US-GAAP standards.\n\nTransaction Examples:\n- Recording of office expenses transactions\n- Adjustments related to office expenses\n- Period-end reconciliation and reporting\n\nGAAP Rationale: This account follows US-GAAP classification standards for cost of goods sold accounts. It maintains proper segregation of duties and ensures accurate financial reporting in compliance with generally accepted accounting principles.\n\nWhen NOT to Use: Do not use this account for transactions that belong to other cost of goods sold categories or for items that should be classified under different account types. Ensure proper authorization and documentation before posting entries.\n\nCross-References: Related accounts include other cost of goods sold accounts within the COGS - Supplies classification. Review the complete chart of accounts for proper account selection.\n\nFrequency: This account appears in 14 legacy account(s) across 4 company/companies, indicating high standardization importance."",
  ""examples"": [],
  ""gaap_rationale"": """"
}"
55221,Payroll expenses:Officers' salaries,2024-01-01,,D,50000,2,Cost of Goods Sold,"{
  ""subcategory"": ""Cost of Goods Sold - General"",
  ""normal_balance"": ""Debit"",
  ""cash_flow_classification"": ""Operating Activities"",
  ""cost_center"": ""CC-2000"",
  ""gaap_classification"": ""US-GAAP Cost of Goods Sold"",
  ""detailed_description"": ""Payroll expenses:Officers' salaries - This account is used to record Cost of officers' pay.\n\nPurpose: This account tracks cost of goods sold items specifically related to payroll expenses:officers' salaries. It is classified under Cost of Goods Sold - General in accordance with US-GAAP standards.\n\nTransaction Examples:\n- Recording of payroll expenses:officers' salaries transactions\n- Adjustments related to payroll expenses:officers' salaries\n- Period-end reconciliation and reporting\n\nGAAP Rationale: This account follows US-GAAP classification standards for cost of goods sold accounts. It maintains proper segregation of duties and ensures accurate financial reporting in compliance with generally accepted accounting principles.\n\nWhen NOT to Use: Do not use this account for transactions that belong to other cost of goods sold categories or for items that should be classified under different account types. Ensure proper authorization and documentation before posting entries.\n\nCross-References: Related accounts include other cost of goods sold accounts within the Cost of Goods Sold - General classification. Review the complete chart of accounts for proper account selection.\n\nFrequency: This account appears in 8 legacy account(s) across 4 company/companies, indicating high standardization importance."",
  ""examples"": [],
  ""gaap_rationale"": """"
}"
55448,Payroll expenses,2024-01-01,,D,50000,2,Cost of Goods Sold,"{
  ""subcategory"": ""Cost of Goods Sold - General"",
  ""normal_balance"": ""Debit"",
  ""cash_flow_classification"": ""Operating Activities"",
  ""cost_center"": ""CC-2000"",
  ""gaap_classification"": ""US-GAAP Cost of Goods Sold"",
  ""detailed_description"": ""Payroll expenses - This account is used to record Costs of employee pay.\n\nPurpose: This account tracks cost of goods sold items specifically related to payroll expenses. It is classified under Cost of Goods Sold - General in accordance with US-GAAP standards.\n\nTransaction Examples:\n- Recording of payroll expenses transactions\n- Adjustments related to payroll expenses\n- Period-end reconciliation and reporting\n\nGAAP Rationale: This account follows US-GAAP classification standards for cost of goods sold accounts. It maintains proper segregation of duties and ensures accurate financial reporting in compliance with generally accepted accounting principles.\n\nWhen NOT to Use: Do not use this account for transactions that belong to other cost of goods sold categories or for items that should be classified under different account types. Ensure proper authorization and documentation before posting entries.\n\nCross-References: Related accounts include other cost of goods sold accounts within the Cost of Goods Sold - General classification. Review the complete chart of accounts for proper account selection.\n\nFrequency: This account appears in 4 legacy account(s) across 4 company/companies, indicating high standardization importance."",
  ""examples"": [],
  ""gaap_rationale"": """"
}"
55675,Taxes paid:Payroll taxes,2024-01-01,,D,50000,2,Cost of Goods Sold,"{
  ""subcategory"": ""Cost of Goods Sold - General"",
  ""normal_balance"": ""Debit"",
  ""cash_flow_classification"": ""Operating Activities"",
  ""cost_center"": ""CC-2000"",
  ""gaap_classification"": ""US-GAAP Cost of Goods Sold"",
  ""detailed_description"": ""Taxes paid:Payroll taxes - This account is used to record Cost of employer portion of payroll taxes.\n\nPurpose: This account tracks cost of goods sold items specifically related to taxes paid:payroll taxes. It is classified under Cost of Goods Sold - General in accordance with US-GAAP standards.\n\nTransaction Examples:\n- Recording of taxes paid:payroll taxes transactions\n- Adjustments related to taxes paid:payroll taxes\n- Period-end reconciliation and reporting\n\nGAAP Rationale: This account follows US-GAAP classification standards for cost of goods sold accounts. It maintains proper segregation of duties and ensures accurate financial reporting in compliance with generally accepted accounting principles.\n\nWhen NOT to Use: Do not use this account for transactions that belong to other cost of goods sold categories or for items that should be classified under different account types. Ensure proper authorization and documentation before posting entries.\n\nCross-References: Related accounts include other cost of goods sold accounts within the Cost of Goods Sold - General classification. Review the complete chart of accounts for proper account selection.\n\nFrequency: This account appears in 4 legacy account(s) across 4 company/companies, indicating high standardization importance."",
  ""examples"": [],
  ""gaap_rationale"": """"
}"
55902,Utilities:Phone service,2024-01-01,,D,50000,2,Cost of Goods Sold,"{
  ""subcategory"": ""Cost of Goods Sold - General"",
  ""normal_balance"": ""Debit"",
  ""cash_flow_classification"": ""Operating Activities"",
  ""cost_center"": ""CC-2000"",
  ""gaap_classification"": ""US-GAAP Cost of Goods Sold"",
  ""detailed_description"": ""Utilities:Phone service - This account is used to record Costs of phone service.\n\nPurpose: This account tracks cost of goods sold items specifically related to utilities:phone service. It is classified under Cost of Goods Sold - General in accordance with US-GAAP standards.\n\nTransaction Examples:\n- Recording of utilities:phone service transactions\n- Adjustments related to utilities:phone service\n- Period-end reconciliation and reporting\n\nGAAP Rationale: This account follows US-GAAP classification standards for cost of goods sold accounts. It maintains proper segregation of duties and ensures accurate financial reporting in compliance with generally accepted accounting principles.\n\nWhen NOT to Use: Do not use this account for transactions that belong to other cost of goods sold categories or for items that should be classified under different account types. Ensure proper authorization and documentation before posting entries.\n\nCross-References: Related accounts include other cost of goods sold accounts within the Cost of Goods Sold - General classification. Review the complete chart of accounts for proper account selection.\n\nFrequency: This account appears in 4 legacy account(s) across 4 company/companies, indicating high standardization importance."",
  ""examples"": [],
  ""gaap_rationale"": """"
}"
56129,Printing & photocopying,2024-01-01,,D,50000,2,Cost of Goods Sold,"{
  ""subcategory"": ""Cost of Goods Sold - General"",
  ""normal_balance"": ""Debit"",
  ""cash_flow_classification"": ""Operating Activities"",
  ""cost_center"": ""CC-2000"",
  ""gaap_classification"": ""US-GAAP Cost of Goods Sold"",
  ""detailed_description"": ""Printing & photocopying - This account is used to record Costs of printing paper and ink.\n\nPurpose: This account tracks cost of goods sold items specifically related to printing & photocopying. It is classified under Cost of Goods Sold - General in accordance with US-GAAP standards.\n\nTransaction Examples:\n- Recording of printing & photocopying transactions\n- Adjustments related to printing & photocopying\n- Period-end reconciliation and reporting\n\nGAAP Rationale: This account follows US-GAAP classification standards for cost of goods sold accounts. It maintains proper segregation of duties and ensures accurate financial reporting in compliance with generally accepted accounting principles.\n\nWhen NOT to Use: Do not use this account for transactions that belong to other cost of goods sold categories or for items that should be classified under different account types. Ensure proper authorization and documentation before posting entries.\n\nCross-References: Related accounts include other cost of goods sold accounts within the Cost of Goods Sold - General classification. Review the complete chart of accounts for proper account selection.\n\nFrequency: This account appears in 1 legacy account(s) across 1 company/companies, indicating high standardization importance."",
  ""examples"": [],
  ""gaap_rationale"": """"
}"
56356,Office expenses:Shipping & postage,2024-01-01,,D,50000,2,Cost of Goods Sold,"{
  ""subcategory"": ""COGS - Supplies"",
  ""normal_balance"": ""Debit"",
  ""cash_flow_classification"": ""Operating Activities"",
  ""cost_center"": ""CC-2000"",
  ""gaap_classification"": ""US-GAAP Cost of Goods Sold"",
  ""detailed_description"": ""Office expenses:Shipping & postage - This account is used to record Costs of stamps, postage, and shipping supplies.\n\nPurpose: This account tracks cost of goods sold items specifically related to office expenses:shipping & postage. It is classified under COGS - Supplies in accordance with US-GAAP standards.\n\nTransaction Examples:\n- Recording of office expenses:shipping & postage transactions\n- Adjustments related to office expenses:shipping & postage\n- Period-end reconciliation and reporting\n\nGAAP Rationale: This account follows US-GAAP classification standards for cost of goods sold accounts. It maintains proper segregation of duties and ensures accurate financial reporting in compliance with generally accepted accounting principles.\n\nWhen NOT to Use: Do not use this account for transactions that belong to other cost of goods sold categories or for items that should be classified under different account types. Ensure proper authorization and documentation before posting entries.\n\nCross-References: Related accounts include other cost of goods sold accounts within the COGS - Supplies classification. Review the complete chart of accounts for proper account selection.\n\nFrequency: This account appears in 4 legacy account(s) across 4 company/companies, indicating high standardization importance."",
  ""examples"": [],
  ""gaap_rationale"": """"
}"
56583,Social media,2024-01-01,,D,50000,2,Cost of Goods Sold,"{
  ""subcategory"": ""Cost of Goods Sold - General"",
  ""normal_balance"": ""Debit"",
  ""cash_flow_classification"": ""Operating Activities"",
  ""cost_center"": ""CC-2000"",
  ""gaap_classification"": ""US-GAAP Cost of Goods Sold"",
  ""detailed_description"": ""Social media - This account is used to record Costs to promote the business on social media.\n\nPurpose: This account tracks cost of goods sold items specifically related to social media. It is classified under Cost of Goods Sold - General in accordance with US-GAAP standards.\n\nTransaction Examples:\n- Recording of social media transactions\n- Adjustments related to social media\n- Period-end reconciliation and reporting\n\nGAAP Rationale: This account follows US-GAAP classification standards for cost of goods sold accounts. It maintains proper segregation of duties and ensures accurate financial reporting in compliance with generally accepted accounting principles.\n\nWhen NOT to Use: Do not use this account for transactions that belong to other cost of goods sold categories or for items that should be classified under different account types. Ensure proper authorization and documentation before posting entries.\n\nCross-References: Related accounts include other cost of goods sold accounts within the Cost of Goods Sold - General classification. Review the complete chart of accounts for proper account selection.\n\nFrequency: This account appears in 1 legacy account(s) across 1 company/companies, indicating high standardization importance."",
  ""examples"": [],
  ""gaap_rationale"": """"
}"
56810,Software & apps,2024-01-01,,D,50000,2,Cost of Goods Sold,"{
  ""subcategory"": ""Cost of Goods Sold - General"",
  ""normal_balance"": ""Debit"",
  ""cash_flow_classification"": ""Operating Activities"",
  ""cost_center"": ""CC-2000"",
  ""gaap_classification"": ""US-GAAP Cost of Goods Sold"",
  ""detailed_description"": ""Software & apps - This account is used to record Costs of software and apps for the business.\n\nPurpose: This account tracks cost of goods sold items specifically related to software & apps. It is classified under Cost of Goods Sold - General in accordance with US-GAAP standards.\n\nTransaction Examples:\n- Recording of software & apps transactions\n- Adjustments related to software & apps\n- Period-end reconciliation and reporting\n\nGAAP Rationale: This account follows US-GAAP classification standards for cost of goods sold accounts. It maintains proper segregation of duties and ensures accurate financial reporting in compliance with generally accepted accounting principles.\n\nWhen NOT to Use: Do not use this account for transactions that belong to other cost of goods sold categories or for items that should be classified under different account types. Ensure proper authorization and documentation before posting entries.\n\nCross-References: Related accounts include other cost of goods sold accounts within the Cost of Goods Sold - General classification. Review the complete chart of accounts for proper account selection.\n\nFrequency: This account appears in 1 legacy account(s) across 1 company/companies, indicating high standardization importance."",
  ""examples"": [],
  ""gaap_rationale"": """"
}"
57037,Supplies,2024-01-01,,D,50000,2,Cost of Goods Sold,"{
  ""subcategory"": ""COGS - Supplies"",
  ""normal_balance"": ""Debit"",
  ""cash_flow_classification"": ""Operating Activities"",
  ""cost_center"": ""CC-2000"",
  ""gaap_classification"": ""US-GAAP Cost of Goods Sold"",
  ""detailed_description"": ""Supplies - This account is used to record Costs of supplies to run the organization other than office supplies.\n\nPurpose: This account tracks cost of goods sold items specifically related to supplies. It is classified under COGS - Supplies in accordance with US-GAAP standards.\n\nTransaction Examples:\n- Recording of supplies transactions\n- Adjustments related to supplies\n- Period-end reconciliation and reporting\n\nGAAP Rationale: This account follows US-GAAP classification standards for cost of goods sold accounts. It maintains proper segregation of duties and ensures accurate financial reporting in compliance with generally accepted accounting principles.\n\nWhen NOT to Use: Do not use this account for transactions that belong to other cost of goods sold categories or for items that should be classified under different account types. Ensure proper authorization and documentation before posting entries.\n\nCross-References: Related accounts include other cost of goods sold accounts within the COGS - Supplies classification. Review the complete chart of accounts for proper account selection.\n\nFrequency: This account appears in 8 legacy account(s) across 4 company/companies, indicating high standardization importance."",
  ""examples"": [],
  ""gaap_rationale"": """"
}"
57264,Travel:Taxis or shared rides,2024-01-01,,D,50000,2,Cost of Goods Sold,"{
  ""subcategory"": ""Cost of Goods Sold - General"",
  ""normal_balance"": ""Debit"",
  ""cash_flow_classification"": ""Operating Activities"",
  ""cost_center"": ""CC-2000"",
  ""gaap_classification"": ""US-GAAP Cost of Goods Sold"",
  ""detailed_description"": ""Travel:Taxis or shared rides - This account is used to record Costs of using a ride-share service or taxi for business reasons.\n\nPurpose: This account tracks cost of goods sold items specifically related to travel:taxis or shared rides. It is classified under Cost of Goods Sold - General in accordance with US-GAAP standards.\n\nTransaction Examples:\n- Recording of travel:taxis or shared rides transactions\n- Adjustments related to travel:taxis or shared rides\n- Period-end reconciliation and reporting\n\nGAAP Rationale: This account follows US-GAAP classification standards for cost of goods sold accounts. It maintains proper segregation of duties and ensures accurate financial reporting in compliance with generally accepted accounting principles.\n\nWhen NOT to Use: Do not use this account for transactions that belong to other cost of goods sold categories or for items that should be classified under different account types. Ensure proper authorization and documentation before posting entries.\n\nCross-References: Related accounts include other cost of goods sold accounts within the Cost of Goods Sold - General classification. Review the complete chart of accounts for proper account selection.\n\nFrequency: This account appears in 4 legacy account(s) across 4 company/companies, indicating high standardization importance."",
  ""examples"": [],
  ""gaap_rationale"": """"
}"
57491,Travel,2024-01-01,,D,50000,2,Cost of Goods Sold,"{
  ""subcategory"": ""Cost of Goods Sold - General"",
  ""normal_balance"": ""Debit"",
  ""cash_flow_classification"": ""Operating Activities"",
  ""cost_center"": ""CC-2000"",
  ""gaap_classification"": ""US-GAAP Cost of Goods Sold"",
  ""detailed_description"": ""Travel - This account is used to record Costs of business-related travel.\n\nPurpose: This account tracks cost of goods sold items specifically related to travel. It is classified under Cost of Goods Sold - General in accordance with US-GAAP standards.\n\nTransaction Examples:\n- Recording of travel transactions\n- Adjustments related to travel\n- Period-end reconciliation and reporting\n\nGAAP Rationale: This account follows US-GAAP classification standards for cost of goods sold accounts. It maintains proper segregation of duties and ensures accurate financial reporting in compliance with generally accepted accounting principles.\n\nWhen NOT to Use: Do not use this account for transactions that belong to other cost of goods sold categories or for items that should be classified under different account types. Ensure proper authorization and documentation before posting entries.\n\nCross-References: Related accounts include other cost of goods sold accounts within the Cost of Goods Sold - General classification. Review the complete chart of accounts for proper account selection.\n\nFrequency: This account appears in 4 legacy account(s) across 4 company/companies, indicating high standardization importance."",
  ""examples"": [],
  ""gaap_rationale"": """"
}"
57718,General business expenses:Uniforms,2024-01-01,,D,50000,2,Cost of Goods Sold,"{
  ""subcategory"": ""Cost of Goods Sold - General"",
  ""normal_balance"": ""Debit"",
  ""cash_flow_classification"": ""Operating Activities"",
  ""cost_center"": ""CC-2000"",
  ""gaap_classification"": ""US-GAAP Cost of Goods Sold"",
  ""detailed_description"": ""General business expenses:Uniforms - This account is used to record Costs of uniforms for the workers in your business.\n\nPurpose: This account tracks cost of goods sold items specifically related to general business expenses:uniforms. It is classified under Cost of Goods Sold - General in accordance with US-GAAP standards.\n\nTransaction Examples:\n- Recording of general business expenses:uniforms transactions\n- Adjustments related to general business expenses:uniforms\n- Period-end reconciliation and reporting\n\nGAAP Rationale: This account follows US-GAAP classification standards for cost of goods sold accounts. It maintains proper segregation of duties and ensures accurate financial reporting in compliance with generally accepted accounting principles.\n\nWhen NOT to Use: Do not use this account for transactions that belong to other cost of goods sold categories or for items that should be classified under different account types. Ensure proper authorization and documentation before posting entries.\n\nCross-References: Related accounts include other cost of goods sold accounts within the Cost of Goods Sold - General classification. Review the complete chart of accounts for proper account selection.\n\nFrequency: This account appears in 4 legacy account(s) across 4 company/companies, indicating high standardization importance."",
  ""examples"": [],
  ""gaap_rationale"": """"
}"
57945,Utilities,2024-01-01,,D,50000,2,Cost of Goods Sold,"{
  ""subcategory"": ""Cost of Goods Sold - General"",
  ""normal_balance"": ""Debit"",
  ""cash_flow_classification"": ""Operating Activities"",
  ""cost_center"": ""CC-2000"",
  ""gaap_classification"": ""US-GAAP Cost of Goods Sold"",
  ""detailed_description"": ""Utilities - This account is used to record Costs of utilities used to operate the business.\n\nPurpose: This account tracks cost of goods sold items specifically related to utilities. It is classified under Cost of Goods Sold - General in accordance with US-GAAP standards.\n\nTransaction Examples:\n- Recording of utilities transactions\n- Adjustments related to utilities\n- Period-end reconciliation and reporting\n\nGAAP Rationale: This account follows US-GAAP classification standards for cost of goods sold accounts. It maintains proper segregation of duties and ensures accurate financial reporting in compliance with generally accepted accounting principles.\n\nWhen NOT to Use: Do not use this account for transactions that belong to other cost of goods sold categories or for items that should be classified under different account types. Ensure proper authorization and documentation before posting entries.\n\nCross-References: Related accounts include other cost of goods sold accounts within the Cost of Goods Sold - General classification. Review the complete chart of accounts for proper account selection.\n\nFrequency: This account appears in 7 legacy account(s) across 4 company/companies, indicating high standardization importance."",
  ""examples"": [],
  ""gaap_rationale"": """"
}"
58172,Water & sewer,2024-01-01,,D,50000,2,Cost of Goods Sold,"{
  ""subcategory"": ""Cost of Goods Sold - General"",
  ""normal_balance"": ""Debit"",
  ""cash_flow_classification"": ""Operating Activities"",
  ""cost_center"": ""CC-2000"",
  ""gaap_classification"": ""US-GAAP Cost of Goods Sold"",
  ""detailed_description"": ""Water & sewer - This account is used to record Costs of water and sewer service.\n\nPurpose: This account tracks cost of goods sold items specifically related to water & sewer. It is classified under Cost of Goods Sold - General in accordance with US-GAAP standards.\n\nTransaction Examples:\n- Recording of water & sewer transactions\n- Adjustments related to water & sewer\n- Period-end reconciliation and reporting\n\nGAAP Rationale: This account follows US-GAAP classification standards for cost of goods sold accounts. It maintains proper segregation of duties and ensures accurate financial reporting in compliance with generally accepted accounting principles.\n\nWhen NOT to Use: Do not use this account for transactions that belong to other cost of goods sold categories or for items that should be classified under different account types. Ensure proper authorization and documentation before posting entries.\n\nCross-References: Related accounts include other cost of goods sold accounts within the Cost of Goods Sold - General classification. Review the complete chart of accounts for proper account selection.\n\nFrequency: This account appears in 1 legacy account(s) across 1 company/companies, indicating high standardization importance."",
  ""examples"": [],
  ""gaap_rationale"": """"
}"
58399,Website ads,2024-01-01,,D,50000,2,Cost of Goods Sold,"{
  ""subcategory"": ""Cost of Goods Sold - General"",
  ""normal_balance"": ""Debit"",
  ""cash_flow_classification"": ""Operating Activities"",
  ""cost_center"": ""CC-2000"",
  ""gaap_classification"": ""US-GAAP Cost of Goods Sold"",
  ""detailed_description"": ""Website ads - This account is used to record Costs to promote the business on websites.\n\nPurpose: This account tracks cost of goods sold items specifically related to website ads. It is classified under Cost of Goods Sold - General in accordance with US-GAAP standards.\n\nTransaction Examples:\n- Recording of website ads transactions\n- Adjustments related to website ads\n- Period-end reconciliation and reporting\n\nGAAP Rationale: This account follows US-GAAP classification standards for cost of goods sold accounts. It maintains proper segregation of duties and ensures accurate financial reporting in compliance with generally accepted accounting principles.\n\nWhen NOT to Use: Do not use this account for transactions that belong to other cost of goods sold categories or for items that should be classified under different account types. Ensure proper authorization and documentation before posting entries.\n\nCross-References: Related accounts include other cost of goods sold accounts within the Cost of Goods Sold - General classification. Review the complete chart of accounts for proper account selection.\n\nFrequency: This account appears in 1 legacy account(s) across 1 company/companies, indicating high standardization importance."",
  ""examples"": [],
  ""gaap_rationale"": """"
}"
58626,Workers' compensation insurance,2024-01-01,,D,50000,2,Cost of Goods Sold,"{
  ""subcategory"": ""Cost of Goods Sold - General"",
  ""normal_balance"": ""Debit"",
  ""cash_flow_classification"": ""Operating Activities"",
  ""cost_center"": ""CC-2000"",
  ""gaap_classification"": ""US-GAAP Cost of Goods Sold"",
  ""detailed_description"": ""Workers' compensation insurance - This account is used to record Costs of worker's compensation insurance coverage.\n\nPurpose: This account tracks cost of goods sold items specifically related to workers' compensation insurance. It is classified under Cost of Goods Sold - General in accordance with US-GAAP standards.\n\nTransaction Examples:\n- Recording of workers' compensation insurance transactions\n- Adjustments related to workers' compensation insurance\n- Period-end reconciliation and reporting\n\nGAAP Rationale: This account follows US-GAAP classification standards for cost of goods sold accounts. It maintains proper segregation of duties and ensures accurate financial reporting in compliance with generally accepted accounting principles.\n\nWhen NOT to Use: Do not use this account for transactions that belong to other cost of goods sold categories or for items that should be classified under different account types. Ensure proper authorization and documentation before posting entries.\n\nCross-References: Related accounts include other cost of goods sold accounts within the Cost of Goods Sold - General classification. Review the complete chart of accounts for proper account selection.\n\nFrequency: This account appears in 1 legacy account(s) across 1 company/companies, indicating high standardization importance."",
  ""examples"": [],
  ""gaap_rationale"": """"
}"
58853,Depreciation expenses,2024-01-01,,D,50000,2,Cost of Goods Sold,"{
  ""subcategory"": ""Cost of Goods Sold - General"",
  ""normal_balance"": ""Debit"",
  ""cash_flow_classification"": ""Operating Activities"",
  ""cost_center"": ""CC-2000"",
  ""gaap_classification"": ""US-GAAP Cost of Goods Sold"",
  ""detailed_description"": ""Depreciation expenses - This account is used to record Costs your business deducts for large purchases over the course of their use.\n\nPurpose: This account tracks cost of goods sold items specifically related to depreciation expenses. It is classified under Cost of Goods Sold - General in accordance with US-GAAP standards.\n\nTransaction Examples:\n- Recording of depreciation expenses transactions\n- Adjustments related to depreciation expenses\n- Period-end reconciliation and reporting\n\nGAAP Rationale: This account follows US-GAAP classification standards for cost of goods sold accounts. It maintains proper segregation of duties and ensures accurate financial reporting in compliance with generally accepted accounting principles.\n\nWhen NOT to Use: Do not use this account for transactions that belong to other cost of goods sold categories or for items that should be classified under different account types. Ensure proper authorization and documentation before posting entries.\n\nCross-References: Related accounts include other cost of goods sold accounts within the Cost of Goods Sold - General classification. Review the complete chart of accounts for proper account selection.\n\nFrequency: This account appears in 4 legacy account(s) across 4 company/companies, indicating high standardization importance."",
  ""examples"": [],
  ""gaap_rationale"": """"
}"
59080,Parking & tolls,2024-01-01,,D,50000,2,Cost of Goods Sold,"{
  ""subcategory"": ""Cost of Goods Sold - General"",
  ""normal_balance"": ""Debit"",
  ""cash_flow_classification"": ""Operating Activities"",
  ""cost_center"": ""CC-2000"",
  ""gaap_classification"": ""US-GAAP Cost of Goods Sold"",
  ""detailed_description"": ""Parking & tolls - This account is used to record Costs of road tolls and parking.\n\nPurpose: This account tracks cost of goods sold items specifically related to parking & tolls. It is classified under Cost of Goods Sold - General in accordance with US-GAAP standards.\n\nTransaction Examples:\n- Recording of parking & tolls transactions\n- Adjustments related to parking & tolls\n- Period-end reconciliation and reporting\n\nGAAP Rationale: This account follows US-GAAP classification standards for cost of goods sold accounts. It maintains proper segregation of duties and ensures accurate financial reporting in compliance with generally accepted accounting principles.\n\nWhen NOT to Use: Do not use this account for transactions that belong to other cost of goods sold categories or for items that should be classified under different account types. Ensure proper authorization and documentation before posting entries.\n\nCross-References: Related accounts include other cost of goods sold accounts within the Cost of Goods Sold - General classification. Review the complete chart of accounts for proper account selection.\n\nFrequency: This account appears in 1 legacy account(s) across 1 company/companies, indicating high standardization importance."",
  ""examples"": [],
  ""gaap_rationale"": """"
}"
59307,Cost of Labor,2024-01-01,,D,50000,2,Cost of Goods Sold,"{
  ""subcategory"": ""COGS - Direct Labor"",
  ""normal_balance"": ""Debit"",
  ""cash_flow_classification"": ""Operating Activities"",
  ""cost_center"": ""CC-2000"",
  ""gaap_classification"": ""US-GAAP Cost of Goods Sold"",
  ""detailed_description"": ""Cost of Labor - This account is used to record transactions related to Cost of Labor.\n\nPurpose: This account tracks cost of goods sold items specifically related to cost of labor. It is classified under COGS - Direct Labor in accordance with US-GAAP standards.\n\nTransaction Examples:\n- Recording of cost of labor transactions\n- Adjustments related to cost of labor\n- Period-end reconciliation and reporting\n\nGAAP Rationale: This account follows US-GAAP classification standards for cost of goods sold accounts. It maintains proper segregation of duties and ensures accurate financial reporting in compliance with generally accepted accounting principles.\n\nWhen NOT to Use: Do not use this account for transactions that belong to other cost of goods sold categories or for items that should be classified under different account types. Ensure proper authorization and documentation before posting entries.\n\nCross-References: Related accounts include other cost of goods sold accounts within the COGS - Direct Labor classification. Review the complete chart of accounts for proper account selection.\n\nFrequency: This account appears in 1 legacy account(s) across 1 company/companies, indicating high standardization importance."",
  ""examples"": [],
  ""gaap_rationale"": """"
}"
59534,Contractor - Cleaners (1099),2024-01-01,,D,50000,2,Cost of Goods Sold,"{
  ""subcategory"": ""Cost of Goods Sold - General"",
  ""normal_balance"": ""Debit"",
  ""cash_flow_classification"": ""Operating Activities"",
  ""cost_center"": ""CC-2000"",
  ""gaap_classification"": ""US-GAAP Cost of Goods Sold"",
  ""detailed_description"": ""Contractor - Cleaners (1099) - This account is used to record transactions related to Contractor - Cleaners (1099).\n\nPurpose: This account tracks cost of goods sold items specifically related to contractor - cleaners (1099). It is classified under Cost of Goods Sold - General in accordance with US-GAAP standards.\n\nTransaction Examples:\n- Recording of contractor - cleaners (1099) transactions\n- Adjustments related to contractor - cleaners (1099)\n- Period-end reconciliation and reporting\n\nGAAP Rationale: This account follows US-GAAP classification standards for cost of goods sold accounts. It maintains proper segregation of duties and ensures accurate financial reporting in compliance with generally accepted accounting principles.\n\nWhen NOT to Use: Do not use this account for transactions that belong to other cost of goods sold categories or for items that should be classified under different account types. Ensure proper authorization and documentation before posting entries.\n\nCross-References: Related accounts include other cost of goods sold accounts within the Cost of Goods Sold - General classification. Review the complete chart of accounts for proper account selection.\n\nFrequency: This account appears in 1 legacy account(s) across 1 company/companies, indicating high standardization importance."",
  ""examples"": [],
  ""gaap_rationale"": """"
}"
59761,Contractor - Remote Admin (1099),2024-01-01,,D,50000,2,Cost of Goods Sold,"{
  ""subcategory"": ""Cost of Goods Sold - General"",
  ""normal_balance"": ""Debit"",
  ""cash_flow_classification"": ""Operating Activities"",
  ""cost_center"": ""CC-2000"",
  ""gaap_classification"": ""US-GAAP Cost of Goods Sold"",
  ""detailed_description"": ""Contractor - Remote Admin (1099) - This account is used to record transactions related to Contractor - Remote Admin (1099).\n\nPurpose: This account tracks cost of goods sold items specifically related to contractor - remote admin (1099). It is classified under Cost of Goods Sold - General in accordance with US-GAAP standards.\n\nTransaction Examples:\n- Recording of contractor - remote admin (1099) transactions\n- Adjustments related to contractor - remote admin (1099)\n- Period-end reconciliation and reporting\n\nGAAP Rationale: This account follows US-GAAP classification standards for cost of goods sold accounts. It maintains proper segregation of duties and ensures accurate financial reporting in compliance with generally accepted accounting principles.\n\nWhen NOT to Use: Do not use this account for transactions that belong to other cost of goods sold categories or for items that should be classified under different account types. Ensure proper authorization and documentation before posting entries.\n\nCross-References: Related accounts include other cost of goods sold accounts within the Cost of Goods Sold - General classification. Review the complete chart of accounts for proper account selection.\n\nFrequency: This account appears in 1 legacy account(s) across 1 company/companies, indicating high standardization importance."",
  ""examples"": [],
  ""gaap_rationale"": """"
}"
30000,Accumulated adjustment,2024-01-01,,D,30000,2,Equity,"{
  ""subcategory"": ""Equity - General"",
  ""normal_balance"": ""Credit"",
  ""cash_flow_classification"": ""Financing Activities"",
  ""cost_center"": ""CC-0000"",
  ""gaap_classification"": ""US-GAAP Equity"",
  ""detailed_description"": ""Accumulated adjustment - This account is used to record Adjustments to owner's equity that aren't from net income.\n\nPurpose: This account tracks equity items specifically related to accumulated adjustment. It is classified under Equity - General in accordance with US-GAAP standards.\n\nTransaction Examples:\n- Recording of accumulated adjustment transactions\n- Adjustments related to accumulated adjustment\n- Period-end reconciliation and reporting\n\nGAAP Rationale: This account follows US-GAAP classification standards for equity accounts. It maintains proper segregation of duties and ensures accurate financial reporting in compliance with generally accepted accounting principles.\n\nWhen NOT to Use: Do not use this account for transactions that belong to other equity categories or for items that should be classified under different account types. Ensure proper authorization and documentation before posting entries.\n\nCross-References: Related accounts include other equity accounts within the Equity - General classification. Review the complete chart of accounts for proper account selection.\n\nFrequency: This account appears in 4 legacy account(s) across 4 company/companies, indicating high standardization importance."",
  ""examples"": [],
  ""gaap_rationale"": """"
}"
30624,Common stock,2024-01-01,,D,30000,2,Equity,"{
  ""subcategory"": ""Equity - Capital Stock"",
  ""normal_balance"": ""Credit"",
  ""cash_flow_classification"": ""Financing Activities"",
  ""cost_center"": ""CC-0000"",
  ""gaap_classification"": ""US-GAAP Equity"",
  ""detailed_description"": ""Common stock - This account is used to record Money received in exchange for common stock.\n\nPurpose: This account tracks equity items specifically related to common stock. It is classified under Equity - Capital Stock in accordance with US-GAAP standards.\n\nTransaction Examples:\n- Recording of common stock transactions\n- Adjustments related to common stock\n- Period-end reconciliation and reporting\n\nGAAP Rationale: This account follows US-GAAP classification standards for equity accounts. It maintains proper segregation of duties and ensures accurate financial reporting in compliance with generally accepted accounting principles.\n\nWhen NOT to Use: Do not use this account for transactions that belong to other equity categories or for items that should be classified under different account types. Ensure proper authorization and documentation before posting entries.\n\nCross-References: Related accounts include other equity accounts within the Equity - Capital Stock classification. Review the complete chart of accounts for proper account selection.\n\nFrequency: This account appears in 4 legacy account(s) across 4 company/companies, indicating high standardization importance."",
  ""examples"": [],
  ""gaap_rationale"": """"
}"
31248,Retained Earnings,2024-01-01,,D,30000,2,Equity,"{
  ""subcategory"": ""Equity - Retained Earnings"",
  ""normal_balance"": ""Credit"",
  ""cash_flow_classification"": ""Financing Activities"",
  ""cost_center"": ""CC-0000"",
  ""gaap_classification"": ""US-GAAP Equity"",
  ""detailed_description"": ""Retained Earnings - This account is used to record transactions related to Retained Earnings.\n\nPurpose: This account tracks equity items specifically related to retained earnings. It is classified under Equity - Retained Earnings in accordance with US-GAAP standards.\n\nTransaction Examples:\n- Recording of retained earnings transactions\n- Adjustments related to retained earnings\n- Period-end reconciliation and reporting\n\nGAAP Rationale: This account follows US-GAAP classification standards for equity accounts. It maintains proper segregation of duties and ensures accurate financial reporting in compliance with generally accepted accounting principles.\n\nWhen NOT to Use: Do not use this account for transactions that belong to other equity categories or for items that should be classified under different account types. Ensure proper authorization and documentation before posting entries.\n\nCross-References: Related accounts include other equity accounts within the Equity - Retained Earnings classification. Review the complete chart of accounts for proper account selection.\n\nFrequency: This account appears in 8 legacy account(s) across 8 company/companies, indicating high standardization importance."",
  ""examples"": [],
  ""gaap_rationale"": """"
}"
31872,Shareholders' equity,2024-01-01,,D,30000,2,Equity,"{
  ""subcategory"": ""Equity - General"",
  ""normal_balance"": ""Credit"",
  ""cash_flow_classification"": ""Financing Activities"",
  ""cost_center"": ""CC-0000"",
  ""gaap_classification"": ""US-GAAP Equity"",
  ""detailed_description"": ""Shareholders' equity - This account is used to record Money invested in the business by shareholders.\n\nPurpose: This account tracks equity items specifically related to shareholders' equity. It is classified under Equity - General in accordance with US-GAAP standards.\n\nTransaction Examples:\n- Recording of shareholders' equity transactions\n- Adjustments related to shareholders' equity\n- Period-end reconciliation and reporting\n\nGAAP Rationale: This account follows US-GAAP classification standards for equity accounts. It maintains proper segregation of duties and ensures accurate financial reporting in compliance with generally accepted accounting principles.\n\nWhen NOT to Use: Do not use this account for transactions that belong to other equity categories or for items that should be classified under different account types. Ensure proper authorization and documentation before posting entries.\n\nCross-References: Related accounts include other equity accounts within the Equity - General classification. Review the complete chart of accounts for proper account selection.\n\nFrequency: This account appears in 4 legacy account(s) across 4 company/companies, indicating high standardization importance."",
  ""examples"": [],
  ""gaap_rationale"": """"
}"
32496,Treasury stock,2024-01-01,,D,30000,2,Equity,"{
  ""subcategory"": ""Equity - Capital Stock"",
  ""normal_balance"": ""Credit"",
  ""cash_flow_classification"": ""Financing Activities"",
  ""cost_center"": ""CC-0000"",
  ""gaap_classification"": ""US-GAAP Equity"",
  ""detailed_description"": ""Treasury stock - This account is used to record Money paid to buy back stock from a shareholder.\n\nPurpose: This account tracks equity items specifically related to treasury stock. It is classified under Equity - Capital Stock in accordance with US-GAAP standards.\n\nTransaction Examples:\n- Recording of treasury stock transactions\n- Adjustments related to treasury stock\n- Period-end reconciliation and reporting\n\nGAAP Rationale: This account follows US-GAAP classification standards for equity accounts. It maintains proper segregation of duties and ensures accurate financial reporting in compliance with generally accepted accounting principles.\n\nWhen NOT to Use: Do not use this account for transactions that belong to other equity categories or for items that should be classified under different account types. Ensure proper authorization and documentation before posting entries.\n\nCross-References: Related accounts include other equity accounts within the Equity - Capital Stock classification. Review the complete chart of accounts for proper account selection.\n\nFrequency: This account appears in 4 legacy account(s) across 4 company/companies, indicating high standardization importance."",
  ""examples"": [],
  ""gaap_rationale"": """"
}"
33120,Contributions to charities,2024-01-01,,D,30000,2,Equity,"{
  ""subcategory"": ""Equity - Owner Contributions"",
  ""normal_balance"": ""Credit"",
  ""cash_flow_classification"": ""Financing Activities"",
  ""cost_center"": ""CC-0000"",
  ""gaap_classification"": ""US-GAAP Equity"",
  ""detailed_description"": ""Contributions to charities - This account is used to record Money the business donates to a charity.\n\nPurpose: This account tracks equity items specifically related to contributions to charities. It is classified under Equity - Owner Contributions in accordance with US-GAAP standards.\n\nTransaction Examples:\n- Recording of contributions to charities transactions\n- Adjustments related to contributions to charities\n- Period-end reconciliation and reporting\n\nGAAP Rationale: This account follows US-GAAP classification standards for equity accounts. It maintains proper segregation of duties and ensures accurate financial reporting in compliance with generally accepted accounting principles.\n\nWhen NOT to Use: Do not use this account for transactions that belong to other equity categories or for items that should be classified under different account types. Ensure proper authorization and documentation before posting entries.\n\nCross-References: Related accounts include other equity accounts within the Equity - Owner Contributions classification. Review the complete chart of accounts for proper account selection.\n\nFrequency: This account appears in 4 legacy account(s) across 4 company/companies, indicating high standardization importance."",
  ""examples"": [],
  ""gaap_rationale"": """"
}"
33744,Opening Balance Equity,2024-01-01,,D,30000,2,Equity,"{
  ""subcategory"": ""Equity - General"",
  ""normal_balance"": ""Credit"",
  ""cash_flow_classification"": ""Financing Activities"",
  ""cost_center"": ""CC-0000"",
  ""gaap_classification"": ""US-GAAP Equity"",
  ""detailed_description"": ""Opening Balance Equity - This account is used to record transactions related to Opening Balance Equity.\n\nPurpose: This account tracks equity items specifically related to opening balance equity. It is classified under Equity - General in accordance with US-GAAP standards.\n\nTransaction Examples:\n- Recording of opening balance equity transactions\n- Adjustments related to opening balance equity\n- Period-end reconciliation and reporting\n\nGAAP Rationale: This account follows US-GAAP classification standards for equity accounts. It maintains proper segregation of duties and ensures accurate financial reporting in compliance with generally accepted accounting principles.\n\nWhen NOT to Use: Do not use this account for transactions that belong to other equity categories or for items that should be classified under different account types. Ensure proper authorization and documentation before posting entries.\n\nCross-References: Related accounts include other equity accounts within the Equity - General classification. Review the complete chart of accounts for proper account selection.\n\nFrequency: This account appears in 4 legacy account(s) across 4 company/companies, indicating high standardization importance."",
  ""examples"": [],
  ""gaap_rationale"": """"
}"
34368,Partner Contributions,2024-01-01,,D,30000,2,Equity,"{
  ""subcategory"": ""Equity - Owner Contributions"",
  ""normal_balance"": ""Credit"",
  ""cash_flow_classification"": ""Financing Activities"",
  ""cost_center"": ""CC-0000"",
  ""gaap_classification"": ""US-GAAP Equity"",
  ""detailed_description"": ""Partner Contributions - This account is used to record transactions related to Partner Contributions.\n\nPurpose: This account tracks equity items specifically related to partner contributions. It is classified under Equity - Owner Contributions in accordance with US-GAAP standards.\n\nTransaction Examples:\n- Recording of partner contributions transactions\n- Adjustments related to partner contributions\n- Period-end reconciliation and reporting\n\nGAAP Rationale: This account follows US-GAAP classification standards for equity accounts. It maintains proper segregation of duties and ensures accurate financial reporting in compliance with generally accepted accounting principles.\n\nWhen NOT to Use: Do not use this account for transactions that belong to other equity categories or for items that should be classified under different account types. Ensure proper authorization and documentation before posting entries.\n\nCross-References: Related accounts include other equity accounts within the Equity - Owner Contributions classification. Review the complete chart of accounts for proper account selection.\n\nFrequency: This account appears in 1 legacy account(s) across 1 company/companies, indicating high standardization importance."",
  ""examples"": [],
  ""gaap_rationale"": """"
}"
34992,Partner Distributions Manuel Dorticos,2024-01-01,,D,30000,2,Equity,"{
  ""subcategory"": ""Equity - Distributions"",
  ""normal_balance"": ""Credit"",
  ""cash_flow_classification"": ""Financing Activities"",
  ""cost_center"": ""CC-0000"",
  ""gaap_classification"": ""US-GAAP Equity"",
  ""detailed_description"": ""Partner Distributions Manuel Dorticos - This account is used to record transactions related to Partner Distributions Manuel Dorticos.\n\nPurpose: This account tracks equity items specifically related to partner distributions manuel dorticos. It is classified under Equity - Distributions in accordance with US-GAAP standards.\n\nTransaction Examples:\n- Recording of partner distributions manuel dorticos transactions\n- Adjustments related to partner distributions manuel dorticos\n- Period-end reconciliation and reporting\n\nGAAP Rationale: This account follows US-GAAP classification standards for equity accounts. It maintains proper segregation of duties and ensures accurate financial reporting in compliance with generally accepted accounting principles.\n\nWhen NOT to Use: Do not use this account for transactions that belong to other equity categories or for items that should be classified under different account types. Ensure proper authorization and documentation before posting entries.\n\nCross-References: Related accounts include other equity accounts within the Equity - Distributions classification. Review the complete chart of accounts for proper account selection.\n\nFrequency: This account appears in 1 legacy account(s) across 1 company/companies, indicating high standardization importance."",
  ""examples"": [],
  ""gaap_rationale"": """"
}"
35616,Partner Distributions Roylan Valdivia,2024-01-01,,D,30000,2,Equity,"{
  ""subcategory"": ""Equity - Distributions"",
  ""normal_balance"": ""Credit"",
  ""cash_flow_classification"": ""Financing Activities"",
  ""cost_center"": ""CC-0000"",
  ""gaap_classification"": ""US-GAAP Equity"",
  ""detailed_description"": ""Partner Distributions Roylan Valdivia - This account is used to record transactions related to Partner Distributions Roylan Valdivia.\n\nPurpose: This account tracks equity items specifically related to partner distributions roylan valdivia. It is classified under Equity - Distributions in accordance with US-GAAP standards.\n\nTransaction Examples:\n- Recording of partner distributions roylan valdivia transactions\n- Adjustments related to partner distributions roylan valdivia\n- Period-end reconciliation and reporting\n\nGAAP Rationale: This account follows US-GAAP classification standards for equity accounts. It maintains proper segregation of duties and ensures accurate financial reporting in compliance with generally accepted accounting principles.\n\nWhen NOT to Use: Do not use this account for transactions that belong to other equity categories or for items that should be classified under different account types. Ensure proper authorization and documentation before posting entries.\n\nCross-References: Related accounts include other equity accounts within the Equity - Distributions classification. Review the complete chart of accounts for proper account selection.\n\nFrequency: This account appears in 1 legacy account(s) across 1 company/companies, indicating high standardization importance."",
  ""examples"": [],
  ""gaap_rationale"": """"
}"
36240,S-Corp (Form 1120-S):Charitable Contributions,2024-01-01,,D,30000,2,Equity,"{
  ""subcategory"": ""Equity - Owner Contributions"",
  ""normal_balance"": ""Credit"",
  ""cash_flow_classification"": ""Financing Activities"",
  ""cost_center"": ""CC-0000"",
  ""gaap_classification"": ""US-GAAP Equity"",
  ""detailed_description"": ""S-Corp (Form 1120-S):Charitable Contributions - This account is used to record transactions related to S-Corp (Form 1120-S):Charitable Contributions.\n\nPurpose: This account tracks equity items specifically related to s-corp (form 1120-s):charitable contributions. It is classified under Equity - Owner Contributions in accordance with US-GAAP standards.\n\nTransaction Examples:\n- Recording of s-corp (form 1120-s):charitable contributions transactions\n- Adjustments related to s-corp (form 1120-s):charitable contributions\n- Period-end reconciliation and reporting\n\nGAAP Rationale: This account follows US-GAAP classification standards for equity accounts. It maintains proper segregation of duties and ensures accurate financial reporting in compliance with generally accepted accounting principles.\n\nWhen NOT to Use: Do not use this account for transactions that belong to other equity categories or for items that should be classified under different account types. Ensure proper authorization and documentation before posting entries.\n\nCross-References: Related accounts include other equity accounts within the Equity - Owner Contributions classification. Review the complete chart of accounts for proper account selection.\n\nFrequency: This account appears in 1 legacy account(s) across 1 company/companies, indicating high standardization importance."",
  ""examples"": [],
  ""gaap_rationale"": """"
}"
36864,Owner Distribution,2024-01-01,,D,30000,2,Equity,"{
  ""subcategory"": ""Equity - Distributions"",
  ""normal_balance"": ""Credit"",
  ""cash_flow_classification"": ""Financing Activities"",
  ""cost_center"": ""CC-0000"",
  ""gaap_classification"": ""US-GAAP Equity"",
  ""detailed_description"": ""Owner Distribution - This account is used to record transactions related to Owner Distribution.\n\nPurpose: This account tracks equity items specifically related to owner distribution. It is classified under Equity - Distributions in accordance with US-GAAP standards.\n\nTransaction Examples:\n- Recording of owner distribution transactions\n- Adjustments related to owner distribution\n- Period-end reconciliation and reporting\n\nGAAP Rationale: This account follows US-GAAP classification standards for equity accounts. It maintains proper segregation of duties and ensures accurate financial reporting in compliance with generally accepted accounting principles.\n\nWhen NOT to Use: Do not use this account for transactions that belong to other equity categories or for items that should be classified under different account types. Ensure proper authorization and documentation before posting entries.\n\nCross-References: Related accounts include other equity accounts within the Equity - Distributions classification. Review the complete chart of accounts for proper account selection.\n\nFrequency: This account appears in 1 legacy account(s) across 1 company/companies, indicating high standardization importance."",
  ""examples"": [],
  ""gaap_rationale"": """"
}"
37488,Partner Distributions,2024-01-01,,D,30000,2,Equity,"{
  ""subcategory"": ""Equity - Distributions"",
  ""normal_balance"": ""Credit"",
  ""cash_flow_classification"": ""Financing Activities"",
  ""cost_center"": ""CC-0000"",
  ""gaap_classification"": ""US-GAAP Equity"",
  ""detailed_description"": ""Partner Distributions - This account is used to record transactions related to Partner Distributions.\n\nPurpose: This account tracks equity items specifically related to partner distributions. It is classified under Equity - Distributions in accordance with US-GAAP standards.\n\nTransaction Examples:\n- Recording of partner distributions transactions\n- Adjustments related to partner distributions\n- Period-end reconciliation and reporting\n\nGAAP Rationale: This account follows US-GAAP classification standards for equity accounts. It maintains proper segregation of duties and ensures accurate financial reporting in compliance with generally accepted accounting principles.\n\nWhen NOT to Use: Do not use this account for transactions that belong to other equity categories or for items that should be classified under different account types. Ensure proper authorization and documentation before posting entries.\n\nCross-References: Related accounts include other equity accounts within the Equity - Distributions classification. Review the complete chart of accounts for proper account selection.\n\nFrequency: This account appears in 1 legacy account(s) across 1 company/companies, indicating high standardization importance."",
  ""examples"": [],
  ""gaap_rationale"": """"
}"
38112,Partner Equity,2024-01-01,,D,30000,2,Equity,"{
  ""subcategory"": ""Equity - General"",
  ""normal_balance"": ""Credit"",
  ""cash_flow_classification"": ""Financing Activities"",
  ""cost_center"": ""CC-0000"",
  ""gaap_classification"": ""US-GAAP Equity"",
  ""detailed_description"": ""Partner Equity - This account is used to record transactions related to Partner Equity.\n\nPurpose: This account tracks equity items specifically related to partner equity. It is classified under Equity - General in accordance with US-GAAP standards.\n\nTransaction Examples:\n- Recording of partner equity transactions\n- Adjustments related to partner equity\n- Period-end reconciliation and reporting\n\nGAAP Rationale: This account follows US-GAAP classification standards for equity accounts. It maintains proper segregation of duties and ensures accurate financial reporting in compliance with generally accepted accounting principles.\n\nWhen NOT to Use: Do not use this account for transactions that belong to other equity categories or for items that should be classified under different account types. Ensure proper authorization and documentation before posting entries.\n\nCross-References: Related accounts include other equity accounts within the Equity - General classification. Review the complete chart of accounts for proper account selection.\n\nFrequency: This account appears in 3 legacy account(s) across 1 company/companies, indicating high standardization importance."",
  ""examples"": [],
  ""gaap_rationale"": """"
}"
38736,Distributions - Alphabet Group LLC,2024-01-01,,D,30000,2,Equity,"{
  ""subcategory"": ""Equity - Distributions"",
  ""normal_balance"": ""Credit"",
  ""cash_flow_classification"": ""Financing Activities"",
  ""cost_center"": ""CC-0000"",
  ""gaap_classification"": ""US-GAAP Equity"",
  ""detailed_description"": ""Distributions - Alphabet Group LLC - This account is used to record transactions related to Distributions - Alphabet Group LLC.\n\nPurpose: This account tracks equity items specifically related to distributions - alphabet group llc. It is classified under Equity - Distributions in accordance with US-GAAP standards.\n\nTransaction Examples:\n- Recording of distributions - alphabet group llc transactions\n- Adjustments related to distributions - alphabet group llc\n- Period-end reconciliation and reporting\n\nGAAP Rationale: This account follows US-GAAP classification standards for equity accounts. It maintains proper segregation of duties and ensures accurate financial reporting in compliance with generally accepted accounting principles.\n\nWhen NOT to Use: Do not use this account for transactions that belong to other equity categories or for items that should be classified under different account types. Ensure proper authorization and documentation before posting entries.\n\nCross-References: Related accounts include other equity accounts within the Equity - Distributions classification. Review the complete chart of accounts for proper account selection.\n\nFrequency: This account appears in 1 legacy account(s) across 1 company/companies, indicating high standardization importance."",
  ""examples"": [],
  ""gaap_rationale"": """"
}"
39360,Personal Expense,2024-01-01,,D,30000,2,Equity,"{
  ""subcategory"": ""Equity - General"",
  ""normal_balance"": ""Credit"",
  ""cash_flow_classification"": ""Financing Activities"",
  ""cost_center"": ""CC-0000"",
  ""gaap_classification"": ""US-GAAP Equity"",
  ""detailed_description"": ""Personal Expense - This account is used to record transactions related to Personal Expense.\n\nPurpose: This account tracks equity items specifically related to personal expense. It is classified under Equity - General in accordance with US-GAAP standards.\n\nTransaction Examples:\n- Recording of personal expense transactions\n- Adjustments related to personal expense\n- Period-end reconciliation and reporting\n\nGAAP Rationale: This account follows US-GAAP classification standards for equity accounts. It maintains proper segregation of duties and ensures accurate financial reporting in compliance with generally accepted accounting principles.\n\nWhen NOT to Use: Do not use this account for transactions that belong to other equity categories or for items that should be classified under different account types. Ensure proper authorization and documentation before posting entries.\n\nCross-References: Related accounts include other equity accounts within the Equity - General classification. Review the complete chart of accounts for proper account selection.\n\nFrequency: This account appears in 1 legacy account(s) across 1 company/companies, indicating high standardization importance."",
  ""examples"": [],
  ""gaap_rationale"": """"
}"
60000,Contract labor,2024-01-01,,D,60000,2,Expense,"{
  ""subcategory"": ""Expense - General"",
  ""normal_balance"": ""Debit"",
  ""cash_flow_classification"": ""Operating Activities"",
  ""cost_center"": ""CC-2000"",
  ""gaap_classification"": ""US-GAAP Expense"",
  ""detailed_description"": ""Contract labor - This account is used to record Payments made to contractors or subcontractors.\n\nPurpose: This account tracks expense items specifically related to contract labor. It is classified under Expense - General in accordance with US-GAAP standards.\n\nTransaction Examples:\n- Recording of contract labor transactions\n- Adjustments related to contract labor\n- Period-end reconciliation and reporting\n\nGAAP Rationale: This account follows US-GAAP classification standards for expense accounts. It maintains proper segregation of duties and ensures accurate financial reporting in compliance with generally accepted accounting principles.\n\nWhen NOT to Use: Do not use this account for transactions that belong to other expense categories or for items that should be classified under different account types. Ensure proper authorization and documentation before posting entries.\n\nCross-References: Related accounts include other expense accounts within the Expense - General classification. Review the complete chart of accounts for proper account selection.\n\nFrequency: This account appears in 4 legacy account(s) across 4 company/companies, indicating high standardization importance."",
  ""examples"": [],
  ""gaap_rationale"": """"
}"
60166,General business expenses,2024-01-01,,D,60000,2,Expense,"{
  ""subcategory"": ""Expense - General"",
  ""normal_balance"": ""Debit"",
  ""cash_flow_classification"": ""Operating Activities"",
  ""cost_center"": ""CC-2000"",
  ""gaap_classification"": ""US-GAAP Expense"",
  ""detailed_description"": ""General business expenses - This account is used to record Other money your business spends to run the business.\n\nPurpose: This account tracks expense items specifically related to general business expenses. It is classified under Expense - General in accordance with US-GAAP standards.\n\nTransaction Examples:\n- Recording of general business expenses transactions\n- Adjustments related to general business expenses\n- Period-end reconciliation and reporting\n\nGAAP Rationale: This account follows US-GAAP classification standards for expense accounts. It maintains proper segregation of duties and ensures accurate financial reporting in compliance with generally accepted accounting principles.\n\nWhen NOT to Use: Do not use this account for transactions that belong to other expense categories or for items that should be classified under different account types. Ensure proper authorization and documentation before posting entries.\n\nCross-References: Related accounts include other expense accounts within the Expense - General classification. Review the complete chart of accounts for proper account selection.\n\nFrequency: This account appears in 5 legacy account(s) across 5 company/companies, indicating high standardization importance."",
  ""examples"": [],
  ""gaap_rationale"": """"
}"
60332,Uncategorized Expense,2024-01-01,,D,60000,2,Expense,"{
  ""subcategory"": ""Expense - General"",
  ""normal_balance"": ""Debit"",
  ""cash_flow_classification"": ""Operating Activities"",
  ""cost_center"": ""CC-2000"",
  ""gaap_classification"": ""US-GAAP Expense"",
  ""detailed_description"": ""Uncategorized Expense - This account is used to record transactions related to Uncategorized Expense.\n\nPurpose: This account tracks expense items specifically related to uncategorized expense. It is classified under Expense - General in accordance with US-GAAP standards.\n\nTransaction Examples:\n- Recording of uncategorized expense transactions\n- Adjustments related to uncategorized expense\n- Period-end reconciliation and reporting\n\nGAAP Rationale: This account follows US-GAAP classification standards for expense accounts. It maintains proper segregation of duties and ensures accurate financial reporting in compliance with generally accepted accounting principles.\n\nWhen NOT to Use: Do not use this account for transactions that belong to other expense categories or for items that should be classified under different account types. Ensure proper authorization and documentation before posting entries.\n\nCross-References: Related accounts include other expense accounts within the Expense - General classification. Review the complete chart of accounts for proper account selection.\n\nFrequency: This account appears in 8 legacy account(s) across 8 company/companies, indicating high standardization importance."",
  ""examples"": [],
  ""gaap_rationale"": """"
}"
60498,Customer prepayments,2024-01-01,,D,60000,2,Expense,"{
  ""subcategory"": ""Expense - General"",
  ""normal_balance"": ""Debit"",
  ""cash_flow_classification"": ""Operating Activities"",
  ""cost_center"": ""CC-2000"",
  ""gaap_classification"": ""US-GAAP Expense"",
  ""detailed_description"": ""Customer prepayments - This account is used to record Down payments from customers for future goods and services.\n\nPurpose: This account tracks expense items specifically related to customer prepayments. It is classified under Expense - General in accordance with US-GAAP standards.\n\nTransaction Examples:\n- Recording of customer prepayments transactions\n- Adjustments related to customer prepayments\n- Period-end reconciliation and reporting\n\nGAAP Rationale: This account follows US-GAAP classification standards for expense accounts. It maintains proper segregation of duties and ensures accurate financial reporting in compliance with generally accepted accounting principles.\n\nWhen NOT to Use: Do not use this account for transactions that belong to other expense categories or for items that should be classified under different account types. Ensure proper authorization and documentation before posting entries.\n\nCross-References: Related accounts include other expense accounts within the Expense - General classification. Review the complete chart of accounts for proper account selection.\n\nFrequency: This account appears in 4 legacy account(s) across 4 company/companies, indicating high standardization importance."",
  ""examples"": [],
  ""gaap_rationale"": """"
}"
60664,Lines of credit,2024-01-01,,D,60000,2,Expense,"{
  ""subcategory"": ""Expense - General"",
  ""normal_balance"": ""Debit"",
  ""cash_flow_classification"": ""Operating Activities"",
  ""cost_center"": ""CC-2000"",
  ""gaap_classification"": ""US-GAAP Expense"",
  ""detailed_description"": ""Lines of credit - This account is used to record A credit line the business spends and repays on later.\n\nPurpose: This account tracks expense items specifically related to lines of credit. It is classified under Expense - General in accordance with US-GAAP standards.\n\nTransaction Examples:\n- Recording of lines of credit transactions\n- Adjustments related to lines of credit\n- Period-end reconciliation and reporting\n\nGAAP Rationale: This account follows US-GAAP classification standards for expense accounts. It maintains proper segregation of duties and ensures accurate financial reporting in compliance with generally accepted accounting principles.\n\nWhen NOT to Use: Do not use this account for transactions that belong to other expense categories or for items that should be classified under different account types. Ensure proper authorization and documentation before posting entries.\n\nCross-References: Related accounts include other expense accounts within the Expense - General classification. Review the complete chart of accounts for proper account selection.\n\nFrequency: This account appears in 4 legacy account(s) across 4 company/companies, indicating high standardization importance."",
  ""examples"": [],
  ""gaap_rationale"": """"
}"
60830,Payroll wages and tax to pay,2024-01-01,,D,60000,2,Expense,"{
  ""subcategory"": ""Operating Expense - Payroll"",
  ""normal_balance"": ""Debit"",
  ""cash_flow_classification"": ""Operating Activities"",
  ""cost_center"": ""CC-2000"",
  ""gaap_classification"": ""US-GAAP Expense"",
  ""detailed_description"": ""Payroll wages and tax to pay - This account is used to record Money owed to payroll tax agencies, employees for wages, or others for payroll liabilities.\n\nPurpose: This account tracks expense items specifically related to payroll wages and tax to pay. It is classified under Operating Expense - Payroll in accordance with US-GAAP standards.\n\nTransaction Examples:\n- Recording of payroll wages and tax to pay transactions\n- Adjustments related to payroll wages and tax to pay\n- Period-end reconciliation and reporting\n\nGAAP Rationale: This account follows US-GAAP classification standards for expense accounts. It maintains proper segregation of duties and ensures accurate financial reporting in compliance with generally accepted accounting principles.\n\nWhen NOT to Use: Do not use this account for transactions that belong to other expense categories or for items that should be classified under different account types. Ensure proper authorization and documentation before posting entries.\n\nCross-References: Related accounts include other expense accounts within the Operating Expense - Payroll classification. Review the complete chart of accounts for proper account selection.\n\nFrequency: This account appears in 16 legacy account(s) across 4 company/companies, indicating high standardization importance."",
  ""examples"": [],
  ""gaap_rationale"": """"
}"
60996,Reconciliation Discrepancies,2024-01-01,,D,60000,2,Expense,"{
  ""subcategory"": ""Expense - General"",
  ""normal_balance"": ""Debit"",
  ""cash_flow_classification"": ""Operating Activities"",
  ""cost_center"": ""CC-2000"",
  ""gaap_classification"": ""US-GAAP Expense"",
  ""detailed_description"": ""Reconciliation Discrepancies - This account is used to record transactions related to Reconciliation Discrepancies.\n\nPurpose: This account tracks expense items specifically related to reconciliation discrepancies. It is classified under Expense - General in accordance with US-GAAP standards.\n\nTransaction Examples:\n- Recording of reconciliation discrepancies transactions\n- Adjustments related to reconciliation discrepancies\n- Period-end reconciliation and reporting\n\nGAAP Rationale: This account follows US-GAAP classification standards for expense accounts. It maintains proper segregation of duties and ensures accurate financial reporting in compliance with generally accepted accounting principles.\n\nWhen NOT to Use: Do not use this account for transactions that belong to other expense categories or for items that should be classified under different account types. Ensure proper authorization and documentation before posting entries.\n\nCross-References: Related accounts include other expense accounts within the Expense - General classification. Review the complete chart of accounts for proper account selection.\n\nFrequency: This account appears in 8 legacy account(s) across 8 company/companies, indicating high standardization importance."",
  ""examples"": [],
  ""gaap_rationale"": """"
}"
61162,Purchases,2024-01-01,,D,60000,2,Expense,"{
  ""subcategory"": ""Expense - General"",
  ""normal_balance"": ""Debit"",
  ""cash_flow_classification"": ""Operating Activities"",
  ""cost_center"": ""CC-2000"",
  ""gaap_classification"": ""US-GAAP Expense"",
  ""detailed_description"": ""Purchases - This account is used to record transactions related to Purchases.\n\nPurpose: This account tracks expense items specifically related to purchases. It is classified under Expense - General in accordance with US-GAAP standards.\n\nTransaction Examples:\n- Recording of purchases transactions\n- Adjustments related to purchases\n- Period-end reconciliation and reporting\n\nGAAP Rationale: This account follows US-GAAP classification standards for expense accounts. It maintains proper segregation of duties and ensures accurate financial reporting in compliance with generally accepted accounting principles.\n\nWhen NOT to Use: Do not use this account for transactions that belong to other expense categories or for items that should be classified under different account types. Ensure proper authorization and documentation before posting entries.\n\nCross-References: Related accounts include other expense accounts within the Expense - General classification. Review the complete chart of accounts for proper account selection.\n\nFrequency: This account appears in 1 legacy account(s) across 1 company/companies, indicating high standardization importance."",
  ""examples"": [],
  ""gaap_rationale"": """"
}"
61328,RE (Form 8825),2024-01-01,,D,60000,2,Expense,"{
  ""subcategory"": ""Expense - General"",
  ""normal_balance"": ""Debit"",
  ""cash_flow_classification"": ""Operating Activities"",
  ""cost_center"": ""CC-2000"",
  ""gaap_classification"": ""US-GAAP Expense"",
  ""detailed_description"": ""RE (Form 8825) - This account is used to record transactions related to RE (Form 8825).\n\nPurpose: This account tracks expense items specifically related to re (form 8825). It is classified under Expense - General in accordance with US-GAAP standards.\n\nTransaction Examples:\n- Recording of re (form 8825) transactions\n- Adjustments related to re (form 8825)\n- Period-end reconciliation and reporting\n\nGAAP Rationale: This account follows US-GAAP classification standards for expense accounts. It maintains proper segregation of duties and ensures accurate financial reporting in compliance with generally accepted accounting principles.\n\nWhen NOT to Use: Do not use this account for transactions that belong to other expense categories or for items that should be classified under different account types. Ensure proper authorization and documentation before posting entries.\n\nCross-References: Related accounts include other expense accounts within the Expense - General classification. Review the complete chart of accounts for proper account selection.\n\nFrequency: This account appears in 1 legacy account(s) across 1 company/companies, indicating high standardization importance."",
  ""examples"": [],
  ""gaap_rationale"": """"
}"
61494,RE (Form 8825):Plumbing,2024-01-01,,D,60000,2,Expense,"{
  ""subcategory"": ""Expense - General"",
  ""normal_balance"": ""Debit"",
  ""cash_flow_classification"": ""Operating Activities"",
  ""cost_center"": ""CC-2000"",
  ""gaap_classification"": ""US-GAAP Expense"",
  ""detailed_description"": ""RE (Form 8825):Plumbing - This account is used to record Plumbing.\n\nPurpose: This account tracks expense items specifically related to re (form 8825):plumbing. It is classified under Expense - General in accordance with US-GAAP standards.\n\nTransaction Examples:\n- Recording of re (form 8825):plumbing transactions\n- Adjustments related to re (form 8825):plumbing\n- Period-end reconciliation and reporting\n\nGAAP Rationale: This account follows US-GAAP classification standards for expense accounts. It maintains proper segregation of duties and ensures accurate financial reporting in compliance with generally accepted accounting principles.\n\nWhen NOT to Use: Do not use this account for transactions that belong to other expense categories or for items that should be classified under different account types. Ensure proper authorization and documentation before posting entries.\n\nCross-References: Related accounts include other expense accounts within the Expense - General classification. Review the complete chart of accounts for proper account selection.\n\nFrequency: This account appears in 2 legacy account(s) across 1 company/companies, indicating high standardization importance."",
  ""examples"": [],
  ""gaap_rationale"": """"
}"
61660,Repair & Maintenance,2024-01-01,,D,60000,2,Expense,"{
  ""subcategory"": ""Expense - General"",
  ""normal_balance"": ""Debit"",
  ""cash_flow_classification"": ""Operating Activities"",
  ""cost_center"": ""CC-2000"",
  ""gaap_classification"": ""US-GAAP Expense"",
  ""detailed_description"": ""Repair & Maintenance - This account is used to record Heating, ventilation, and air conditioning services.\n\nPurpose: This account tracks expense items specifically related to repair & maintenance. It is classified under Expense - General in accordance with US-GAAP standards.\n\nTransaction Examples:\n- Recording of repair & maintenance transactions\n- Adjustments related to repair & maintenance\n- Period-end reconciliation and reporting\n\nGAAP Rationale: This account follows US-GAAP classification standards for expense accounts. It maintains proper segregation of duties and ensures accurate financial reporting in compliance with generally accepted accounting principles.\n\nWhen NOT to Use: Do not use this account for transactions that belong to other expense categories or for items that should be classified under different account types. Ensure proper authorization and documentation before posting entries.\n\nCross-References: Related accounts include other expense accounts within the Expense - General classification. Review the complete chart of accounts for proper account selection.\n\nFrequency: This account appears in 11 legacy account(s) across 3 company/companies, indicating high standardization importance."",
  ""examples"": [],
  ""gaap_rationale"": """"
}"
61826,RE (Form 8825):Software,2024-01-01,,D,60000,2,Expense,"{
  ""subcategory"": ""Expense - General"",
  ""normal_balance"": ""Debit"",
  ""cash_flow_classification"": ""Operating Activities"",
  ""cost_center"": ""CC-2000"",
  ""gaap_classification"": ""US-GAAP Expense"",
  ""detailed_description"": ""RE (Form 8825):Software - This account is used to record transactions related to RE (Form 8825):Software.\n\nPurpose: This account tracks expense items specifically related to re (form 8825):software. It is classified under Expense - General in accordance with US-GAAP standards.\n\nTransaction Examples:\n- Recording of re (form 8825):software transactions\n- Adjustments related to re (form 8825):software\n- Period-end reconciliation and reporting\n\nGAAP Rationale: This account follows US-GAAP classification standards for expense accounts. It maintains proper segregation of duties and ensures accurate financial reporting in compliance with generally accepted accounting principles.\n\nWhen NOT to Use: Do not use this account for transactions that belong to other expense categories or for items that should be classified under different account types. Ensure proper authorization and documentation before posting entries.\n\nCross-References: Related accounts include other expense accounts within the Expense - General classification. Review the complete chart of accounts for proper account selection.\n\nFrequency: This account appears in 1 legacy account(s) across 1 company/companies, indicating high standardization importance."",
  ""examples"": [],
  ""gaap_rationale"": """"
}"
61992,RE (Form 8825):Supplies,2024-01-01,,D,60000,2,Expense,"{
  ""subcategory"": ""Expense - General"",
  ""normal_balance"": ""Debit"",
  ""cash_flow_classification"": ""Operating Activities"",
  ""cost_center"": ""CC-2000"",
  ""gaap_classification"": ""US-GAAP Expense"",
  ""detailed_description"": ""RE (Form 8825):Supplies - This account is used to record transactions related to RE (Form 8825):Supplies.\n\nPurpose: This account tracks expense items specifically related to re (form 8825):supplies. It is classified under Expense - General in accordance with US-GAAP standards.\n\nTransaction Examples:\n- Recording of re (form 8825):supplies transactions\n- Adjustments related to re (form 8825):supplies\n- Period-end reconciliation and reporting\n\nGAAP Rationale: This account follows US-GAAP classification standards for expense accounts. It maintains proper segregation of duties and ensures accurate financial reporting in compliance with generally accepted accounting principles.\n\nWhen NOT to Use: Do not use this account for transactions that belong to other expense categories or for items that should be classified under different account types. Ensure proper authorization and documentation before posting entries.\n\nCross-References: Related accounts include other expense accounts within the Expense - General classification. Review the complete chart of accounts for proper account selection.\n\nFrequency: This account appears in 1 legacy account(s) across 1 company/companies, indicating high standardization importance."",
  ""examples"": [],
  ""gaap_rationale"": """"
}"
62158,S-Corp (Form 1120-S),2024-01-01,,D,60000,2,Expense,"{
  ""subcategory"": ""Expense - General"",
  ""normal_balance"": ""Debit"",
  ""cash_flow_classification"": ""Operating Activities"",
  ""cost_center"": ""CC-2000"",
  ""gaap_classification"": ""US-GAAP Expense"",
  ""detailed_description"": ""S-Corp (Form 1120-S) - This account is used to record transactions related to S-Corp (Form 1120-S).\n\nPurpose: This account tracks expense items specifically related to s-corp (form 1120-s). It is classified under Expense - General in accordance with US-GAAP standards.\n\nTransaction Examples:\n- Recording of s-corp (form 1120-s) transactions\n- Adjustments related to s-corp (form 1120-s)\n- Period-end reconciliation and reporting\n\nGAAP Rationale: This account follows US-GAAP classification standards for expense accounts. It maintains proper segregation of duties and ensures accurate financial reporting in compliance with generally accepted accounting principles.\n\nWhen NOT to Use: Do not use this account for transactions that belong to other expense categories or for items that should be classified under different account types. Ensure proper authorization and documentation before posting entries.\n\nCross-References: Related accounts include other expense accounts within the Expense - General classification. Review the complete chart of accounts for proper account selection.\n\nFrequency: This account appears in 4 legacy account(s) across 1 company/companies, indicating high standardization importance."",
  ""examples"": [],
  ""gaap_rationale"": """"
}"
62324,S-Corp (Form 1120-S):Accounting,2024-01-01,,D,60000,2,Expense,"{
  ""subcategory"": ""Operating Expense - Accounting"",
  ""normal_balance"": ""Debit"",
  ""cash_flow_classification"": ""Operating Activities"",
  ""cost_center"": ""CC-2000"",
  ""gaap_classification"": ""US-GAAP Expense"",
  ""detailed_description"": ""S-Corp (Form 1120-S):Accounting - This account is used to record transactions related to S-Corp (Form 1120-S):Accounting.\n\nPurpose: This account tracks expense items specifically related to s-corp (form 1120-s):accounting. It is classified under Operating Expense - Accounting in accordance with US-GAAP standards.\n\nTransaction Examples:\n- Recording of s-corp (form 1120-s):accounting transactions\n- Adjustments related to s-corp (form 1120-s):accounting\n- Period-end reconciliation and reporting\n\nGAAP Rationale: This account follows US-GAAP classification standards for expense accounts. It maintains proper segregation of duties and ensures accurate financial reporting in compliance with generally accepted accounting principles.\n\nWhen NOT to Use: Do not use this account for transactions that belong to other expense categories or for items that should be classified under different account types. Ensure proper authorization and documentation before posting entries.\n\nCross-References: Related accounts include other expense accounts within the Operating Expense - Accounting classification. Review the complete chart of accounts for proper account selection.\n\nFrequency: This account appears in 1 legacy account(s) across 1 company/companies, indicating high standardization importance."",
  ""examples"": [],
  ""gaap_rationale"": """"
}"
62490,S-Corp (Form 1120-S):Advertising,2024-01-01,,D,60000,2,Expense,"{
  ""subcategory"": ""Operating Expense - Advertising"",
  ""normal_balance"": ""Debit"",
  ""cash_flow_classification"": ""Operating Activities"",
  ""cost_center"": ""CC-2000"",
  ""gaap_classification"": ""US-GAAP Expense"",
  ""detailed_description"": ""S-Corp (Form 1120-S):Advertising - This account is used to record transactions related to S-Corp (Form 1120-S):Advertising.\n\nPurpose: This account tracks expense items specifically related to s-corp (form 1120-s):advertising. It is classified under Operating Expense - Advertising in accordance with US-GAAP standards.\n\nTransaction Examples:\n- Recording of s-corp (form 1120-s):advertising transactions\n- Adjustments related to s-corp (form 1120-s):advertising\n- Period-end reconciliation and reporting\n\nGAAP Rationale: This account follows US-GAAP classification standards for expense accounts. It maintains proper segregation of duties and ensures accurate financial reporting in compliance with generally accepted accounting principles.\n\nWhen NOT to Use: Do not use this account for transactions that belong to other expense categories or for items that should be classified under different account types. Ensure proper authorization and documentation before posting entries.\n\nCross-References: Related accounts include other expense accounts within the Operating Expense - Advertising classification. Review the complete chart of accounts for proper account selection.\n\nFrequency: This account appears in 1 legacy account(s) across 1 company/companies, indicating high standardization importance."",
  ""examples"": [],
  ""gaap_rationale"": """"
}"
62656,S-Corp (Form 1120-S):Ask My Accountant,2024-01-01,,D,60000,2,Expense,"{
  ""subcategory"": ""Expense - General"",
  ""normal_balance"": ""Debit"",
  ""cash_flow_classification"": ""Operating Activities"",
  ""cost_center"": ""CC-2000"",
  ""gaap_classification"": ""US-GAAP Expense"",
  ""detailed_description"": ""S-Corp (Form 1120-S):Ask My Accountant - This account is used to record transactions related to S-Corp (Form 1120-S):Ask My Accountant.\n\nPurpose: This account tracks expense items specifically related to s-corp (form 1120-s):ask my accountant. It is classified under Expense - General in accordance with US-GAAP standards.\n\nTransaction Examples:\n- Recording of s-corp (form 1120-s):ask my accountant transactions\n- Adjustments related to s-corp (form 1120-s):ask my accountant\n- Period-end reconciliation and reporting\n\nGAAP Rationale: This account follows US-GAAP classification standards for expense accounts. It maintains proper segregation of duties and ensures accurate financial reporting in compliance with generally accepted accounting principles.\n\nWhen NOT to Use: Do not use this account for transactions that belong to other expense categories or for items that should be classified under different account types. Ensure proper authorization and documentation before posting entries.\n\nCross-References: Related accounts include other expense accounts within the Expense - General classification. Review the complete chart of accounts for proper account selection.\n\nFrequency: This account appears in 2 legacy account(s) across 1 company/companies, indicating high standardization importance."",
  ""examples"": [],
  ""gaap_rationale"": """"
}"
62822,S-Corp (Form 1120-S):Auto and Travel,2024-01-01,,D,60000,2,Expense,"{
  ""subcategory"": ""Operating Expense - Travel"",
  ""normal_balance"": ""Debit"",
  ""cash_flow_classification"": ""Operating Activities"",
  ""cost_center"": ""CC-2000"",
  ""gaap_classification"": ""US-GAAP Expense"",
  ""detailed_description"": ""S-Corp (Form 1120-S):Auto and Travel - This account is used to record transactions related to S-Corp (Form 1120-S):Auto and Travel.\n\nPurpose: This account tracks expense items specifically related to s-corp (form 1120-s):auto and travel. It is classified under Operating Expense - Travel in accordance with US-GAAP standards.\n\nTransaction Examples:\n- Recording of s-corp (form 1120-s):auto and travel transactions\n- Adjustments related to s-corp (form 1120-s):auto and travel\n- Period-end reconciliation and reporting\n\nGAAP Rationale: This account follows US-GAAP classification standards for expense accounts. It maintains proper segregation of duties and ensures accurate financial reporting in compliance with generally accepted accounting principles.\n\nWhen NOT to Use: Do not use this account for transactions that belong to other expense categories or for items that should be classified under different account types. Ensure proper authorization and documentation before posting entries.\n\nCross-References: Related accounts include other expense accounts within the Operating Expense - Travel classification. Review the complete chart of accounts for proper account selection.\n\nFrequency: This account appears in 1 legacy account(s) across 1 company/companies, indicating high standardization importance."",
  ""examples"": [],
  ""gaap_rationale"": """"
}"
62988,S-Corp (Form 1120-S):Auto and Travel:Gas And Fuel,2024-01-01,,D,60000,2,Expense,"{
  ""subcategory"": ""Operating Expense - Travel"",
  ""normal_balance"": ""Debit"",
  ""cash_flow_classification"": ""Operating Activities"",
  ""cost_center"": ""CC-2000"",
  ""gaap_classification"": ""US-GAAP Expense"",
  ""detailed_description"": ""S-Corp (Form 1120-S):Auto and Travel:Gas And Fuel - This account is used to record transactions related to S-Corp (Form 1120-S):Auto and Travel:Gas And Fuel.\n\nPurpose: This account tracks expense items specifically related to s-corp (form 1120-s):auto and travel:gas and fuel. It is classified under Operating Expense - Travel in accordance with US-GAAP standards.\n\nTransaction Examples:\n- Recording of s-corp (form 1120-s):auto and travel:gas and fuel transactions\n- Adjustments related to s-corp (form 1120-s):auto and travel:gas and fuel\n- Period-end reconciliation and reporting\n\nGAAP Rationale: This account follows US-GAAP classification standards for expense accounts. It maintains proper segregation of duties and ensures accurate financial reporting in compliance with generally accepted accounting principles.\n\nWhen NOT to Use: Do not use this account for transactions that belong to other expense categories or for items that should be classified under different account types. Ensure proper authorization and documentation before posting entries.\n\nCross-References: Related accounts include other expense accounts within the Operating Expense - Travel classification. Review the complete chart of accounts for proper account selection.\n\nFrequency: This account appears in 1 legacy account(s) across 1 company/companies, indicating high standardization importance."",
  ""examples"": [],
  ""gaap_rationale"": """"
}"
63154,S-Corp (Form 1120-S):Business Insurance,2024-01-01,,D,60000,2,Expense,"{
  ""subcategory"": ""Operating Expense - Insurance"",
  ""normal_balance"": ""Debit"",
  ""cash_flow_classification"": ""Operating Activities"",
  ""cost_center"": ""CC-2000"",
  ""gaap_classification"": ""US-GAAP Expense"",
  ""detailed_description"": ""S-Corp (Form 1120-S):Business Insurance - This account is used to record transactions related to S-Corp (Form 1120-S):Business Insurance.\n\nPurpose: This account tracks expense items specifically related to s-corp (form 1120-s):business insurance. It is classified under Operating Expense - Insurance in accordance with US-GAAP standards.\n\nTransaction Examples:\n- Recording of s-corp (form 1120-s):business insurance transactions\n- Adjustments related to s-corp (form 1120-s):business insurance\n- Period-end reconciliation and reporting\n\nGAAP Rationale: This account follows US-GAAP classification standards for expense accounts. It maintains proper segregation of duties and ensures accurate financial reporting in compliance with generally accepted accounting principles.\n\nWhen NOT to Use: Do not use this account for transactions that belong to other expense categories or for items that should be classified under different account types. Ensure proper authorization and documentation before posting entries.\n\nCross-References: Related accounts include other expense accounts within the Operating Expense - Insurance classification. Review the complete chart of accounts for proper account selection.\n\nFrequency: This account appears in 1 legacy account(s) across 1 company/companies, indicating high standardization importance."",
  ""examples"": [],
  ""gaap_rationale"": """"
}"
63320,S-Corp (Form 1120-S):Business Utilities,2024-01-01,,D,60000,2,Expense,"{
  ""subcategory"": ""Operating Expense - Utilities"",
  ""normal_balance"": ""Debit"",
  ""cash_flow_classification"": ""Operating Activities"",
  ""cost_center"": ""CC-2000"",
  ""gaap_classification"": ""US-GAAP Expense"",
  ""detailed_description"": ""S-Corp (Form 1120-S):Business Utilities - This account is used to record transactions related to S-Corp (Form 1120-S):Business Utilities.\n\nPurpose: This account tracks expense items specifically related to s-corp (form 1120-s):business utilities. It is classified under Operating Expense - Utilities in accordance with US-GAAP standards.\n\nTransaction Examples:\n- Recording of s-corp (form 1120-s):business utilities transactions\n- Adjustments related to s-corp (form 1120-s):business utilities\n- Period-end reconciliation and reporting\n\nGAAP Rationale: This account follows US-GAAP classification standards for expense accounts. It maintains proper segregation of duties and ensures accurate financial reporting in compliance with generally accepted accounting principles.\n\nWhen NOT to Use: Do not use this account for transactions that belong to other expense categories or for items that should be classified under different account types. Ensure proper authorization and documentation before posting entries.\n\nCross-References: Related accounts include other expense accounts within the Operating Expense - Utilities classification. Review the complete chart of accounts for proper account selection.\n\nFrequency: This account appears in 1 legacy account(s) across 1 company/companies, indicating high standardization importance."",
  ""examples"": [],
  ""gaap_rationale"": """"
}"
63486,S-Corp (Form 1120-S):Contractors,2024-01-01,,D,60000,2,Expense,"{
  ""subcategory"": ""Expense - General"",
  ""normal_balance"": ""Debit"",
  ""cash_flow_classification"": ""Operating Activities"",
  ""cost_center"": ""CC-2000"",
  ""gaap_classification"": ""US-GAAP Expense"",
  ""detailed_description"": ""S-Corp (Form 1120-S):Contractors - This account is used to record transactions related to S-Corp (Form 1120-S):Contractors.\n\nPurpose: This account tracks expense items specifically related to s-corp (form 1120-s):contractors. It is classified under Expense - General in accordance with US-GAAP standards.\n\nTransaction Examples:\n- Recording of s-corp (form 1120-s):contractors transactions\n- Adjustments related to s-corp (form 1120-s):contractors\n- Period-end reconciliation and reporting\n\nGAAP Rationale: This account follows US-GAAP classification standards for expense accounts. It maintains proper segregation of duties and ensures accurate financial reporting in compliance with generally accepted accounting principles.\n\nWhen NOT to Use: Do not use this account for transactions that belong to other expense categories or for items that should be classified under different account types. Ensure proper authorization and documentation before posting entries.\n\nCross-References: Related accounts include other expense accounts within the Expense - General classification. Review the complete chart of accounts for proper account selection.\n\nFrequency: This account appears in 1 legacy account(s) across 1 company/companies, indicating high standardization importance."",
  ""examples"": [],
  ""gaap_rationale"": """"
}"
63652,Legal & Professional Fees,2024-01-01,,D,60000,2,Expense,"{
  ""subcategory"": ""Operating Expense - Legal and Professional"",
  ""normal_balance"": ""Debit"",
  ""cash_flow_classification"": ""Operating Activities"",
  ""cost_center"": ""CC-2000"",
  ""gaap_classification"": ""US-GAAP Expense"",
  ""detailed_description"": ""Legal & Professional Fees - This account is used to record transactions related to Legal & Professional Fees.\n\nPurpose: This account tracks expense items specifically related to legal & professional fees. It is classified under Operating Expense - Legal and Professional in accordance with US-GAAP standards.\n\nTransaction Examples:\n- Recording of legal & professional fees transactions\n- Adjustments related to legal & professional fees\n- Period-end reconciliation and reporting\n\nGAAP Rationale: This account follows US-GAAP classification standards for expense accounts. It maintains proper segregation of duties and ensures accurate financial reporting in compliance with generally accepted accounting principles.\n\nWhen NOT to Use: Do not use this account for transactions that belong to other expense categories or for items that should be classified under different account types. Ensure proper authorization and documentation before posting entries.\n\nCross-References: Related accounts include other expense accounts within the Operating Expense - Legal and Professional classification. Review the complete chart of accounts for proper account selection.\n\nFrequency: This account appears in 4 legacy account(s) across 4 company/companies, indicating high standardization importance."",
  ""examples"": [],
  ""gaap_rationale"": """"
}"
63818,S-Corp (Form 1120-S):Meals & Entertainment,2024-01-01,,D,60000,2,Expense,"{
  ""subcategory"": ""Operating Expense - Meals and Entertainment"",
  ""normal_balance"": ""Debit"",
  ""cash_flow_classification"": ""Operating Activities"",
  ""cost_center"": ""CC-2000"",
  ""gaap_classification"": ""US-GAAP Expense"",
  ""detailed_description"": ""S-Corp (Form 1120-S):Meals & Entertainment - This account is used to record transactions related to S-Corp (Form 1120-S):Meals & Entertainment.\n\nPurpose: This account tracks expense items specifically related to s-corp (form 1120-s):meals & entertainment. It is classified under Operating Expense - Meals and Entertainment in accordance with US-GAAP standards.\n\nTransaction Examples:\n- Recording of s-corp (form 1120-s):meals & entertainment transactions\n- Adjustments related to s-corp (form 1120-s):meals & entertainment\n- Period-end reconciliation and reporting\n\nGAAP Rationale: This account follows US-GAAP classification standards for expense accounts. It maintains proper segregation of duties and ensures accurate financial reporting in compliance with generally accepted accounting principles.\n\nWhen NOT to Use: Do not use this account for transactions that belong to other expense categories or for items that should be classified under different account types. Ensure proper authorization and documentation before posting entries.\n\nCross-References: Related accounts include other expense accounts within the Operating Expense - Meals and Entertainment classification. Review the complete chart of accounts for proper account selection.\n\nFrequency: This account appears in 1 legacy account(s) across 1 company/companies, indicating high standardization importance."",
  ""examples"": [],
  ""gaap_rationale"": """"
}"
63984,S-Corp (Form 1120-S):Office Rent,2024-01-01,,D,60000,2,Expense,"{
  ""subcategory"": ""Operating Expense - Rent"",
  ""normal_balance"": ""Debit"",
  ""cash_flow_classification"": ""Operating Activities"",
  ""cost_center"": ""CC-2000"",
  ""gaap_classification"": ""US-GAAP Expense"",
  ""detailed_description"": ""S-Corp (Form 1120-S):Office Rent - This account is used to record transactions related to S-Corp (Form 1120-S):Office Rent.\n\nPurpose: This account tracks expense items specifically related to s-corp (form 1120-s):office rent. It is classified under Operating Expense - Rent in accordance with US-GAAP standards.\n\nTransaction Examples:\n- Recording of s-corp (form 1120-s):office rent transactions\n- Adjustments related to s-corp (form 1120-s):office rent\n- Period-end reconciliation and reporting\n\nGAAP Rationale: This account follows US-GAAP classification standards for expense accounts. It maintains proper segregation of duties and ensures accurate financial reporting in compliance with generally accepted accounting principles.\n\nWhen NOT to Use: Do not use this account for transactions that belong to other expense categories or for items that should be classified under different account types. Ensure proper authorization and documentation before posting entries.\n\nCross-References: Related accounts include other expense accounts within the Operating Expense - Rent classification. Review the complete chart of accounts for proper account selection.\n\nFrequency: This account appears in 1 legacy account(s) across 1 company/companies, indicating high standardization importance."",
  ""examples"": [],
  ""gaap_rationale"": """"
}"
64150,S-Corp (Form 1120-S):Other Business Expenses,2024-01-01,,D,60000,2,Expense,"{
  ""subcategory"": ""Expense - General"",
  ""normal_balance"": ""Debit"",
  ""cash_flow_classification"": ""Operating Activities"",
  ""cost_center"": ""CC-2000"",
  ""gaap_classification"": ""US-GAAP Expense"",
  ""detailed_description"": ""S-Corp (Form 1120-S):Other Business Expenses - This account is used to record transactions related to S-Corp (Form 1120-S):Other Business Expenses.\n\nPurpose: This account tracks expense items specifically related to s-corp (form 1120-s):other business expenses. It is classified under Expense - General in accordance with US-GAAP standards.\n\nTransaction Examples:\n- Recording of s-corp (form 1120-s):other business expenses transactions\n- Adjustments related to s-corp (form 1120-s):other business expenses\n- Period-end reconciliation and reporting\n\nGAAP Rationale: This account follows US-GAAP classification standards for expense accounts. It maintains proper segregation of duties and ensures accurate financial reporting in compliance with generally accepted accounting principles.\n\nWhen NOT to Use: Do not use this account for transactions that belong to other expense categories or for items that should be classified under different account types. Ensure proper authorization and documentation before posting entries.\n\nCross-References: Related accounts include other expense accounts within the Expense - General classification. Review the complete chart of accounts for proper account selection.\n\nFrequency: This account appears in 1 legacy account(s) across 1 company/companies, indicating high standardization importance."",
  ""examples"": [],
  ""gaap_rationale"": """"
}"
64316,"Shipping, Freight & Delivery",2024-01-01,,D,60000,2,Expense,"{
  ""subcategory"": ""Expense - General"",
  ""normal_balance"": ""Debit"",
  ""cash_flow_classification"": ""Operating Activities"",
  ""cost_center"": ""CC-2000"",
  ""gaap_classification"": ""US-GAAP Expense"",
  ""detailed_description"": ""Shipping, Freight & Delivery - This account is used to record transactions related to Shipping, Freight & Delivery.\n\nPurpose: This account tracks expense items specifically related to shipping, freight & delivery. It is classified under Expense - General in accordance with US-GAAP standards.\n\nTransaction Examples:\n- Recording of shipping, freight & delivery transactions\n- Adjustments related to shipping, freight & delivery\n- Period-end reconciliation and reporting\n\nGAAP Rationale: This account follows US-GAAP classification standards for expense accounts. It maintains proper segregation of duties and ensures accurate financial reporting in compliance with generally accepted accounting principles.\n\nWhen NOT to Use: Do not use this account for transactions that belong to other expense categories or for items that should be classified under different account types. Ensure proper authorization and documentation before posting entries.\n\nCross-References: Related accounts include other expense accounts within the Expense - General classification. Review the complete chart of accounts for proper account selection.\n\nFrequency: This account appears in 3 legacy account(s) across 3 company/companies, indicating high standardization importance."",
  ""examples"": [],
  ""gaap_rationale"": """"
}"
64482,S-Corp (Form 1120-S):Subscriptions & Memberships,2024-01-01,,D,60000,2,Expense,"{
  ""subcategory"": ""Expense - General"",
  ""normal_balance"": ""Debit"",
  ""cash_flow_classification"": ""Operating Activities"",
  ""cost_center"": ""CC-2000"",
  ""gaap_classification"": ""US-GAAP Expense"",
  ""detailed_description"": ""S-Corp (Form 1120-S):Subscriptions & Memberships - This account is used to record transactions related to S-Corp (Form 1120-S):Subscriptions & Memberships.\n\nPurpose: This account tracks expense items specifically related to s-corp (form 1120-s):subscriptions & memberships. It is classified under Expense - General in accordance with US-GAAP standards.\n\nTransaction Examples:\n- Recording of s-corp (form 1120-s):subscriptions & memberships transactions\n- Adjustments related to s-corp (form 1120-s):subscriptions & memberships\n- Period-end reconciliation and reporting\n\nGAAP Rationale: This account follows US-GAAP classification standards for expense accounts. It maintains proper segregation of duties and ensures accurate financial reporting in compliance with generally accepted accounting principles.\n\nWhen NOT to Use: Do not use this account for transactions that belong to other expense categories or for items that should be classified under different account types. Ensure proper authorization and documentation before posting entries.\n\nCross-References: Related accounts include other expense accounts within the Expense - General classification. Review the complete chart of accounts for proper account selection.\n\nFrequency: This account appears in 1 legacy account(s) across 1 company/companies, indicating high standardization importance."",
  ""examples"": [],
  ""gaap_rationale"": """"
}"
64648,Due To Manny Rental,2024-01-01,,D,60000,2,Expense,"{
  ""subcategory"": ""Operating Expense - Rent"",
  ""normal_balance"": ""Debit"",
  ""cash_flow_classification"": ""Operating Activities"",
  ""cost_center"": ""CC-2000"",
  ""gaap_classification"": ""US-GAAP Expense"",
  ""detailed_description"": ""Due To Manny Rental - This account is used to record transactions related to Due To Manny Rental.\n\nPurpose: This account tracks expense items specifically related to due to manny rental. It is classified under Operating Expense - Rent in accordance with US-GAAP standards.\n\nTransaction Examples:\n- Recording of due to manny rental transactions\n- Adjustments related to due to manny rental\n- Period-end reconciliation and reporting\n\nGAAP Rationale: This account follows US-GAAP classification standards for expense accounts. It maintains proper segregation of duties and ensures accurate financial reporting in compliance with generally accepted accounting principles.\n\nWhen NOT to Use: Do not use this account for transactions that belong to other expense categories or for items that should be classified under different account types. Ensure proper authorization and documentation before posting entries.\n\nCross-References: Related accounts include other expense accounts within the Operating Expense - Rent classification. Review the complete chart of accounts for proper account selection.\n\nFrequency: This account appears in 1 legacy account(s) across 1 company/companies, indicating high standardization importance."",
  ""examples"": [],
  ""gaap_rationale"": """"
}"
64814,Undistributed Tips,2024-01-01,,D,60000,2,Expense,"{
  ""subcategory"": ""Expense - General"",
  ""normal_balance"": ""Debit"",
  ""cash_flow_classification"": ""Operating Activities"",
  ""cost_center"": ""CC-2000"",
  ""gaap_classification"": ""US-GAAP Expense"",
  ""detailed_description"": ""Undistributed Tips - This account is used to record transactions related to Undistributed Tips.\n\nPurpose: This account tracks expense items specifically related to undistributed tips. It is classified under Expense - General in accordance with US-GAAP standards.\n\nTransaction Examples:\n- Recording of undistributed tips transactions\n- Adjustments related to undistributed tips\n- Period-end reconciliation and reporting\n\nGAAP Rationale: This account follows US-GAAP classification standards for expense accounts. It maintains proper segregation of duties and ensures accurate financial reporting in compliance with generally accepted accounting principles.\n\nWhen NOT to Use: Do not use this account for transactions that belong to other expense categories or for items that should be classified under different account types. Ensure proper authorization and documentation before posting entries.\n\nCross-References: Related accounts include other expense accounts within the Expense - General classification. Review the complete chart of accounts for proper account selection.\n\nFrequency: This account appears in 1 legacy account(s) across 1 company/companies, indicating high standardization importance."",
  ""examples"": [],
  ""gaap_rationale"": """"
}"
64980,Depreciation,2024-01-01,,D,60000,2,Expense,"{
  ""subcategory"": ""Operating Expense - Depreciation"",
  ""normal_balance"": ""Debit"",
  ""cash_flow_classification"": ""Operating Activities"",
  ""cost_center"": ""CC-2000"",
  ""gaap_classification"": ""US-GAAP Expense"",
  ""detailed_description"": ""Depreciation - This account is used to record transactions related to Depreciation.\n\nPurpose: This account tracks expense items specifically related to depreciation. It is classified under Operating Expense - Depreciation in accordance with US-GAAP standards.\n\nTransaction Examples:\n- Recording of depreciation transactions\n- Adjustments related to depreciation\n- Period-end reconciliation and reporting\n\nGAAP Rationale: This account follows US-GAAP classification standards for expense accounts. It maintains proper segregation of duties and ensures accurate financial reporting in compliance with generally accepted accounting principles.\n\nWhen NOT to Use: Do not use this account for transactions that belong to other expense categories or for items that should be classified under different account types. Ensure proper authorization and documentation before posting entries.\n\nCross-References: Related accounts include other expense accounts within the Operating Expense - Depreciation classification. Review the complete chart of accounts for proper account selection.\n\nFrequency: This account appears in 3 legacy account(s) across 3 company/companies, indicating high standardization importance."",
  ""examples"": [],
  ""gaap_rationale"": """"
}"
65146,Ask my Accountant,2024-01-01,,D,60000,2,Expense,"{
  ""subcategory"": ""Expense - General"",
  ""normal_balance"": ""Debit"",
  ""cash_flow_classification"": ""Operating Activities"",
  ""cost_center"": ""CC-2000"",
  ""gaap_classification"": ""US-GAAP Expense"",
  ""detailed_description"": ""Ask my Accountant - This account is used to record transactions related to Ask my Accountant.\n\nPurpose: This account tracks expense items specifically related to ask my accountant. It is classified under Expense - General in accordance with US-GAAP standards.\n\nTransaction Examples:\n- Recording of ask my accountant transactions\n- Adjustments related to ask my accountant\n- Period-end reconciliation and reporting\n\nGAAP Rationale: This account follows US-GAAP classification standards for expense accounts. It maintains proper segregation of duties and ensures accurate financial reporting in compliance with generally accepted accounting principles.\n\nWhen NOT to Use: Do not use this account for transactions that belong to other expense categories or for items that should be classified under different account types. Ensure proper authorization and documentation before posting entries.\n\nCross-References: Related accounts include other expense accounts within the Expense - General classification. Review the complete chart of accounts for proper account selection.\n\nFrequency: This account appears in 3 legacy account(s) across 3 company/companies, indicating high standardization importance."",
  ""examples"": [],
  ""gaap_rationale"": """"
}"
65312,Travel,2024-01-01,,D,60000,2,Expense,"{
  ""subcategory"": ""Operating Expense - Travel"",
  ""normal_balance"": ""Debit"",
  ""cash_flow_classification"": ""Operating Activities"",
  ""cost_center"": ""CC-2000"",
  ""gaap_classification"": ""US-GAAP Expense"",
  ""detailed_description"": ""Travel - This account is used to record transactions related to Travel.\n\nPurpose: This account tracks expense items specifically related to travel. It is classified under Operating Expense - Travel in accordance with US-GAAP standards.\n\nTransaction Examples:\n- Recording of travel transactions\n- Adjustments related to travel\n- Period-end reconciliation and reporting\n\nGAAP Rationale: This account follows US-GAAP classification standards for expense accounts. It maintains proper segregation of duties and ensures accurate financial reporting in compliance with generally accepted accounting principles.\n\nWhen NOT to Use: Do not use this account for transactions that belong to other expense categories or for items that should be classified under different account types. Ensure proper authorization and documentation before posting entries.\n\nCross-References: Related accounts include other expense accounts within the Operating Expense - Travel classification. Review the complete chart of accounts for proper account selection.\n\nFrequency: This account appears in 3 legacy account(s) across 3 company/companies, indicating high standardization importance."",
  ""examples"": [],
  ""gaap_rationale"": """"
}"
65478,Business Licenses,2024-01-01,,D,60000,2,Expense,"{
  ""subcategory"": ""Expense - General"",
  ""normal_balance"": ""Debit"",
  ""cash_flow_classification"": ""Operating Activities"",
  ""cost_center"": ""CC-2000"",
  ""gaap_classification"": ""US-GAAP Expense"",
  ""detailed_description"": ""Business Licenses - This account is used to record transactions related to Business Licenses.\n\nPurpose: This account tracks expense items specifically related to business licenses. It is classified under Expense - General in accordance with US-GAAP standards.\n\nTransaction Examples:\n- Recording of business licenses transactions\n- Adjustments related to business licenses\n- Period-end reconciliation and reporting\n\nGAAP Rationale: This account follows US-GAAP classification standards for expense accounts. It maintains proper segregation of duties and ensures accurate financial reporting in compliance with generally accepted accounting principles.\n\nWhen NOT to Use: Do not use this account for transactions that belong to other expense categories or for items that should be classified under different account types. Ensure proper authorization and documentation before posting entries.\n\nCross-References: Related accounts include other expense accounts within the Expense - General classification. Review the complete chart of accounts for proper account selection.\n\nFrequency: This account appears in 1 legacy account(s) across 1 company/companies, indicating high standardization importance."",
  ""examples"": [],
  ""gaap_rationale"": """"
}"
65644,Contractors,2024-01-01,,D,60000,2,Expense,"{
  ""subcategory"": ""Expense - General"",
  ""normal_balance"": ""Debit"",
  ""cash_flow_classification"": ""Operating Activities"",
  ""cost_center"": ""CC-2000"",
  ""gaap_classification"": ""US-GAAP Expense"",
  ""detailed_description"": ""Contractors - This account is used to record transactions related to Contractors.\n\nPurpose: This account tracks expense items specifically related to contractors. It is classified under Expense - General in accordance with US-GAAP standards.\n\nTransaction Examples:\n- Recording of contractors transactions\n- Adjustments related to contractors\n- Period-end reconciliation and reporting\n\nGAAP Rationale: This account follows US-GAAP classification standards for expense accounts. It maintains proper segregation of duties and ensures accurate financial reporting in compliance with generally accepted accounting principles.\n\nWhen NOT to Use: Do not use this account for transactions that belong to other expense categories or for items that should be classified under different account types. Ensure proper authorization and documentation before posting entries.\n\nCross-References: Related accounts include other expense accounts within the Expense - General classification. Review the complete chart of accounts for proper account selection.\n\nFrequency: This account appears in 1 legacy account(s) across 1 company/companies, indicating high standardization importance."",
  ""examples"": [],
  ""gaap_rationale"": """"
}"
65810,Dues and Subscriptions,2024-01-01,,D,60000,2,Expense,"{
  ""subcategory"": ""Expense - General"",
  ""normal_balance"": ""Debit"",
  ""cash_flow_classification"": ""Operating Activities"",
  ""cost_center"": ""CC-2000"",
  ""gaap_classification"": ""US-GAAP Expense"",
  ""detailed_description"": ""Dues and Subscriptions - This account is used to record transactions related to Dues and Subscriptions.\n\nPurpose: This account tracks expense items specifically related to dues and subscriptions. It is classified under Expense - General in accordance with US-GAAP standards.\n\nTransaction Examples:\n- Recording of dues and subscriptions transactions\n- Adjustments related to dues and subscriptions\n- Period-end reconciliation and reporting\n\nGAAP Rationale: This account follows US-GAAP classification standards for expense accounts. It maintains proper segregation of duties and ensures accurate financial reporting in compliance with generally accepted accounting principles.\n\nWhen NOT to Use: Do not use this account for transactions that belong to other expense categories or for items that should be classified under different account types. Ensure proper authorization and documentation before posting entries.\n\nCross-References: Related accounts include other expense accounts within the Expense - General classification. Review the complete chart of accounts for proper account selection.\n\nFrequency: This account appears in 1 legacy account(s) across 1 company/companies, indicating high standardization importance."",
  ""examples"": [],
  ""gaap_rationale"": """"
}"
65976,Insurance,2024-01-01,,D,60000,2,Expense,"{
  ""subcategory"": ""Operating Expense - Insurance"",
  ""normal_balance"": ""Debit"",
  ""cash_flow_classification"": ""Operating Activities"",
  ""cost_center"": ""CC-2000"",
  ""gaap_classification"": ""US-GAAP Expense"",
  ""detailed_description"": ""Insurance - This account is used to record transactions related to Insurance.\n\nPurpose: This account tracks expense items specifically related to insurance. It is classified under Operating Expense - Insurance in accordance with US-GAAP standards.\n\nTransaction Examples:\n- Recording of insurance transactions\n- Adjustments related to insurance\n- Period-end reconciliation and reporting\n\nGAAP Rationale: This account follows US-GAAP classification standards for expense accounts. It maintains proper segregation of duties and ensures accurate financial reporting in compliance with generally accepted accounting principles.\n\nWhen NOT to Use: Do not use this account for transactions that belong to other expense categories or for items that should be classified under different account types. Ensure proper authorization and documentation before posting entries.\n\nCross-References: Related accounts include other expense accounts within the Operating Expense - Insurance classification. Review the complete chart of accounts for proper account selection.\n\nFrequency: This account appears in 2 legacy account(s) across 2 company/companies, indicating high standardization importance."",
  ""examples"": [],
  ""gaap_rationale"": """"
}"
66142,Interest Expenses,2024-01-01,,D,60000,2,Expense,"{
  ""subcategory"": ""Non-operating Expense - Interest"",
  ""normal_balance"": ""Debit"",
  ""cash_flow_classification"": ""Operating Activities"",
  ""cost_center"": ""CC-2000"",
  ""gaap_classification"": ""US-GAAP Expense"",
  ""detailed_description"": ""Interest Expenses - This account is used to record transactions related to Interest Expenses.\n\nPurpose: This account tracks expense items specifically related to interest expenses. It is classified under Non-operating Expense - Interest in accordance with US-GAAP standards.\n\nTransaction Examples:\n- Recording of interest expenses transactions\n- Adjustments related to interest expenses\n- Period-end reconciliation and reporting\n\nGAAP Rationale: This account follows US-GAAP classification standards for expense accounts. It maintains proper segregation of duties and ensures accurate financial reporting in compliance with generally accepted accounting principles.\n\nWhen NOT to Use: Do not use this account for transactions that belong to other expense categories or for items that should be classified under different account types. Ensure proper authorization and documentation before posting entries.\n\nCross-References: Related accounts include other expense accounts within the Non-operating Expense - Interest classification. Review the complete chart of accounts for proper account selection.\n\nFrequency: This account appears in 1 legacy account(s) across 1 company/companies, indicating high standardization importance."",
  ""examples"": [],
  ""gaap_rationale"": """"
}"
66308,Meals & Entertainment,2024-01-01,,D,60000,2,Expense,"{
  ""subcategory"": ""Operating Expense - Meals and Entertainment"",
  ""normal_balance"": ""Debit"",
  ""cash_flow_classification"": ""Operating Activities"",
  ""cost_center"": ""CC-2000"",
  ""gaap_classification"": ""US-GAAP Expense"",
  ""detailed_description"": ""Meals & Entertainment - This account is used to record transactions related to Meals & Entertainment.\n\nPurpose: This account tracks expense items specifically related to meals & entertainment. It is classified under Operating Expense - Meals and Entertainment in accordance with US-GAAP standards.\n\nTransaction Examples:\n- Recording of meals & entertainment transactions\n- Adjustments related to meals & entertainment\n- Period-end reconciliation and reporting\n\nGAAP Rationale: This account follows US-GAAP classification standards for expense accounts. It maintains proper segregation of duties and ensures accurate financial reporting in compliance with generally accepted accounting principles.\n\nWhen NOT to Use: Do not use this account for transactions that belong to other expense categories or for items that should be classified under different account types. Ensure proper authorization and documentation before posting entries.\n\nCross-References: Related accounts include other expense accounts within the Operating Expense - Meals and Entertainment classification. Review the complete chart of accounts for proper account selection.\n\nFrequency: This account appears in 1 legacy account(s) across 1 company/companies, indicating high standardization importance."",
  ""examples"": [],
  ""gaap_rationale"": """"
}"
66474,Office Rent,2024-01-01,,D,60000,2,Expense,"{
  ""subcategory"": ""Operating Expense - Rent"",
  ""normal_balance"": ""Debit"",
  ""cash_flow_classification"": ""Operating Activities"",
  ""cost_center"": ""CC-2000"",
  ""gaap_classification"": ""US-GAAP Expense"",
  ""detailed_description"": ""Office Rent - This account is used to record transactions related to Office Rent.\n\nPurpose: This account tracks expense items specifically related to office rent. It is classified under Operating Expense - Rent in accordance with US-GAAP standards.\n\nTransaction Examples:\n- Recording of office rent transactions\n- Adjustments related to office rent\n- Period-end reconciliation and reporting\n\nGAAP Rationale: This account follows US-GAAP classification standards for expense accounts. It maintains proper segregation of duties and ensures accurate financial reporting in compliance with generally accepted accounting principles.\n\nWhen NOT to Use: Do not use this account for transactions that belong to other expense categories or for items that should be classified under different account types. Ensure proper authorization and documentation before posting entries.\n\nCross-References: Related accounts include other expense accounts within the Operating Expense - Rent classification. Review the complete chart of accounts for proper account selection.\n\nFrequency: This account appears in 3 legacy account(s) across 3 company/companies, indicating high standardization importance."",
  ""examples"": [],
  ""gaap_rationale"": """"
}"
66640,Office Supplies,2024-01-01,,D,60000,2,Expense,"{
  ""subcategory"": ""Operating Expense - Office Expenses"",
  ""normal_balance"": ""Debit"",
  ""cash_flow_classification"": ""Operating Activities"",
  ""cost_center"": ""CC-2000"",
  ""gaap_classification"": ""US-GAAP Expense"",
  ""detailed_description"": ""Office Supplies - This account is used to record transactions related to Office Supplies.\n\nPurpose: This account tracks expense items specifically related to office supplies. It is classified under Operating Expense - Office Expenses in accordance with US-GAAP standards.\n\nTransaction Examples:\n- Recording of office supplies transactions\n- Adjustments related to office supplies\n- Period-end reconciliation and reporting\n\nGAAP Rationale: This account follows US-GAAP classification standards for expense accounts. It maintains proper segregation of duties and ensures accurate financial reporting in compliance with generally accepted accounting principles.\n\nWhen NOT to Use: Do not use this account for transactions that belong to other expense categories or for items that should be classified under different account types. Ensure proper authorization and documentation before posting entries.\n\nCross-References: Related accounts include other expense accounts within the Operating Expense - Office Expenses classification. Review the complete chart of accounts for proper account selection.\n\nFrequency: This account appears in 1 legacy account(s) across 1 company/companies, indicating high standardization importance."",
  ""examples"": [],
  ""gaap_rationale"": """"
}"
66806,Software,2024-01-01,,D,60000,2,Expense,"{
  ""subcategory"": ""Expense - General"",
  ""normal_balance"": ""Debit"",
  ""cash_flow_classification"": ""Operating Activities"",
  ""cost_center"": ""CC-2000"",
  ""gaap_classification"": ""US-GAAP Expense"",
  ""detailed_description"": ""Software - This account is used to record transactions related to Software.\n\nPurpose: This account tracks expense items specifically related to software. It is classified under Expense - General in accordance with US-GAAP standards.\n\nTransaction Examples:\n- Recording of software transactions\n- Adjustments related to software\n- Period-end reconciliation and reporting\n\nGAAP Rationale: This account follows US-GAAP classification standards for expense accounts. It maintains proper segregation of duties and ensures accurate financial reporting in compliance with generally accepted accounting principles.\n\nWhen NOT to Use: Do not use this account for transactions that belong to other expense categories or for items that should be classified under different account types. Ensure proper authorization and documentation before posting entries.\n\nCross-References: Related accounts include other expense accounts within the Expense - General classification. Review the complete chart of accounts for proper account selection.\n\nFrequency: This account appears in 3 legacy account(s) across 3 company/companies, indicating high standardization importance."",
  ""examples"": [],
  ""gaap_rationale"": """"
}"
66972,Supplies & Materials,2024-01-01,,D,60000,2,Expense,"{
  ""subcategory"": ""Expense - General"",
  ""normal_balance"": ""Debit"",
  ""cash_flow_classification"": ""Operating Activities"",
  ""cost_center"": ""CC-2000"",
  ""gaap_classification"": ""US-GAAP Expense"",
  ""detailed_description"": ""Supplies & Materials - This account is used to record transactions related to Supplies & Materials.\n\nPurpose: This account tracks expense items specifically related to supplies & materials. It is classified under Expense - General in accordance with US-GAAP standards.\n\nTransaction Examples:\n- Recording of supplies & materials transactions\n- Adjustments related to supplies & materials\n- Period-end reconciliation and reporting\n\nGAAP Rationale: This account follows US-GAAP classification standards for expense accounts. It maintains proper segregation of duties and ensures accurate financial reporting in compliance with generally accepted accounting principles.\n\nWhen NOT to Use: Do not use this account for transactions that belong to other expense categories or for items that should be classified under different account types. Ensure proper authorization and documentation before posting entries.\n\nCross-References: Related accounts include other expense accounts within the Expense - General classification. Review the complete chart of accounts for proper account selection.\n\nFrequency: This account appears in 3 legacy account(s) across 3 company/companies, indicating high standardization importance."",
  ""examples"": [],
  ""gaap_rationale"": """"
}"
67138,Utilities,2024-01-01,,D,60000,2,Expense,"{
  ""subcategory"": ""Operating Expense - Utilities"",
  ""normal_balance"": ""Debit"",
  ""cash_flow_classification"": ""Operating Activities"",
  ""cost_center"": ""CC-2000"",
  ""gaap_classification"": ""US-GAAP Expense"",
  ""detailed_description"": ""Utilities - This account is used to record transactions related to Utilities.\n\nPurpose: This account tracks expense items specifically related to utilities. It is classified under Operating Expense - Utilities in accordance with US-GAAP standards.\n\nTransaction Examples:\n- Recording of utilities transactions\n- Adjustments related to utilities\n- Period-end reconciliation and reporting\n\nGAAP Rationale: This account follows US-GAAP classification standards for expense accounts. It maintains proper segregation of duties and ensures accurate financial reporting in compliance with generally accepted accounting principles.\n\nWhen NOT to Use: Do not use this account for transactions that belong to other expense categories or for items that should be classified under different account types. Ensure proper authorization and documentation before posting entries.\n\nCross-References: Related accounts include other expense accounts within the Operating Expense - Utilities classification. Review the complete chart of accounts for proper account selection.\n\nFrequency: This account appears in 8 legacy account(s) across 3 company/companies, indicating high standardization importance."",
  ""examples"": [],
  ""gaap_rationale"": """"
}"
67304,Accounting,2024-01-01,,D,60000,2,Expense,"{
  ""subcategory"": ""Operating Expense - Accounting"",
  ""normal_balance"": ""Debit"",
  ""cash_flow_classification"": ""Operating Activities"",
  ""cost_center"": ""CC-2000"",
  ""gaap_classification"": ""US-GAAP Expense"",
  ""detailed_description"": ""Accounting - This account is used to record transactions related to Accounting.\n\nPurpose: This account tracks expense items specifically related to accounting. It is classified under Operating Expense - Accounting in accordance with US-GAAP standards.\n\nTransaction Examples:\n- Recording of accounting transactions\n- Adjustments related to accounting\n- Period-end reconciliation and reporting\n\nGAAP Rationale: This account follows US-GAAP classification standards for expense accounts. It maintains proper segregation of duties and ensures accurate financial reporting in compliance with generally accepted accounting principles.\n\nWhen NOT to Use: Do not use this account for transactions that belong to other expense categories or for items that should be classified under different account types. Ensure proper authorization and documentation before posting entries.\n\nCross-References: Related accounts include other expense accounts within the Operating Expense - Accounting classification. Review the complete chart of accounts for proper account selection.\n\nFrequency: This account appears in 2 legacy account(s) across 2 company/companies, indicating high standardization importance."",
  ""examples"": [],
  ""gaap_rationale"": """"
}"
67470,Advertising,2024-01-01,,D,60000,2,Expense,"{
  ""subcategory"": ""Operating Expense - Advertising"",
  ""normal_balance"": ""Debit"",
  ""cash_flow_classification"": ""Operating Activities"",
  ""cost_center"": ""CC-2000"",
  ""gaap_classification"": ""US-GAAP Expense"",
  ""detailed_description"": ""Advertising - This account is used to record transactions related to Advertising.\n\nPurpose: This account tracks expense items specifically related to advertising. It is classified under Operating Expense - Advertising in accordance with US-GAAP standards.\n\nTransaction Examples:\n- Recording of advertising transactions\n- Adjustments related to advertising\n- Period-end reconciliation and reporting\n\nGAAP Rationale: This account follows US-GAAP classification standards for expense accounts. It maintains proper segregation of duties and ensures accurate financial reporting in compliance with generally accepted accounting principles.\n\nWhen NOT to Use: Do not use this account for transactions that belong to other expense categories or for items that should be classified under different account types. Ensure proper authorization and documentation before posting entries.\n\nCross-References: Related accounts include other expense accounts within the Operating Expense - Advertising classification. Review the complete chart of accounts for proper account selection.\n\nFrequency: This account appears in 2 legacy account(s) across 2 company/companies, indicating high standardization importance."",
  ""examples"": [],
  ""gaap_rationale"": """"
}"
67636,Auto & Gas,2024-01-01,,D,60000,2,Expense,"{
  ""subcategory"": ""Expense - General"",
  ""normal_balance"": ""Debit"",
  ""cash_flow_classification"": ""Operating Activities"",
  ""cost_center"": ""CC-2000"",
  ""gaap_classification"": ""US-GAAP Expense"",
  ""detailed_description"": ""Auto & Gas - This account is used to record transactions related to Auto & Gas.\n\nPurpose: This account tracks expense items specifically related to auto & gas. It is classified under Expense - General in accordance with US-GAAP standards.\n\nTransaction Examples:\n- Recording of auto & gas transactions\n- Adjustments related to auto & gas\n- Period-end reconciliation and reporting\n\nGAAP Rationale: This account follows US-GAAP classification standards for expense accounts. It maintains proper segregation of duties and ensures accurate financial reporting in compliance with generally accepted accounting principles.\n\nWhen NOT to Use: Do not use this account for transactions that belong to other expense categories or for items that should be classified under different account types. Ensure proper authorization and documentation before posting entries.\n\nCross-References: Related accounts include other expense accounts within the Expense - General classification. Review the complete chart of accounts for proper account selection.\n\nFrequency: This account appears in 2 legacy account(s) across 2 company/companies, indicating high standardization importance."",
  ""examples"": [],
  ""gaap_rationale"": """"
}"
67802,Contractor - Local (1099),2024-01-01,,D,60000,2,Expense,"{
  ""subcategory"": ""Expense - General"",
  ""normal_balance"": ""Debit"",
  ""cash_flow_classification"": ""Operating Activities"",
  ""cost_center"": ""CC-2000"",
  ""gaap_classification"": ""US-GAAP Expense"",
  ""detailed_description"": ""Contractor - Local (1099) - This account is used to record transactions related to Contractor - Local (1099).\n\nPurpose: This account tracks expense items specifically related to contractor - local (1099). It is classified under Expense - General in accordance with US-GAAP standards.\n\nTransaction Examples:\n- Recording of contractor - local (1099) transactions\n- Adjustments related to contractor - local (1099)\n- Period-end reconciliation and reporting\n\nGAAP Rationale: This account follows US-GAAP classification standards for expense accounts. It maintains proper segregation of duties and ensures accurate financial reporting in compliance with generally accepted accounting principles.\n\nWhen NOT to Use: Do not use this account for transactions that belong to other expense categories or for items that should be classified under different account types. Ensure proper authorization and documentation before posting entries.\n\nCross-References: Related accounts include other expense accounts within the Expense - General classification. Review the complete chart of accounts for proper account selection.\n\nFrequency: This account appears in 2 legacy account(s) across 1 company/companies, indicating high standardization importance."",
  ""examples"": [],
  ""gaap_rationale"": """"
}"
67968,Interest Paid,2024-01-01,,D,60000,2,Expense,"{
  ""subcategory"": ""Non-operating Expense - Interest"",
  ""normal_balance"": ""Debit"",
  ""cash_flow_classification"": ""Operating Activities"",
  ""cost_center"": ""CC-2000"",
  ""gaap_classification"": ""US-GAAP Expense"",
  ""detailed_description"": ""Interest Paid - This account is used to record transactions related to Interest Paid.\n\nPurpose: This account tracks expense items specifically related to interest paid. It is classified under Non-operating Expense - Interest in accordance with US-GAAP standards.\n\nTransaction Examples:\n- Recording of interest paid transactions\n- Adjustments related to interest paid\n- Period-end reconciliation and reporting\n\nGAAP Rationale: This account follows US-GAAP classification standards for expense accounts. It maintains proper segregation of duties and ensures accurate financial reporting in compliance with generally accepted accounting principles.\n\nWhen NOT to Use: Do not use this account for transactions that belong to other expense categories or for items that should be classified under different account types. Ensure proper authorization and documentation before posting entries.\n\nCross-References: Related accounts include other expense accounts within the Non-operating Expense - Interest classification. Review the complete chart of accounts for proper account selection.\n\nFrequency: This account appears in 2 legacy account(s) across 2 company/companies, indicating high standardization importance."",
  ""examples"": [],
  ""gaap_rationale"": """"
}"
68134,Meals,2024-01-01,,D,60000,2,Expense,"{
  ""subcategory"": ""Operating Expense - Meals and Entertainment"",
  ""normal_balance"": ""Debit"",
  ""cash_flow_classification"": ""Operating Activities"",
  ""cost_center"": ""CC-2000"",
  ""gaap_classification"": ""US-GAAP Expense"",
  ""detailed_description"": ""Meals - This account is used to record transactions related to Meals.\n\nPurpose: This account tracks expense items specifically related to meals. It is classified under Operating Expense - Meals and Entertainment in accordance with US-GAAP standards.\n\nTransaction Examples:\n- Recording of meals transactions\n- Adjustments related to meals\n- Period-end reconciliation and reporting\n\nGAAP Rationale: This account follows US-GAAP classification standards for expense accounts. It maintains proper segregation of duties and ensures accurate financial reporting in compliance with generally accepted accounting principles.\n\nWhen NOT to Use: Do not use this account for transactions that belong to other expense categories or for items that should be classified under different account types. Ensure proper authorization and documentation before posting entries.\n\nCross-References: Related accounts include other expense accounts within the Operating Expense - Meals and Entertainment classification. Review the complete chart of accounts for proper account selection.\n\nFrequency: This account appears in 2 legacy account(s) across 2 company/companies, indicating high standardization importance."",
  ""examples"": [],
  ""gaap_rationale"": """"
}"
68300,Office Expenses,2024-01-01,,D,60000,2,Expense,"{
  ""subcategory"": ""Operating Expense - Office Expenses"",
  ""normal_balance"": ""Debit"",
  ""cash_flow_classification"": ""Operating Activities"",
  ""cost_center"": ""CC-2000"",
  ""gaap_classification"": ""US-GAAP Expense"",
  ""detailed_description"": ""Office Expenses - This account is used to record transactions related to Office Expenses.\n\nPurpose: This account tracks expense items specifically related to office expenses. It is classified under Operating Expense - Office Expenses in accordance with US-GAAP standards.\n\nTransaction Examples:\n- Recording of office expenses transactions\n- Adjustments related to office expenses\n- Period-end reconciliation and reporting\n\nGAAP Rationale: This account follows US-GAAP classification standards for expense accounts. It maintains proper segregation of duties and ensures accurate financial reporting in compliance with generally accepted accounting principles.\n\nWhen NOT to Use: Do not use this account for transactions that belong to other expense categories or for items that should be classified under different account types. Ensure proper authorization and documentation before posting entries.\n\nCross-References: Related accounts include other expense accounts within the Operating Expense - Office Expenses classification. Review the complete chart of accounts for proper account selection.\n\nFrequency: This account appears in 1 legacy account(s) across 1 company/companies, indicating high standardization importance."",
  ""examples"": [],
  ""gaap_rationale"": """"
}"
68466,Officers Compensation,2024-01-01,,D,60000,2,Expense,"{
  ""subcategory"": ""Operating Expense - Office Expenses"",
  ""normal_balance"": ""Debit"",
  ""cash_flow_classification"": ""Operating Activities"",
  ""cost_center"": ""CC-2000"",
  ""gaap_classification"": ""US-GAAP Expense"",
  ""detailed_description"": ""Officers Compensation - This account is used to record transactions related to Officers Compensation.\n\nPurpose: This account tracks expense items specifically related to officers compensation. It is classified under Operating Expense - Office Expenses in accordance with US-GAAP standards.\n\nTransaction Examples:\n- Recording of officers compensation transactions\n- Adjustments related to officers compensation\n- Period-end reconciliation and reporting\n\nGAAP Rationale: This account follows US-GAAP classification standards for expense accounts. It maintains proper segregation of duties and ensures accurate financial reporting in compliance with generally accepted accounting principles.\n\nWhen NOT to Use: Do not use this account for transactions that belong to other expense categories or for items that should be classified under different account types. Ensure proper authorization and documentation before posting entries.\n\nCross-References: Related accounts include other expense accounts within the Operating Expense - Office Expenses classification. Review the complete chart of accounts for proper account selection.\n\nFrequency: This account appears in 1 legacy account(s) across 1 company/companies, indicating high standardization importance."",
  ""examples"": [],
  ""gaap_rationale"": """"
}"
68632,PayPal Fees,2024-01-01,,D,60000,2,Expense,"{
  ""subcategory"": ""Expense - General"",
  ""normal_balance"": ""Debit"",
  ""cash_flow_classification"": ""Operating Activities"",
  ""cost_center"": ""CC-2000"",
  ""gaap_classification"": ""US-GAAP Expense"",
  ""detailed_description"": ""PayPal Fees - This account is used to record transactions related to PayPal Fees.\n\nPurpose: This account tracks expense items specifically related to paypal fees. It is classified under Expense - General in accordance with US-GAAP standards.\n\nTransaction Examples:\n- Recording of paypal fees transactions\n- Adjustments related to paypal fees\n- Period-end reconciliation and reporting\n\nGAAP Rationale: This account follows US-GAAP classification standards for expense accounts. It maintains proper segregation of duties and ensures accurate financial reporting in compliance with generally accepted accounting principles.\n\nWhen NOT to Use: Do not use this account for transactions that belong to other expense categories or for items that should be classified under different account types. Ensure proper authorization and documentation before posting entries.\n\nCross-References: Related accounts include other expense accounts within the Expense - General classification. Review the complete chart of accounts for proper account selection.\n\nFrequency: This account appears in 1 legacy account(s) across 1 company/companies, indicating high standardization importance."",
  ""examples"": [],
  ""gaap_rationale"": """"
}"
68798,Repair & Maintenance:Cleaning Services,2024-01-01,,D,60000,2,Expense,"{
  ""subcategory"": ""Expense - General"",
  ""normal_balance"": ""Debit"",
  ""cash_flow_classification"": ""Operating Activities"",
  ""cost_center"": ""CC-2000"",
  ""gaap_classification"": ""US-GAAP Expense"",
  ""detailed_description"": ""Repair & Maintenance:Cleaning Services - This account is used to record Cleaning Services.\n\nPurpose: This account tracks expense items specifically related to repair & maintenance:cleaning services. It is classified under Expense - General in accordance with US-GAAP standards.\n\nTransaction Examples:\n- Recording of repair & maintenance:cleaning services transactions\n- Adjustments related to repair & maintenance:cleaning services\n- Period-end reconciliation and reporting\n\nGAAP Rationale: This account follows US-GAAP classification standards for expense accounts. It maintains proper segregation of duties and ensures accurate financial reporting in compliance with generally accepted accounting principles.\n\nWhen NOT to Use: Do not use this account for transactions that belong to other expense categories or for items that should be classified under different account types. Ensure proper authorization and documentation before posting entries.\n\nCross-References: Related accounts include other expense accounts within the Expense - General classification. Review the complete chart of accounts for proper account selection.\n\nFrequency: This account appears in 2 legacy account(s) across 1 company/companies, indicating high standardization importance."",
  ""examples"": [],
  ""gaap_rationale"": """"
}"
68964,Stipend - Patient Caregiver,2024-01-01,,D,60000,2,Expense,"{
  ""subcategory"": ""Expense - General"",
  ""normal_balance"": ""Debit"",
  ""cash_flow_classification"": ""Operating Activities"",
  ""cost_center"": ""CC-2000"",
  ""gaap_classification"": ""US-GAAP Expense"",
  ""detailed_description"": ""Stipend - Patient Caregiver - This account is used to record transactions related to Stipend - Patient Caregiver.\n\nPurpose: This account tracks expense items specifically related to stipend - patient caregiver. It is classified under Expense - General in accordance with US-GAAP standards.\n\nTransaction Examples:\n- Recording of stipend - patient caregiver transactions\n- Adjustments related to stipend - patient caregiver\n- Period-end reconciliation and reporting\n\nGAAP Rationale: This account follows US-GAAP classification standards for expense accounts. It maintains proper segregation of duties and ensures accurate financial reporting in compliance with generally accepted accounting principles.\n\nWhen NOT to Use: Do not use this account for transactions that belong to other expense categories or for items that should be classified under different account types. Ensure proper authorization and documentation before posting entries.\n\nCross-References: Related accounts include other expense accounts within the Expense - General classification. Review the complete chart of accounts for proper account selection.\n\nFrequency: This account appears in 2 legacy account(s) across 1 company/companies, indicating high standardization importance."",
  ""examples"": [],
  ""gaap_rationale"": """"
}"
69130,Stipend - Patient Recruitment,2024-01-01,,D,60000,2,Expense,"{
  ""subcategory"": ""Expense - General"",
  ""normal_balance"": ""Debit"",
  ""cash_flow_classification"": ""Operating Activities"",
  ""cost_center"": ""CC-2000"",
  ""gaap_classification"": ""US-GAAP Expense"",
  ""detailed_description"": ""Stipend - Patient Recruitment - This account is used to record Patient Recruitment.\n\nPurpose: This account tracks expense items specifically related to stipend - patient recruitment. It is classified under Expense - General in accordance with US-GAAP standards.\n\nTransaction Examples:\n- Recording of stipend - patient recruitment transactions\n- Adjustments related to stipend - patient recruitment\n- Period-end reconciliation and reporting\n\nGAAP Rationale: This account follows US-GAAP classification standards for expense accounts. It maintains proper segregation of duties and ensures accurate financial reporting in compliance with generally accepted accounting principles.\n\nWhen NOT to Use: Do not use this account for transactions that belong to other expense categories or for items that should be classified under different account types. Ensure proper authorization and documentation before posting entries.\n\nCross-References: Related accounts include other expense accounts within the Expense - General classification. Review the complete chart of accounts for proper account selection.\n\nFrequency: This account appears in 1 legacy account(s) across 1 company/companies, indicating high standardization importance."",
  ""examples"": [],
  ""gaap_rationale"": """"
}"
69296,Stipend - Patient Transportation,2024-01-01,,D,60000,2,Expense,"{
  ""subcategory"": ""Expense - General"",
  ""normal_balance"": ""Debit"",
  ""cash_flow_classification"": ""Operating Activities"",
  ""cost_center"": ""CC-2000"",
  ""gaap_classification"": ""US-GAAP Expense"",
  ""detailed_description"": ""Stipend - Patient Transportation - This account is used to record transactions related to Stipend - Patient Transportation.\n\nPurpose: This account tracks expense items specifically related to stipend - patient transportation. It is classified under Expense - General in accordance with US-GAAP standards.\n\nTransaction Examples:\n- Recording of stipend - patient transportation transactions\n- Adjustments related to stipend - patient transportation\n- Period-end reconciliation and reporting\n\nGAAP Rationale: This account follows US-GAAP classification standards for expense accounts. It maintains proper segregation of duties and ensures accurate financial reporting in compliance with generally accepted accounting principles.\n\nWhen NOT to Use: Do not use this account for transactions that belong to other expense categories or for items that should be classified under different account types. Ensure proper authorization and documentation before posting entries.\n\nCross-References: Related accounts include other expense accounts within the Expense - General classification. Review the complete chart of accounts for proper account selection.\n\nFrequency: This account appears in 1 legacy account(s) across 1 company/companies, indicating high standardization importance."",
  ""examples"": [],
  ""gaap_rationale"": """"
}"
69462,Taxes Paid,2024-01-01,,D,60000,2,Expense,"{
  ""subcategory"": ""Operating Expense - Taxes"",
  ""normal_balance"": ""Debit"",
  ""cash_flow_classification"": ""Operating Activities"",
  ""cost_center"": ""CC-2000"",
  ""gaap_classification"": ""US-GAAP Expense"",
  ""detailed_description"": ""Taxes Paid - This account is used to record transactions related to Taxes Paid.\n\nPurpose: This account tracks expense items specifically related to taxes paid. It is classified under Operating Expense - Taxes in accordance with US-GAAP standards.\n\nTransaction Examples:\n- Recording of taxes paid transactions\n- Adjustments related to taxes paid\n- Period-end reconciliation and reporting\n\nGAAP Rationale: This account follows US-GAAP classification standards for expense accounts. It maintains proper segregation of duties and ensures accurate financial reporting in compliance with generally accepted accounting principles.\n\nWhen NOT to Use: Do not use this account for transactions that belong to other expense categories or for items that should be classified under different account types. Ensure proper authorization and documentation before posting entries.\n\nCross-References: Related accounts include other expense accounts within the Operating Expense - Taxes classification. Review the complete chart of accounts for proper account selection.\n\nFrequency: This account appears in 2 legacy account(s) across 2 company/companies, indicating high standardization importance."",
  ""examples"": [],
  ""gaap_rationale"": """"
}"
69628,Repairs & Maintenances,2024-01-01,,D,60000,2,Expense,"{
  ""subcategory"": ""Operating Expense - Repairs and Maintenance"",
  ""normal_balance"": ""Debit"",
  ""cash_flow_classification"": ""Operating Activities"",
  ""cost_center"": ""CC-2000"",
  ""gaap_classification"": ""US-GAAP Expense"",
  ""detailed_description"": ""Repairs & Maintenances - This account is used to record transactions related to Repairs & Maintenances.\n\nPurpose: This account tracks expense items specifically related to repairs & maintenances. It is classified under Operating Expense - Repairs and Maintenance in accordance with US-GAAP standards.\n\nTransaction Examples:\n- Recording of repairs & maintenances transactions\n- Adjustments related to repairs & maintenances\n- Period-end reconciliation and reporting\n\nGAAP Rationale: This account follows US-GAAP classification standards for expense accounts. It maintains proper segregation of duties and ensures accurate financial reporting in compliance with generally accepted accounting principles.\n\nWhen NOT to Use: Do not use this account for transactions that belong to other expense categories or for items that should be classified under different account types. Ensure proper authorization and documentation before posting entries.\n\nCross-References: Related accounts include other expense accounts within the Operating Expense - Repairs and Maintenance classification. Review the complete chart of accounts for proper account selection.\n\nFrequency: This account appears in 1 legacy account(s) across 1 company/companies, indicating high standardization importance."",
  ""examples"": [],
  ""gaap_rationale"": """"
}"
69794,Uniforms,2024-01-01,,D,60000,2,Expense,"{
  ""subcategory"": ""Expense - General"",
  ""normal_balance"": ""Debit"",
  ""cash_flow_classification"": ""Operating Activities"",
  ""cost_center"": ""CC-2000"",
  ""gaap_classification"": ""US-GAAP Expense"",
  ""detailed_description"": ""Uniforms - This account is used to record transactions related to Uniforms.\n\nPurpose: This account tracks expense items specifically related to uniforms. It is classified under Expense - General in accordance with US-GAAP standards.\n\nTransaction Examples:\n- Recording of uniforms transactions\n- Adjustments related to uniforms\n- Period-end reconciliation and reporting\n\nGAAP Rationale: This account follows US-GAAP classification standards for expense accounts. It maintains proper segregation of duties and ensures accurate financial reporting in compliance with generally accepted accounting principles.\n\nWhen NOT to Use: Do not use this account for transactions that belong to other expense categories or for items that should be classified under different account types. Ensure proper authorization and documentation before posting entries.\n\nCross-References: Related accounts include other expense accounts within the Expense - General classification. Review the complete chart of accounts for proper account selection.\n\nFrequency: This account appears in 1 legacy account(s) across 1 company/companies, indicating high standardization importance."",
  ""examples"": [],
  ""gaap_rationale"": """"
}"
20000,Accounts Payable (A/P),2024-01-01,,D,20000,2,Liability,"{
  ""subcategory"": ""Current Liability - Accounts Payable"",
  ""normal_balance"": ""Credit"",
  ""cash_flow_classification"": ""Operating Activities"",
  ""cost_center"": ""CC-0000"",
  ""gaap_classification"": ""US-GAAP Liability"",
  ""detailed_description"": ""Accounts Payable (A/P) - This account is used to record Money owed to vendors for products and services.\n\nPurpose: This account tracks liability items specifically related to accounts payable (a/p). It is classified under Current Liability - Accounts Payable in accordance with US-GAAP standards.\n\nTransaction Examples:\n- Recording of accounts payable (a/p) transactions\n- Adjustments related to accounts payable (a/p)\n- Period-end reconciliation and reporting\n\nGAAP Rationale: This account follows US-GAAP classification standards for liability accounts. It maintains proper segregation of duties and ensures accurate financial reporting in compliance with generally accepted accounting principles.\n\nWhen NOT to Use: Do not use this account for transactions that belong to other liability categories or for items that should be classified under different account types. Ensure proper authorization and documentation before posting entries.\n\nCross-References: Related accounts include other liability accounts within the Current Liability - Accounts Payable classification. Review the complete chart of accounts for proper account selection.\n\nFrequency: This account appears in 5 legacy account(s) across 5 company/companies, indicating high standardization importance."",
  ""examples"": [],
  ""gaap_rationale"": """"
}"
20178,CC - BOA - 0091,2024-01-01,,D,20000,2,Liability,"{
  ""subcategory"": ""Liability - General"",
  ""normal_balance"": ""Credit"",
  ""cash_flow_classification"": ""Operating Activities"",
  ""cost_center"": ""CC-0000"",
  ""gaap_classification"": ""US-GAAP Liability"",
  ""detailed_description"": ""CC - BOA - 0091 - This account is used to record transactions related to CC - BOA - 0091.\n\nPurpose: This account tracks liability items specifically related to cc - boa - 0091. It is classified under Liability - General in accordance with US-GAAP standards.\n\nTransaction Examples:\n- Recording of cc - boa - 0091 transactions\n- Adjustments related to cc - boa - 0091\n- Period-end reconciliation and reporting\n\nGAAP Rationale: This account follows US-GAAP classification standards for liability accounts. It maintains proper segregation of duties and ensures accurate financial reporting in compliance with generally accepted accounting principles.\n\nWhen NOT to Use: Do not use this account for transactions that belong to other liability categories or for items that should be classified under different account types. Ensure proper authorization and documentation before posting entries.\n\nCross-References: Related accounts include other liability accounts within the Liability - General classification. Review the complete chart of accounts for proper account selection.\n\nFrequency: This account appears in 2 legacy account(s) across 1 company/companies, indicating high standardization importance."",
  ""examples"": [],
  ""gaap_rationale"": """"
}"
20356,Short-term business loans,2024-01-01,,D,20000,2,Liability,"{
  ""subcategory"": ""Long-term Liability - Loans Payable"",
  ""normal_balance"": ""Credit"",
  ""cash_flow_classification"": ""Investing Activities"",
  ""cost_center"": ""CC-0000"",
  ""gaap_classification"": ""US-GAAP Liability"",
  ""detailed_description"": ""Short-term business loans - This account is used to record Loans the business will owe for less than a year.\n\nPurpose: This account tracks liability items specifically related to short-term business loans. It is classified under Long-term Liability - Loans Payable in accordance with US-GAAP standards.\n\nTransaction Examples:\n- Recording of short-term business loans transactions\n- Adjustments related to short-term business loans\n- Period-end reconciliation and reporting\n\nGAAP Rationale: This account follows US-GAAP classification standards for liability accounts. It maintains proper segregation of duties and ensures accurate financial reporting in compliance with generally accepted accounting principles.\n\nWhen NOT to Use: Do not use this account for transactions that belong to other liability categories or for items that should be classified under different account types. Ensure proper authorization and documentation before posting entries.\n\nCross-References: Related accounts include other liability accounts within the Long-term Liability - Loans Payable classification. Review the complete chart of accounts for proper account selection.\n\nFrequency: This account appears in 8 legacy account(s) across 4 company/companies, indicating high standardization importance."",
  ""examples"": [],
  ""gaap_rationale"": """"
}"
20534,Credit card rewards,2024-01-01,,D,20000,2,Liability,"{
  ""subcategory"": ""Current Liability - Credit Cards"",
  ""normal_balance"": ""Credit"",
  ""cash_flow_classification"": ""Operating Activities"",
  ""cost_center"": ""CC-0000"",
  ""gaap_classification"": ""US-GAAP Liability"",
  ""detailed_description"": ""Credit card rewards - This account is used to record Money earned from a credit card rewards program.\n\nPurpose: This account tracks liability items specifically related to credit card rewards. It is classified under Current Liability - Credit Cards in accordance with US-GAAP standards.\n\nTransaction Examples:\n- Recording of credit card rewards transactions\n- Adjustments related to credit card rewards\n- Period-end reconciliation and reporting\n\nGAAP Rationale: This account follows US-GAAP classification standards for liability accounts. It maintains proper segregation of duties and ensures accurate financial reporting in compliance with generally accepted accounting principles.\n\nWhen NOT to Use: Do not use this account for transactions that belong to other liability categories or for items that should be classified under different account types. Ensure proper authorization and documentation before posting entries.\n\nCross-References: Related accounts include other liability accounts within the Current Liability - Credit Cards classification. Review the complete chart of accounts for proper account selection.\n\nFrequency: This account appears in 5 legacy account(s) across 5 company/companies, indicating high standardization importance."",
  ""examples"": [],
  ""gaap_rationale"": """"
}"
20712,CC BOA 2282,2024-01-01,,D,20000,2,Liability,"{
  ""subcategory"": ""Liability - General"",
  ""normal_balance"": ""Credit"",
  ""cash_flow_classification"": ""Operating Activities"",
  ""cost_center"": ""CC-0000"",
  ""gaap_classification"": ""US-GAAP Liability"",
  ""detailed_description"": ""CC BOA 2282 - This account is used to record transactions related to CC BOA 2282.\n\nPurpose: This account tracks liability items specifically related to cc boa 2282. It is classified under Liability - General in accordance with US-GAAP standards.\n\nTransaction Examples:\n- Recording of cc boa 2282 transactions\n- Adjustments related to cc boa 2282\n- Period-end reconciliation and reporting\n\nGAAP Rationale: This account follows US-GAAP classification standards for liability accounts. It maintains proper segregation of duties and ensures accurate financial reporting in compliance with generally accepted accounting principles.\n\nWhen NOT to Use: Do not use this account for transactions that belong to other liability categories or for items that should be classified under different account types. Ensure proper authorization and documentation before posting entries.\n\nCross-References: Related accounts include other liability accounts within the Liability - General classification. Review the complete chart of accounts for proper account selection.\n\nFrequency: This account appears in 2 legacy account(s) across 1 company/companies, indicating high standardization importance."",
  ""examples"": [],
  ""gaap_rationale"": """"
}"
20890,CC CHASE 2857,2024-01-01,,D,20000,2,Liability,"{
  ""subcategory"": ""Liability - General"",
  ""normal_balance"": ""Credit"",
  ""cash_flow_classification"": ""Operating Activities"",
  ""cost_center"": ""CC-0000"",
  ""gaap_classification"": ""US-GAAP Liability"",
  ""detailed_description"": ""CC CHASE 2857 - This account is used to record transactions related to CC CHASE 2857.\n\nPurpose: This account tracks liability items specifically related to cc chase 2857. It is classified under Liability - General in accordance with US-GAAP standards.\n\nTransaction Examples:\n- Recording of cc chase 2857 transactions\n- Adjustments related to cc chase 2857\n- Period-end reconciliation and reporting\n\nGAAP Rationale: This account follows US-GAAP classification standards for liability accounts. It maintains proper segregation of duties and ensures accurate financial reporting in compliance with generally accepted accounting principles.\n\nWhen NOT to Use: Do not use this account for transactions that belong to other liability categories or for items that should be classified under different account types. Ensure proper authorization and documentation before posting entries.\n\nCross-References: Related accounts include other liability accounts within the Liability - General classification. Review the complete chart of accounts for proper account selection.\n\nFrequency: This account appears in 1 legacy account(s) across 1 company/companies, indicating high standardization importance."",
  ""examples"": [],
  ""gaap_rationale"": """"
}"
21068,CC - AMEX - 51006,2024-01-01,,D,20000,2,Liability,"{
  ""subcategory"": ""Liability - General"",
  ""normal_balance"": ""Credit"",
  ""cash_flow_classification"": ""Operating Activities"",
  ""cost_center"": ""CC-0000"",
  ""gaap_classification"": ""US-GAAP Liability"",
  ""detailed_description"": ""CC - AMEX - 51006 - This account is used to record transactions related to CC - AMEX - 51006.\n\nPurpose: This account tracks liability items specifically related to cc - amex - 51006. It is classified under Liability - General in accordance with US-GAAP standards.\n\nTransaction Examples:\n- Recording of cc - amex - 51006 transactions\n- Adjustments related to cc - amex - 51006\n- Period-end reconciliation and reporting\n\nGAAP Rationale: This account follows US-GAAP classification standards for liability accounts. It maintains proper segregation of duties and ensures accurate financial reporting in compliance with generally accepted accounting principles.\n\nWhen NOT to Use: Do not use this account for transactions that belong to other liability categories or for items that should be classified under different account types. Ensure proper authorization and documentation before posting entries.\n\nCross-References: Related accounts include other liability accounts within the Liability - General classification. Review the complete chart of accounts for proper account selection.\n\nFrequency: This account appears in 1 legacy account(s) across 1 company/companies, indicating high standardization importance."",
  ""examples"": [],
  ""gaap_rationale"": """"
}"
21246,CC - Amex - 71000,2024-01-01,,D,20000,2,Liability,"{
  ""subcategory"": ""Liability - General"",
  ""normal_balance"": ""Credit"",
  ""cash_flow_classification"": ""Operating Activities"",
  ""cost_center"": ""CC-0000"",
  ""gaap_classification"": ""US-GAAP Liability"",
  ""detailed_description"": ""CC - Amex - 71000 - This account is used to record transactions related to CC - Amex - 71000.\n\nPurpose: This account tracks liability items specifically related to cc - amex - 71000. It is classified under Liability - General in accordance with US-GAAP standards.\n\nTransaction Examples:\n- Recording of cc - amex - 71000 transactions\n- Adjustments related to cc - amex - 71000\n- Period-end reconciliation and reporting\n\nGAAP Rationale: This account follows US-GAAP classification standards for liability accounts. It maintains proper segregation of duties and ensures accurate financial reporting in compliance with generally accepted accounting principles.\n\nWhen NOT to Use: Do not use this account for transactions that belong to other liability categories or for items that should be classified under different account types. Ensure proper authorization and documentation before posting entries.\n\nCross-References: Related accounts include other liability accounts within the Liability - General classification. Review the complete chart of accounts for proper account selection.\n\nFrequency: This account appears in 1 legacy account(s) across 1 company/companies, indicating high standardization importance."",
  ""examples"": [],
  ""gaap_rationale"": """"
}"
21424,CC - BOA - CORP 4834-2335,2024-01-01,,D,20000,2,Liability,"{
  ""subcategory"": ""Liability - General"",
  ""normal_balance"": ""Credit"",
  ""cash_flow_classification"": ""Operating Activities"",
  ""cost_center"": ""CC-0000"",
  ""gaap_classification"": ""US-GAAP Liability"",
  ""detailed_description"": ""CC - BOA - CORP 4834-2335 - This account is used to record Subcard of BOA CORP Account (4834).\n\nPurpose: This account tracks liability items specifically related to cc - boa - corp 4834-2335. It is classified under Liability - General in accordance with US-GAAP standards.\n\nTransaction Examples:\n- Recording of cc - boa - corp 4834-2335 transactions\n- Adjustments related to cc - boa - corp 4834-2335\n- Period-end reconciliation and reporting\n\nGAAP Rationale: This account follows US-GAAP classification standards for liability accounts. It maintains proper segregation of duties and ensures accurate financial reporting in compliance with generally accepted accounting principles.\n\nWhen NOT to Use: Do not use this account for transactions that belong to other liability categories or for items that should be classified under different account types. Ensure proper authorization and documentation before posting entries.\n\nCross-References: Related accounts include other liability accounts within the Liability - General classification. Review the complete chart of accounts for proper account selection.\n\nFrequency: This account appears in 2 legacy account(s) across 1 company/companies, indicating high standardization importance."",
  ""examples"": [],
  ""gaap_rationale"": """"
}"
21602,CC - Capital One - 0568,2024-01-01,,D,20000,2,Liability,"{
  ""subcategory"": ""Liability - General"",
  ""normal_balance"": ""Credit"",
  ""cash_flow_classification"": ""Operating Activities"",
  ""cost_center"": ""CC-0000"",
  ""gaap_classification"": ""US-GAAP Liability"",
  ""detailed_description"": ""CC - Capital One - 0568 - This account is used to record transactions related to CC - Capital One - 0568.\n\nPurpose: This account tracks liability items specifically related to cc - capital one - 0568. It is classified under Liability - General in accordance with US-GAAP standards.\n\nTransaction Examples:\n- Recording of cc - capital one - 0568 transactions\n- Adjustments related to cc - capital one - 0568\n- Period-end reconciliation and reporting\n\nGAAP Rationale: This account follows US-GAAP classification standards for liability accounts. It maintains proper segregation of duties and ensures accurate financial reporting in compliance with generally accepted accounting principles.\n\nWhen NOT to Use: Do not use this account for transactions that belong to other liability categories or for items that should be classified under different account types. Ensure proper authorization and documentation before posting entries.\n\nCross-References: Related accounts include other liability accounts within the Liability - General classification. Review the complete chart of accounts for proper account selection.\n\nFrequency: This account appears in 3 legacy account(s) across 2 company/companies, indicating high standardization importance."",
  ""examples"": [],
  ""gaap_rationale"": """"
}"
21780,CC - Chase - 3821,2024-01-01,,D,20000,2,Liability,"{
  ""subcategory"": ""Liability - General"",
  ""normal_balance"": ""Credit"",
  ""cash_flow_classification"": ""Operating Activities"",
  ""cost_center"": ""CC-0000"",
  ""gaap_classification"": ""US-GAAP Liability"",
  ""detailed_description"": ""CC - Chase - 3821 - This account is used to record transactions related to CC - Chase - 3821.\n\nPurpose: This account tracks liability items specifically related to cc - chase - 3821. It is classified under Liability - General in accordance with US-GAAP standards.\n\nTransaction Examples:\n- Recording of cc - chase - 3821 transactions\n- Adjustments related to cc - chase - 3821\n- Period-end reconciliation and reporting\n\nGAAP Rationale: This account follows US-GAAP classification standards for liability accounts. It maintains proper segregation of duties and ensures accurate financial reporting in compliance with generally accepted accounting principles.\n\nWhen NOT to Use: Do not use this account for transactions that belong to other liability categories or for items that should be classified under different account types. Ensure proper authorization and documentation before posting entries.\n\nCross-References: Related accounts include other liability accounts within the Liability - General classification. Review the complete chart of accounts for proper account selection.\n\nFrequency: This account appears in 1 legacy account(s) across 1 company/companies, indicating high standardization importance."",
  ""examples"": [],
  ""gaap_rationale"": """"
}"
21958,CC - Chase - 9671,2024-01-01,,D,20000,2,Liability,"{
  ""subcategory"": ""Liability - General"",
  ""normal_balance"": ""Credit"",
  ""cash_flow_classification"": ""Operating Activities"",
  ""cost_center"": ""CC-0000"",
  ""gaap_classification"": ""US-GAAP Liability"",
  ""detailed_description"": ""CC - Chase - 9671 - This account is used to record ROMAN Rentals.\n\nPurpose: This account tracks liability items specifically related to cc - chase - 9671. It is classified under Liability - General in accordance with US-GAAP standards.\n\nTransaction Examples:\n- Recording of cc - chase - 9671 transactions\n- Adjustments related to cc - chase - 9671\n- Period-end reconciliation and reporting\n\nGAAP Rationale: This account follows US-GAAP classification standards for liability accounts. It maintains proper segregation of duties and ensures accurate financial reporting in compliance with generally accepted accounting principles.\n\nWhen NOT to Use: Do not use this account for transactions that belong to other liability categories or for items that should be classified under different account types. Ensure proper authorization and documentation before posting entries.\n\nCross-References: Related accounts include other liability accounts within the Liability - General classification. Review the complete chart of accounts for proper account selection.\n\nFrequency: This account appears in 2 legacy account(s) across 1 company/companies, indicating high standardization importance."",
  ""examples"": [],
  ""gaap_rationale"": """"
}"
22136,CC - BOA - 0091:CORP Account - 16X9 CORP (0091),2024-01-01,,D,20000,2,Liability,"{
  ""subcategory"": ""Liability - General"",
  ""normal_balance"": ""Credit"",
  ""cash_flow_classification"": ""Operating Activities"",
  ""cost_center"": ""CC-0000"",
  ""gaap_classification"": ""US-GAAP Liability"",
  ""detailed_description"": ""CC - BOA - 0091:CORP Account - 16X9 CORP (0091) - This account is used to record transactions related to CC - BOA - 0091:CORP Account - 16X9 CORP (0091).\n\nPurpose: This account tracks liability items specifically related to cc - boa - 0091:corp account - 16x9 corp (0091). It is classified under Liability - General in accordance with US-GAAP standards.\n\nTransaction Examples:\n- Recording of cc - boa - 0091:corp account - 16x9 corp (0091) transactions\n- Adjustments related to cc - boa - 0091:corp account - 16x9 corp (0091)\n- Period-end reconciliation and reporting\n\nGAAP Rationale: This account follows US-GAAP classification standards for liability accounts. It maintains proper segregation of duties and ensures accurate financial reporting in compliance with generally accepted accounting principles.\n\nWhen NOT to Use: Do not use this account for transactions that belong to other liability categories or for items that should be classified under different account types. Ensure proper authorization and documentation before posting entries.\n\nCross-References: Related accounts include other liability accounts within the Liability - General classification. Review the complete chart of accounts for proper account selection.\n\nFrequency: This account appears in 5 legacy account(s) across 5 company/companies, indicating high standardization importance."",
  ""examples"": [],
  ""gaap_rationale"": """"
}"
22314,CC - Chase - 9689,2024-01-01,,D,20000,2,Liability,"{
  ""subcategory"": ""Liability - General"",
  ""normal_balance"": ""Credit"",
  ""cash_flow_classification"": ""Operating Activities"",
  ""cost_center"": ""CC-0000"",
  ""gaap_classification"": ""US-GAAP Liability"",
  ""detailed_description"": ""CC - Chase - 9689 - This account is used to record transactions related to CC - Chase - 9689.\n\nPurpose: This account tracks liability items specifically related to cc - chase - 9689. It is classified under Liability - General in accordance with US-GAAP standards.\n\nTransaction Examples:\n- Recording of cc - chase - 9689 transactions\n- Adjustments related to cc - chase - 9689\n- Period-end reconciliation and reporting\n\nGAAP Rationale: This account follows US-GAAP classification standards for liability accounts. It maintains proper segregation of duties and ensures accurate financial reporting in compliance with generally accepted accounting principles.\n\nWhen NOT to Use: Do not use this account for transactions that belong to other liability categories or for items that should be classified under different account types. Ensure proper authorization and documentation before posting entries.\n\nCross-References: Related accounts include other liability accounts within the Liability - General classification. Review the complete chart of accounts for proper account selection.\n\nFrequency: This account appears in 1 legacy account(s) across 1 company/companies, indicating high standardization importance."",
  ""examples"": [],
  ""gaap_rationale"": """"
}"
22492,CC - Citi - MD Personal - Balance Xfer,2024-01-01,,D,20000,2,Liability,"{
  ""subcategory"": ""Liability - General"",
  ""normal_balance"": ""Credit"",
  ""cash_flow_classification"": ""Operating Activities"",
  ""cost_center"": ""CC-0000"",
  ""gaap_classification"": ""US-GAAP Liability"",
  ""detailed_description"": ""CC - Citi - MD Personal - Balance Xfer - This account is used to record transactions related to CC - Citi - MD Personal - Balance Xfer.\n\nPurpose: This account tracks liability items specifically related to cc - citi - md personal - balance xfer. It is classified under Liability - General in accordance with US-GAAP standards.\n\nTransaction Examples:\n- Recording of cc - citi - md personal - balance xfer transactions\n- Adjustments related to cc - citi - md personal - balance xfer\n- Period-end reconciliation and reporting\n\nGAAP Rationale: This account follows US-GAAP classification standards for liability accounts. It maintains proper segregation of duties and ensures accurate financial reporting in compliance with generally accepted accounting principles.\n\nWhen NOT to Use: Do not use this account for transactions that belong to other liability categories or for items that should be classified under different account types. Ensure proper authorization and documentation before posting entries.\n\nCross-References: Related accounts include other liability accounts within the Liability - General classification. Review the complete chart of accounts for proper account selection.\n\nFrequency: This account appears in 1 legacy account(s) across 1 company/companies, indicating high standardization importance."",
  ""examples"": [],
  ""gaap_rationale"": """"
}"
22670,CC - ROMAN - Chase - 3043,2024-01-01,,D,20000,2,Liability,"{
  ""subcategory"": ""Liability - General"",
  ""normal_balance"": ""Credit"",
  ""cash_flow_classification"": ""Operating Activities"",
  ""cost_center"": ""CC-0000"",
  ""gaap_classification"": ""US-GAAP Liability"",
  ""detailed_description"": ""CC - ROMAN - Chase - 3043 - This account is used to record Expense account for ROMAN Portfolio properties.\n\nPurpose: This account tracks liability items specifically related to cc - roman - chase - 3043. It is classified under Liability - General in accordance with US-GAAP standards.\n\nTransaction Examples:\n- Recording of cc - roman - chase - 3043 transactions\n- Adjustments related to cc - roman - chase - 3043\n- Period-end reconciliation and reporting\n\nGAAP Rationale: This account follows US-GAAP classification standards for liability accounts. It maintains proper segregation of duties and ensures accurate financial reporting in compliance with generally accepted accounting principles.\n\nWhen NOT to Use: Do not use this account for transactions that belong to other liability categories or for items that should be classified under different account types. Ensure proper authorization and documentation before posting entries.\n\nCross-References: Related accounts include other liability accounts within the Liability - General classification. Review the complete chart of accounts for proper account selection.\n\nFrequency: This account appears in 1 legacy account(s) across 1 company/companies, indicating high standardization importance."",
  ""examples"": [],
  ""gaap_rationale"": """"
}"
22848,Wells Fargo - BILT Credit Card,2024-01-01,,D,20000,2,Liability,"{
  ""subcategory"": ""Current Liability - Credit Cards"",
  ""normal_balance"": ""Credit"",
  ""cash_flow_classification"": ""Operating Activities"",
  ""cost_center"": ""CC-0000"",
  ""gaap_classification"": ""US-GAAP Liability"",
  ""detailed_description"": ""Wells Fargo - BILT Credit Card - This account is used to record transactions related to Wells Fargo - BILT Credit Card.\n\nPurpose: This account tracks liability items specifically related to wells fargo - bilt credit card. It is classified under Current Liability - Credit Cards in accordance with US-GAAP standards.\n\nTransaction Examples:\n- Recording of wells fargo - bilt credit card transactions\n- Adjustments related to wells fargo - bilt credit card\n- Period-end reconciliation and reporting\n\nGAAP Rationale: This account follows US-GAAP classification standards for liability accounts. It maintains proper segregation of duties and ensures accurate financial reporting in compliance with generally accepted accounting principles.\n\nWhen NOT to Use: Do not use this account for transactions that belong to other liability categories or for items that should be classified under different account types. Ensure proper authorization and documentation before posting entries.\n\nCross-References: Related accounts include other liability accounts within the Current Liability - Credit Cards classification. Review the complete chart of accounts for proper account selection.\n\nFrequency: This account appears in 1 legacy account(s) across 1 company/companies, indicating high standardization importance."",
  ""examples"": [],
  ""gaap_rationale"": """"
}"
23026,Mortgage Loans,2024-01-01,,D,20000,2,Liability,"{
  ""subcategory"": ""Long-term Liability - Loans Payable"",
  ""normal_balance"": ""Credit"",
  ""cash_flow_classification"": ""Investing Activities"",
  ""cost_center"": ""CC-0000"",
  ""gaap_classification"": ""US-GAAP Liability"",
  ""detailed_description"": ""Mortgage Loans - This account is used to record House @ 15 W 14th St, Lehigh Acres, FL 33972.\n\nPurpose: This account tracks liability items specifically related to mortgage loans. It is classified under Long-term Liability - Loans Payable in accordance with US-GAAP standards.\n\nTransaction Examples:\n- Recording of mortgage loans transactions\n- Adjustments related to mortgage loans\n- Period-end reconciliation and reporting\n\nGAAP Rationale: This account follows US-GAAP classification standards for liability accounts. It maintains proper segregation of duties and ensures accurate financial reporting in compliance with generally accepted accounting principles.\n\nWhen NOT to Use: Do not use this account for transactions that belong to other liability categories or for items that should be classified under different account types. Ensure proper authorization and documentation before posting entries.\n\nCross-References: Related accounts include other liability accounts within the Long-term Liability - Loans Payable classification. Review the complete chart of accounts for proper account selection.\n\nFrequency: This account appears in 8 legacy account(s) across 1 company/companies, indicating high standardization importance."",
  ""examples"": [],
  ""gaap_rationale"": """"
}"
23204,Mortgage Loans:Mortgage 1025-1027 Jaguar Blvd,2024-01-01,,D,20000,2,Liability,"{
  ""subcategory"": ""Long-term Liability - Loans Payable"",
  ""normal_balance"": ""Credit"",
  ""cash_flow_classification"": ""Investing Activities"",
  ""cost_center"": ""CC-0000"",
  ""gaap_classification"": ""US-GAAP Liability"",
  ""detailed_description"": ""Mortgage Loans:Mortgage 1025-1027 Jaguar Blvd - This account is used to record Duplex @ 1025-1027 Jaguar Blvd, Lehigh Acres, FL 33974.\n\nPurpose: This account tracks liability items specifically related to mortgage loans:mortgage 1025-1027 jaguar blvd. It is classified under Long-term Liability - Loans Payable in accordance with US-GAAP standards.\n\nTransaction Examples:\n- Recording of mortgage loans:mortgage 1025-1027 jaguar blvd transactions\n- Adjustments related to mortgage loans:mortgage 1025-1027 jaguar blvd\n- Period-end reconciliation and reporting\n\nGAAP Rationale: This account follows US-GAAP classification standards for liability accounts. It maintains proper segregation of duties and ensures accurate financial reporting in compliance with generally accepted accounting principles.\n\nWhen NOT to Use: Do not use this account for transactions that belong to other liability categories or for items that should be classified under different account types. Ensure proper authorization and documentation before posting entries.\n\nCross-References: Related accounts include other liability accounts within the Long-term Liability - Loans Payable classification. Review the complete chart of accounts for proper account selection.\n\nFrequency: This account appears in 4 legacy account(s) across 1 company/companies, indicating high standardization importance."",
  ""examples"": [],
  ""gaap_rationale"": """"
}"
23382,Mortgage Loans:Mortgage 12534 Griffing Blvd,2024-01-01,,D,20000,2,Liability,"{
  ""subcategory"": ""Long-term Liability - Loans Payable"",
  ""normal_balance"": ""Credit"",
  ""cash_flow_classification"": ""Investing Activities"",
  ""cost_center"": ""CC-0000"",
  ""gaap_classification"": ""US-GAAP Liability"",
  ""detailed_description"": ""Mortgage Loans:Mortgage 12534 Griffing Blvd - This account is used to record transactions related to Mortgage Loans:Mortgage 12534 Griffing Blvd.\n\nPurpose: This account tracks liability items specifically related to mortgage loans:mortgage 12534 griffing blvd. It is classified under Long-term Liability - Loans Payable in accordance with US-GAAP standards.\n\nTransaction Examples:\n- Recording of mortgage loans:mortgage 12534 griffing blvd transactions\n- Adjustments related to mortgage loans:mortgage 12534 griffing blvd\n- Period-end reconciliation and reporting\n\nGAAP Rationale: This account follows US-GAAP classification standards for liability accounts. It maintains proper segregation of duties and ensures accurate financial reporting in compliance with generally accepted accounting principles.\n\nWhen NOT to Use: Do not use this account for transactions that belong to other liability categories or for items that should be classified under different account types. Ensure proper authorization and documentation before posting entries.\n\nCross-References: Related accounts include other liability accounts within the Long-term Liability - Loans Payable classification. Review the complete chart of accounts for proper account selection.\n\nFrequency: This account appears in 1 legacy account(s) across 1 company/companies, indicating high standardization importance."",
  ""examples"": [],
  ""gaap_rationale"": """"
}"
23560,Mortgage Loans:Mortgage 16910-16922 Carmen Ave,2024-01-01,,D,20000,2,Liability,"{
  ""subcategory"": ""Long-term Liability - Loans Payable"",
  ""normal_balance"": ""Credit"",
  ""cash_flow_classification"": ""Investing Activities"",
  ""cost_center"": ""CC-0000"",
  ""gaap_classification"": ""US-GAAP Liability"",
  ""detailed_description"": ""Mortgage Loans:Mortgage 16910-16922 Carmen Ave - This account is used to record Fourplex @ 16910 Carmen Ave, Fort Myers, FL 33908.\n\nPurpose: This account tracks liability items specifically related to mortgage loans:mortgage 16910-16922 carmen ave. It is classified under Long-term Liability - Loans Payable in accordance with US-GAAP standards.\n\nTransaction Examples:\n- Recording of mortgage loans:mortgage 16910-16922 carmen ave transactions\n- Adjustments related to mortgage loans:mortgage 16910-16922 carmen ave\n- Period-end reconciliation and reporting\n\nGAAP Rationale: This account follows US-GAAP classification standards for liability accounts. It maintains proper segregation of duties and ensures accurate financial reporting in compliance with generally accepted accounting principles.\n\nWhen NOT to Use: Do not use this account for transactions that belong to other liability categories or for items that should be classified under different account types. Ensure proper authorization and documentation before posting entries.\n\nCross-References: Related accounts include other liability accounts within the Long-term Liability - Loans Payable classification. Review the complete chart of accounts for proper account selection.\n\nFrequency: This account appears in 1 legacy account(s) across 1 company/companies, indicating high standardization importance."",
  ""examples"": [],
  ""gaap_rationale"": """"
}"
23738,Other Loan Payable,2024-01-01,,D,20000,2,Liability,"{
  ""subcategory"": ""Current Liability - Accounts Payable"",
  ""normal_balance"": ""Credit"",
  ""cash_flow_classification"": ""Operating Activities"",
  ""cost_center"": ""CC-0000"",
  ""gaap_classification"": ""US-GAAP Liability"",
  ""detailed_description"": ""Other Loan Payable - This account is used to record transactions related to Other Loan Payable.\n\nPurpose: This account tracks liability items specifically related to other loan payable. It is classified under Current Liability - Accounts Payable in accordance with US-GAAP standards.\n\nTransaction Examples:\n- Recording of other loan payable transactions\n- Adjustments related to other loan payable\n- Period-end reconciliation and reporting\n\nGAAP Rationale: This account follows US-GAAP classification standards for liability accounts. It maintains proper segregation of duties and ensures accurate financial reporting in compliance with generally accepted accounting principles.\n\nWhen NOT to Use: Do not use this account for transactions that belong to other liability categories or for items that should be classified under different account types. Ensure proper authorization and documentation before posting entries.\n\nCross-References: Related accounts include other liability accounts within the Current Liability - Accounts Payable classification. Review the complete chart of accounts for proper account selection.\n\nFrequency: This account appears in 1 legacy account(s) across 1 company/companies, indicating high standardization importance."",
  ""examples"": [],
  ""gaap_rationale"": """"
}"
23916,Rent Payable,2024-01-01,,D,20000,2,Liability,"{
  ""subcategory"": ""Current Liability - Accounts Payable"",
  ""normal_balance"": ""Credit"",
  ""cash_flow_classification"": ""Operating Activities"",
  ""cost_center"": ""CC-0000"",
  ""gaap_classification"": ""US-GAAP Liability"",
  ""detailed_description"": ""Rent Payable - This account is used to record transactions related to Rent Payable.\n\nPurpose: This account tracks liability items specifically related to rent payable. It is classified under Current Liability - Accounts Payable in accordance with US-GAAP standards.\n\nTransaction Examples:\n- Recording of rent payable transactions\n- Adjustments related to rent payable\n- Period-end reconciliation and reporting\n\nGAAP Rationale: This account follows US-GAAP classification standards for liability accounts. It maintains proper segregation of duties and ensures accurate financial reporting in compliance with generally accepted accounting principles.\n\nWhen NOT to Use: Do not use this account for transactions that belong to other liability categories or for items that should be classified under different account types. Ensure proper authorization and documentation before posting entries.\n\nCross-References: Related accounts include other liability accounts within the Current Liability - Accounts Payable classification. Review the complete chart of accounts for proper account selection.\n\nFrequency: This account appears in 3 legacy account(s) across 1 company/companies, indicating high standardization importance."",
  ""examples"": [],
  ""gaap_rationale"": """"
}"
24094,CC - Chase - 4681,2024-01-01,,D,20000,2,Liability,"{
  ""subcategory"": ""Liability - General"",
  ""normal_balance"": ""Credit"",
  ""cash_flow_classification"": ""Operating Activities"",
  ""cost_center"": ""CC-0000"",
  ""gaap_classification"": ""US-GAAP Liability"",
  ""detailed_description"": ""CC - Chase - 4681 - This account is used to record transactions related to CC - Chase - 4681.\n\nPurpose: This account tracks liability items specifically related to cc - chase - 4681. It is classified under Liability - General in accordance with US-GAAP standards.\n\nTransaction Examples:\n- Recording of cc - chase - 4681 transactions\n- Adjustments related to cc - chase - 4681\n- Period-end reconciliation and reporting\n\nGAAP Rationale: This account follows US-GAAP classification standards for liability accounts. It maintains proper segregation of duties and ensures accurate financial reporting in compliance with generally accepted accounting principles.\n\nWhen NOT to Use: Do not use this account for transactions that belong to other liability categories or for items that should be classified under different account types. Ensure proper authorization and documentation before posting entries.\n\nCross-References: Related accounts include other liability accounts within the Liability - General classification. Review the complete chart of accounts for proper account selection.\n\nFrequency: This account appears in 1 legacy account(s) across 1 company/companies, indicating high standardization importance."",
  ""examples"": [],
  ""gaap_rationale"": """"
}"
24272,Mortgage Payments,2024-01-01,,D,20000,2,Liability,"{
  ""subcategory"": ""Long-term Liability - Mortgage Payable"",
  ""normal_balance"": ""Credit"",
  ""cash_flow_classification"": ""Investing Activities"",
  ""cost_center"": ""CC-0000"",
  ""gaap_classification"": ""US-GAAP Liability"",
  ""detailed_description"": ""Mortgage Payments - This account is used to record transactions related to Mortgage Payments.\n\nPurpose: This account tracks liability items specifically related to mortgage payments. It is classified under Long-term Liability - Mortgage Payable in accordance with US-GAAP standards.\n\nTransaction Examples:\n- Recording of mortgage payments transactions\n- Adjustments related to mortgage payments\n- Period-end reconciliation and reporting\n\nGAAP Rationale: This account follows US-GAAP classification standards for liability accounts. It maintains proper segregation of duties and ensures accurate financial reporting in compliance with generally accepted accounting principles.\n\nWhen NOT to Use: Do not use this account for transactions that belong to other liability categories or for items that should be classified under different account types. Ensure proper authorization and documentation before posting entries.\n\nCross-References: Related accounts include other liability accounts within the Long-term Liability - Mortgage Payable classification. Review the complete chart of accounts for proper account selection.\n\nFrequency: This account appears in 1 legacy account(s) across 1 company/companies, indicating high standardization importance."",
  ""examples"": [],
  ""gaap_rationale"": """"
}"
24450,BOA Corp Parent 0105,2024-01-01,,D,20000,2,Liability,"{
  ""subcategory"": ""Liability - General"",
  ""normal_balance"": ""Credit"",
  ""cash_flow_classification"": ""Operating Activities"",
  ""cost_center"": ""CC-0000"",
  ""gaap_classification"": ""US-GAAP Liability"",
  ""detailed_description"": ""BOA Corp Parent 0105 - This account is used to record transactions related to BOA Corp Parent 0105.\n\nPurpose: This account tracks liability items specifically related to boa corp parent 0105. It is classified under Liability - General in accordance with US-GAAP standards.\n\nTransaction Examples:\n- Recording of boa corp parent 0105 transactions\n- Adjustments related to boa corp parent 0105\n- Period-end reconciliation and reporting\n\nGAAP Rationale: This account follows US-GAAP classification standards for liability accounts. It maintains proper segregation of duties and ensures accurate financial reporting in compliance with generally accepted accounting principles.\n\nWhen NOT to Use: Do not use this account for transactions that belong to other liability categories or for items that should be classified under different account types. Ensure proper authorization and documentation before posting entries.\n\nCross-References: Related accounts include other liability accounts within the Liability - General classification. Review the complete chart of accounts for proper account selection.\n\nFrequency: This account appears in 1 legacy account(s) across 1 company/companies, indicating high standardization importance."",
  ""examples"": [],
  ""gaap_rationale"": """"
}"
24628,Chase - Ennovation Business Ink CC - (8274),2024-01-01,,D,20000,2,Liability,"{
  ""subcategory"": ""Liability - General"",
  ""normal_balance"": ""Credit"",
  ""cash_flow_classification"": ""Operating Activities"",
  ""cost_center"": ""CC-0000"",
  ""gaap_classification"": ""US-GAAP Liability"",
  ""detailed_description"": ""Chase - Ennovation Business Ink CC - (8274) - This account is used to record transactions related to Chase - Ennovation Business Ink CC - (8274).\n\nPurpose: This account tracks liability items specifically related to chase - ennovation business ink cc - (8274). It is classified under Liability - General in accordance with US-GAAP standards.\n\nTransaction Examples:\n- Recording of chase - ennovation business ink cc - (8274) transactions\n- Adjustments related to chase - ennovation business ink cc - (8274)\n- Period-end reconciliation and reporting\n\nGAAP Rationale: This account follows US-GAAP classification standards for liability accounts. It maintains proper segregation of duties and ensures accurate financial reporting in compliance with generally accepted accounting principles.\n\nWhen NOT to Use: Do not use this account for transactions that belong to other liability categories or for items that should be classified under different account types. Ensure proper authorization and documentation before posting entries.\n\nCross-References: Related accounts include other liability accounts within the Liability - General classification. Review the complete chart of accounts for proper account selection.\n\nFrequency: This account appears in 1 legacy account(s) across 1 company/companies, indicating high standardization importance."",
  ""examples"": [],
  ""gaap_rationale"": """"
}"
24806,Credit Card - 3684 - 2,2024-01-01,,D,20000,2,Liability,"{
  ""subcategory"": ""Current Liability - Credit Cards"",
  ""normal_balance"": ""Credit"",
  ""cash_flow_classification"": ""Operating Activities"",
  ""cost_center"": ""CC-0000"",
  ""gaap_classification"": ""US-GAAP Liability"",
  ""detailed_description"": ""Credit Card - 3684 - 2 - This account is used to record transactions related to Credit Card - 3684 - 2.\n\nPurpose: This account tracks liability items specifically related to credit card - 3684 - 2. It is classified under Current Liability - Credit Cards in accordance with US-GAAP standards.\n\nTransaction Examples:\n- Recording of credit card - 3684 - 2 transactions\n- Adjustments related to credit card - 3684 - 2\n- Period-end reconciliation and reporting\n\nGAAP Rationale: This account follows US-GAAP classification standards for liability accounts. It maintains proper segregation of duties and ensures accurate financial reporting in compliance with generally accepted accounting principles.\n\nWhen NOT to Use: Do not use this account for transactions that belong to other liability categories or for items that should be classified under different account types. Ensure proper authorization and documentation before posting entries.\n\nCross-References: Related accounts include other liability accounts within the Current Liability - Credit Cards classification. Review the complete chart of accounts for proper account selection.\n\nFrequency: This account appears in 1 legacy account(s) across 1 company/companies, indicating high standardization importance."",
  ""examples"": [],
  ""gaap_rationale"": """"
}"
24984,Loan Payment to Others,2024-01-01,,D,20000,2,Liability,"{
  ""subcategory"": ""Long-term Liability - Loans Payable"",
  ""normal_balance"": ""Credit"",
  ""cash_flow_classification"": ""Investing Activities"",
  ""cost_center"": ""CC-0000"",
  ""gaap_classification"": ""US-GAAP Liability"",
  ""detailed_description"": ""Loan Payment to Others - This account is used to record transactions related to Loan Payment to Others.\n\nPurpose: This account tracks liability items specifically related to loan payment to others. It is classified under Long-term Liability - Loans Payable in accordance with US-GAAP standards.\n\nTransaction Examples:\n- Recording of loan payment to others transactions\n- Adjustments related to loan payment to others\n- Period-end reconciliation and reporting\n\nGAAP Rationale: This account follows US-GAAP classification standards for liability accounts. It maintains proper segregation of duties and ensures accurate financial reporting in compliance with generally accepted accounting principles.\n\nWhen NOT to Use: Do not use this account for transactions that belong to other liability categories or for items that should be classified under different account types. Ensure proper authorization and documentation before posting entries.\n\nCross-References: Related accounts include other liability accounts within the Long-term Liability - Loans Payable classification. Review the complete chart of accounts for proper account selection.\n\nFrequency: This account appears in 1 legacy account(s) across 1 company/companies, indicating high standardization importance."",
  ""examples"": [],
  ""gaap_rationale"": """"
}"
25162,Loan from Others,2024-01-01,,D,20000,2,Liability,"{
  ""subcategory"": ""Long-term Liability - Loans Payable"",
  ""normal_balance"": ""Credit"",
  ""cash_flow_classification"": ""Investing Activities"",
  ""cost_center"": ""CC-0000"",
  ""gaap_classification"": ""US-GAAP Liability"",
  ""detailed_description"": ""Loan from Others - This account is used to record transactions related to Loan from Others.\n\nPurpose: This account tracks liability items specifically related to loan from others. It is classified under Long-term Liability - Loans Payable in accordance with US-GAAP standards.\n\nTransaction Examples:\n- Recording of loan from others transactions\n- Adjustments related to loan from others\n- Period-end reconciliation and reporting\n\nGAAP Rationale: This account follows US-GAAP classification standards for liability accounts. It maintains proper segregation of duties and ensures accurate financial reporting in compliance with generally accepted accounting principles.\n\nWhen NOT to Use: Do not use this account for transactions that belong to other liability categories or for items that should be classified under different account types. Ensure proper authorization and documentation before posting entries.\n\nCross-References: Related accounts include other liability accounts within the Long-term Liability - Loans Payable classification. Review the complete chart of accounts for proper account selection.\n\nFrequency: This account appears in 1 legacy account(s) across 1 company/companies, indicating high standardization importance."",
  ""examples"": [],
  ""gaap_rationale"": """"
}"
25340,CC - BOA - (1654) Parent,2024-01-01,,D,20000,2,Liability,"{
  ""subcategory"": ""Liability - General"",
  ""normal_balance"": ""Credit"",
  ""cash_flow_classification"": ""Operating Activities"",
  ""cost_center"": ""CC-0000"",
  ""gaap_classification"": ""US-GAAP Liability"",
  ""detailed_description"": ""CC - BOA - (1654) Parent - This account is used to record transactions related to CC - BOA - (1654) Parent.\n\nPurpose: This account tracks liability items specifically related to cc - boa - (1654) parent. It is classified under Liability - General in accordance with US-GAAP standards.\n\nTransaction Examples:\n- Recording of cc - boa - (1654) parent transactions\n- Adjustments related to cc - boa - (1654) parent\n- Period-end reconciliation and reporting\n\nGAAP Rationale: This account follows US-GAAP classification standards for liability accounts. It maintains proper segregation of duties and ensures accurate financial reporting in compliance with generally accepted accounting principles.\n\nWhen NOT to Use: Do not use this account for transactions that belong to other liability categories or for items that should be classified under different account types. Ensure proper authorization and documentation before posting entries.\n\nCross-References: Related accounts include other liability accounts within the Liability - General classification. Review the complete chart of accounts for proper account selection.\n\nFrequency: This account appears in 3 legacy account(s) across 2 company/companies, indicating high standardization importance."",
  ""examples"": [],
  ""gaap_rationale"": """"
}"
25518,CC - CHASE - (1051),2024-01-01,,D,20000,2,Liability,"{
  ""subcategory"": ""Liability - General"",
  ""normal_balance"": ""Credit"",
  ""cash_flow_classification"": ""Operating Activities"",
  ""cost_center"": ""CC-0000"",
  ""gaap_classification"": ""US-GAAP Liability"",
  ""detailed_description"": ""CC - CHASE - (1051) - This account is used to record transactions related to CC - CHASE - (1051).\n\nPurpose: This account tracks liability items specifically related to cc - chase - (1051). It is classified under Liability - General in accordance with US-GAAP standards.\n\nTransaction Examples:\n- Recording of cc - chase - (1051) transactions\n- Adjustments related to cc - chase - (1051)\n- Period-end reconciliation and reporting\n\nGAAP Rationale: This account follows US-GAAP classification standards for liability accounts. It maintains proper segregation of duties and ensures accurate financial reporting in compliance with generally accepted accounting principles.\n\nWhen NOT to Use: Do not use this account for transactions that belong to other liability categories or for items that should be classified under different account types. Ensure proper authorization and documentation before posting entries.\n\nCross-References: Related accounts include other liability accounts within the Liability - General classification. Review the complete chart of accounts for proper account selection.\n\nFrequency: This account appears in 1 legacy account(s) across 1 company/companies, indicating high standardization importance."",
  ""examples"": [],
  ""gaap_rationale"": """"
}"
25696,CC - CHASE - (1870),2024-01-01,,D,20000,2,Liability,"{
  ""subcategory"": ""Liability - General"",
  ""normal_balance"": ""Credit"",
  ""cash_flow_classification"": ""Operating Activities"",
  ""cost_center"": ""CC-0000"",
  ""gaap_classification"": ""US-GAAP Liability"",
  ""detailed_description"": ""CC - CHASE - (1870) - This account is used to record transactions related to CC - CHASE - (1870).\n\nPurpose: This account tracks liability items specifically related to cc - chase - (1870). It is classified under Liability - General in accordance with US-GAAP standards.\n\nTransaction Examples:\n- Recording of cc - chase - (1870) transactions\n- Adjustments related to cc - chase - (1870)\n- Period-end reconciliation and reporting\n\nGAAP Rationale: This account follows US-GAAP classification standards for liability accounts. It maintains proper segregation of duties and ensures accurate financial reporting in compliance with generally accepted accounting principles.\n\nWhen NOT to Use: Do not use this account for transactions that belong to other liability categories or for items that should be classified under different account types. Ensure proper authorization and documentation before posting entries.\n\nCross-References: Related accounts include other liability accounts within the Liability - General classification. Review the complete chart of accounts for proper account selection.\n\nFrequency: This account appears in 1 legacy account(s) across 1 company/companies, indicating high standardization importance."",
  ""examples"": [],
  ""gaap_rationale"": """"
}"
25874,CC - CHASE - (2198),2024-01-01,,D,20000,2,Liability,"{
  ""subcategory"": ""Liability - General"",
  ""normal_balance"": ""Credit"",
  ""cash_flow_classification"": ""Operating Activities"",
  ""cost_center"": ""CC-0000"",
  ""gaap_classification"": ""US-GAAP Liability"",
  ""detailed_description"": ""CC - CHASE - (2198) - This account is used to record transactions related to CC - CHASE - (2198).\n\nPurpose: This account tracks liability items specifically related to cc - chase - (2198). It is classified under Liability - General in accordance with US-GAAP standards.\n\nTransaction Examples:\n- Recording of cc - chase - (2198) transactions\n- Adjustments related to cc - chase - (2198)\n- Period-end reconciliation and reporting\n\nGAAP Rationale: This account follows US-GAAP classification standards for liability accounts. It maintains proper segregation of duties and ensures accurate financial reporting in compliance with generally accepted accounting principles.\n\nWhen NOT to Use: Do not use this account for transactions that belong to other liability categories or for items that should be classified under different account types. Ensure proper authorization and documentation before posting entries.\n\nCross-References: Related accounts include other liability accounts within the Liability - General classification. Review the complete chart of accounts for proper account selection.\n\nFrequency: This account appears in 1 legacy account(s) across 1 company/companies, indicating high standardization importance."",
  ""examples"": [],
  ""gaap_rationale"": """"
}"
26052,CC - Chase - 6899,2024-01-01,,D,20000,2,Liability,"{
  ""subcategory"": ""Liability - General"",
  ""normal_balance"": ""Credit"",
  ""cash_flow_classification"": ""Operating Activities"",
  ""cost_center"": ""CC-0000"",
  ""gaap_classification"": ""US-GAAP Liability"",
  ""detailed_description"": ""CC - Chase - 6899 - This account is used to record transactions related to CC - Chase - 6899.\n\nPurpose: This account tracks liability items specifically related to cc - chase - 6899. It is classified under Liability - General in accordance with US-GAAP standards.\n\nTransaction Examples:\n- Recording of cc - chase - 6899 transactions\n- Adjustments related to cc - chase - 6899\n- Period-end reconciliation and reporting\n\nGAAP Rationale: This account follows US-GAAP classification standards for liability accounts. It maintains proper segregation of duties and ensures accurate financial reporting in compliance with generally accepted accounting principles.\n\nWhen NOT to Use: Do not use this account for transactions that belong to other liability categories or for items that should be classified under different account types. Ensure proper authorization and documentation before posting entries.\n\nCross-References: Related accounts include other liability accounts within the Liability - General classification. Review the complete chart of accounts for proper account selection.\n\nFrequency: This account appears in 1 legacy account(s) across 1 company/companies, indicating high standardization importance."",
  ""examples"": [],
  ""gaap_rationale"": """"
}"
26230,CC - Chase Parent 9738 - 6017,2024-01-01,,D,20000,2,Liability,"{
  ""subcategory"": ""Current Liability - Credit Cards"",
  ""normal_balance"": ""Credit"",
  ""cash_flow_classification"": ""Operating Activities"",
  ""cost_center"": ""CC-0000"",
  ""gaap_classification"": ""US-GAAP Liability"",
  ""detailed_description"": ""CC - Chase Parent 9738 - 6017 - This account is used to record Yamile Guzman Expense Credit Card.\n\nPurpose: This account tracks liability items specifically related to cc - chase parent 9738 - 6017. It is classified under Current Liability - Credit Cards in accordance with US-GAAP standards.\n\nTransaction Examples:\n- Recording of cc - chase parent 9738 - 6017 transactions\n- Adjustments related to cc - chase parent 9738 - 6017\n- Period-end reconciliation and reporting\n\nGAAP Rationale: This account follows US-GAAP classification standards for liability accounts. It maintains proper segregation of duties and ensures accurate financial reporting in compliance with generally accepted accounting principles.\n\nWhen NOT to Use: Do not use this account for transactions that belong to other liability categories or for items that should be classified under different account types. Ensure proper authorization and documentation before posting entries.\n\nCross-References: Related accounts include other liability accounts within the Current Liability - Credit Cards classification. Review the complete chart of accounts for proper account selection.\n\nFrequency: This account appears in 3 legacy account(s) across 1 company/companies, indicating high standardization importance."",
  ""examples"": [],
  ""gaap_rationale"": """"
}"
26408,CC - PAYPAL - (4165),2024-01-01,,D,20000,2,Liability,"{
  ""subcategory"": ""Liability - General"",
  ""normal_balance"": ""Credit"",
  ""cash_flow_classification"": ""Operating Activities"",
  ""cost_center"": ""CC-0000"",
  ""gaap_classification"": ""US-GAAP Liability"",
  ""detailed_description"": ""CC - PAYPAL - (4165) - This account is used to record transactions related to CC - PAYPAL - (4165).\n\nPurpose: This account tracks liability items specifically related to cc - paypal - (4165). It is classified under Liability - General in accordance with US-GAAP standards.\n\nTransaction Examples:\n- Recording of cc - paypal - (4165) transactions\n- Adjustments related to cc - paypal - (4165)\n- Period-end reconciliation and reporting\n\nGAAP Rationale: This account follows US-GAAP classification standards for liability accounts. It maintains proper segregation of duties and ensures accurate financial reporting in compliance with generally accepted accounting principles.\n\nWhen NOT to Use: Do not use this account for transactions that belong to other liability categories or for items that should be classified under different account types. Ensure proper authorization and documentation before posting entries.\n\nCross-References: Related accounts include other liability accounts within the Liability - General classification. Review the complete chart of accounts for proper account selection.\n\nFrequency: This account appears in 1 legacy account(s) across 1 company/companies, indicating high standardization importance."",
  ""examples"": [],
  ""gaap_rationale"": """"
}"
26586,CC - PNC - (9283) CORP & (2722) SUB,2024-01-01,,D,20000,2,Liability,"{
  ""subcategory"": ""Liability - General"",
  ""normal_balance"": ""Credit"",
  ""cash_flow_classification"": ""Operating Activities"",
  ""cost_center"": ""CC-0000"",
  ""gaap_classification"": ""US-GAAP Liability"",
  ""detailed_description"": ""CC - PNC - (9283) CORP & (2722) SUB - This account is used to record transactions related to CC - PNC - (9283) CORP & (2722) SUB.\n\nPurpose: This account tracks liability items specifically related to cc - pnc - (9283) corp & (2722) sub. It is classified under Liability - General in accordance with US-GAAP standards.\n\nTransaction Examples:\n- Recording of cc - pnc - (9283) corp & (2722) sub transactions\n- Adjustments related to cc - pnc - (9283) corp & (2722) sub\n- Period-end reconciliation and reporting\n\nGAAP Rationale: This account follows US-GAAP classification standards for liability accounts. It maintains proper segregation of duties and ensures accurate financial reporting in compliance with generally accepted accounting principles.\n\nWhen NOT to Use: Do not use this account for transactions that belong to other liability categories or for items that should be classified under different account types. Ensure proper authorization and documentation before posting entries.\n\nCross-References: Related accounts include other liability accounts within the Liability - General classification. Review the complete chart of accounts for proper account selection.\n\nFrequency: This account appears in 2 legacy account(s) across 1 company/companies, indicating high standardization importance."",
  ""examples"": [],
  ""gaap_rationale"": """"
}"
26764,Florida Department of Revenue Payable,2024-01-01,,D,20000,2,Liability,"{
  ""subcategory"": ""Current Liability - Accounts Payable"",
  ""normal_balance"": ""Credit"",
  ""cash_flow_classification"": ""Operating Activities"",
  ""cost_center"": ""CC-0000"",
  ""gaap_classification"": ""US-GAAP Liability"",
  ""detailed_description"": ""Florida Department of Revenue Payable - This account is used to record transactions related to Florida Department of Revenue Payable.\n\nPurpose: This account tracks liability items specifically related to florida department of revenue payable. It is classified under Current Liability - Accounts Payable in accordance with US-GAAP standards.\n\nTransaction Examples:\n- Recording of florida department of revenue payable transactions\n- Adjustments related to florida department of revenue payable\n- Period-end reconciliation and reporting\n\nGAAP Rationale: This account follows US-GAAP classification standards for liability accounts. It maintains proper segregation of duties and ensures accurate financial reporting in compliance with generally accepted accounting principles.\n\nWhen NOT to Use: Do not use this account for transactions that belong to other liability categories or for items that should be classified under different account types. Ensure proper authorization and documentation before posting entries.\n\nCross-References: Related accounts include other liability accounts within the Current Liability - Accounts Payable classification. Review the complete chart of accounts for proper account selection.\n\nFrequency: This account appears in 2 legacy account(s) across 2 company/companies, indicating high standardization importance."",
  ""examples"": [],
  ""gaap_rationale"": """"
}"
26942,Loan Payable To Maravilla Cleaners LLC,2024-01-01,,D,20000,2,Liability,"{
  ""subcategory"": ""Current Liability - Accounts Payable"",
  ""normal_balance"": ""Credit"",
  ""cash_flow_classification"": ""Operating Activities"",
  ""cost_center"": ""CC-0000"",
  ""gaap_classification"": ""US-GAAP Liability"",
  ""detailed_description"": ""Loan Payable To Maravilla Cleaners LLC - This account is used to record transactions related to Loan Payable To Maravilla Cleaners LLC.\n\nPurpose: This account tracks liability items specifically related to loan payable to maravilla cleaners llc. It is classified under Current Liability - Accounts Payable in accordance with US-GAAP standards.\n\nTransaction Examples:\n- Recording of loan payable to maravilla cleaners llc transactions\n- Adjustments related to loan payable to maravilla cleaners llc\n- Period-end reconciliation and reporting\n\nGAAP Rationale: This account follows US-GAAP classification standards for liability accounts. It maintains proper segregation of duties and ensures accurate financial reporting in compliance with generally accepted accounting principles.\n\nWhen NOT to Use: Do not use this account for transactions that belong to other liability categories or for items that should be classified under different account types. Ensure proper authorization and documentation before posting entries.\n\nCross-References: Related accounts include other liability accounts within the Current Liability - Accounts Payable classification. Review the complete chart of accounts for proper account selection.\n\nFrequency: This account appears in 1 legacy account(s) across 1 company/companies, indicating high standardization importance."",
  ""examples"": [],
  ""gaap_rationale"": """"
}"
27120,Out Of Scope Agency Payable,2024-01-01,,D,20000,2,Liability,"{
  ""subcategory"": ""Current Liability - Accounts Payable"",
  ""normal_balance"": ""Credit"",
  ""cash_flow_classification"": ""Operating Activities"",
  ""cost_center"": ""CC-0000"",
  ""gaap_classification"": ""US-GAAP Liability"",
  ""detailed_description"": ""Out Of Scope Agency Payable - This account is used to record transactions related to Out Of Scope Agency Payable.\n\nPurpose: This account tracks liability items specifically related to out of scope agency payable. It is classified under Current Liability - Accounts Payable in accordance with US-GAAP standards.\n\nTransaction Examples:\n- Recording of out of scope agency payable transactions\n- Adjustments related to out of scope agency payable\n- Period-end reconciliation and reporting\n\nGAAP Rationale: This account follows US-GAAP classification standards for liability accounts. It maintains proper segregation of duties and ensures accurate financial reporting in compliance with generally accepted accounting principles.\n\nWhen NOT to Use: Do not use this account for transactions that belong to other liability categories or for items that should be classified under different account types. Ensure proper authorization and documentation before posting entries.\n\nCross-References: Related accounts include other liability accounts within the Current Liability - Accounts Payable classification. Review the complete chart of accounts for proper account selection.\n\nFrequency: This account appears in 1 legacy account(s) across 1 company/companies, indicating high standardization importance."",
  ""examples"": [],
  ""gaap_rationale"": """"
}"
27298,CC BOA 2579,2024-01-01,,D,20000,2,Liability,"{
  ""subcategory"": ""Liability - General"",
  ""normal_balance"": ""Credit"",
  ""cash_flow_classification"": ""Operating Activities"",
  ""cost_center"": ""CC-0000"",
  ""gaap_classification"": ""US-GAAP Liability"",
  ""detailed_description"": ""CC BOA 2579 - This account is used to record transactions related to CC BOA 2579.\n\nPurpose: This account tracks liability items specifically related to cc boa 2579. It is classified under Liability - General in accordance with US-GAAP standards.\n\nTransaction Examples:\n- Recording of cc boa 2579 transactions\n- Adjustments related to cc boa 2579\n- Period-end reconciliation and reporting\n\nGAAP Rationale: This account follows US-GAAP classification standards for liability accounts. It maintains proper segregation of duties and ensures accurate financial reporting in compliance with generally accepted accounting principles.\n\nWhen NOT to Use: Do not use this account for transactions that belong to other liability categories or for items that should be classified under different account types. Ensure proper authorization and documentation before posting entries.\n\nCross-References: Related accounts include other liability accounts within the Liability - General classification. Review the complete chart of accounts for proper account selection.\n\nFrequency: This account appears in 1 legacy account(s) across 1 company/companies, indicating high standardization importance."",
  ""examples"": [],
  ""gaap_rationale"": """"
}"
27476,CC BOA 2579:CORP Account - Fair Offers CORP (2579) - 1,2024-01-01,,D,20000,2,Liability,"{
  ""subcategory"": ""Liability - General"",
  ""normal_balance"": ""Credit"",
  ""cash_flow_classification"": ""Operating Activities"",
  ""cost_center"": ""CC-0000"",
  ""gaap_classification"": ""US-GAAP Liability"",
  ""detailed_description"": ""CC BOA 2579:CORP Account - Fair Offers CORP (2579) - 1 - This account is used to record transactions related to CC BOA 2579:CORP Account - Fair Offers CORP (2579) - 1.\n\nPurpose: This account tracks liability items specifically related to cc boa 2579:corp account - fair offers corp (2579) - 1. It is classified under Liability - General in accordance with US-GAAP standards.\n\nTransaction Examples:\n- Recording of cc boa 2579:corp account - fair offers corp (2579) - 1 transactions\n- Adjustments related to cc boa 2579:corp account - fair offers corp (2579) - 1\n- Period-end reconciliation and reporting\n\nGAAP Rationale: This account follows US-GAAP classification standards for liability accounts. It maintains proper segregation of duties and ensures accurate financial reporting in compliance with generally accepted accounting principles.\n\nWhen NOT to Use: Do not use this account for transactions that belong to other liability categories or for items that should be classified under different account types. Ensure proper authorization and documentation before posting entries.\n\nCross-References: Related accounts include other liability accounts within the Liability - General classification. Review the complete chart of accounts for proper account selection.\n\nFrequency: This account appears in 2 legacy account(s) across 1 company/companies, indicating high standardization importance."",
  ""examples"": [],
  ""gaap_rationale"": """"
}"
27654,CC - Amex - Amazon Business Prime (1004),2024-01-01,,D,20000,2,Liability,"{
  ""subcategory"": ""Liability - General"",
  ""normal_balance"": ""Credit"",
  ""cash_flow_classification"": ""Operating Activities"",
  ""cost_center"": ""CC-0000"",
  ""gaap_classification"": ""US-GAAP Liability"",
  ""detailed_description"": ""CC - Amex - Amazon Business Prime (1004) - This account is used to record transactions related to CC - Amex - Amazon Business Prime (1004).\n\nPurpose: This account tracks liability items specifically related to cc - amex - amazon business prime (1004). It is classified under Liability - General in accordance with US-GAAP standards.\n\nTransaction Examples:\n- Recording of cc - amex - amazon business prime (1004) transactions\n- Adjustments related to cc - amex - amazon business prime (1004)\n- Period-end reconciliation and reporting\n\nGAAP Rationale: This account follows US-GAAP classification standards for liability accounts. It maintains proper segregation of duties and ensures accurate financial reporting in compliance with generally accepted accounting principles.\n\nWhen NOT to Use: Do not use this account for transactions that belong to other liability categories or for items that should be classified under different account types. Ensure proper authorization and documentation before posting entries.\n\nCross-References: Related accounts include other liability accounts within the Liability - General classification. Review the complete chart of accounts for proper account selection.\n\nFrequency: This account appears in 1 legacy account(s) across 1 company/companies, indicating high standardization importance."",
  ""examples"": [],
  ""gaap_rationale"": """"
}"
27832,CC BOA 9949 - Parent:CC - BOA - SUB Account - (9321),2024-01-01,,D,20000,2,Liability,"{
  ""subcategory"": ""Liability - General"",
  ""normal_balance"": ""Credit"",
  ""cash_flow_classification"": ""Operating Activities"",
  ""cost_center"": ""CC-0000"",
  ""gaap_classification"": ""US-GAAP Liability"",
  ""detailed_description"": ""CC BOA 9949 - Parent:CC - BOA - SUB Account - (9321) - This account is used to record transactions related to CC BOA 9949 - Parent:CC - BOA - SUB Account - (9321).\n\nPurpose: This account tracks liability items specifically related to cc boa 9949 - parent:cc - boa - sub account - (9321). It is classified under Liability - General in accordance with US-GAAP standards.\n\nTransaction Examples:\n- Recording of cc boa 9949 - parent:cc - boa - sub account - (9321) transactions\n- Adjustments related to cc boa 9949 - parent:cc - boa - sub account - (9321)\n- Period-end reconciliation and reporting\n\nGAAP Rationale: This account follows US-GAAP classification standards for liability accounts. It maintains proper segregation of duties and ensures accurate financial reporting in compliance with generally accepted accounting principles.\n\nWhen NOT to Use: Do not use this account for transactions that belong to other liability categories or for items that should be classified under different account types. Ensure proper authorization and documentation before posting entries.\n\nCross-References: Related accounts include other liability accounts within the Liability - General classification. Review the complete chart of accounts for proper account selection.\n\nFrequency: This account appears in 1 legacy account(s) across 1 company/companies, indicating high standardization importance."",
  ""examples"": [],
  ""gaap_rationale"": """"
}"
28010,Bad Debt,2024-01-01,,D,20000,2,Liability,"{
  ""subcategory"": ""Liability - General"",
  ""normal_balance"": ""Credit"",
  ""cash_flow_classification"": ""Operating Activities"",
  ""cost_center"": ""CC-0000"",
  ""gaap_classification"": ""US-GAAP Liability"",
  ""detailed_description"": ""Bad Debt - This account is used to record Costs to your business from unpaid customer debt.\n\nPurpose: This account tracks liability items specifically related to bad debt. It is classified under Liability - General in accordance with US-GAAP standards.\n\nTransaction Examples:\n- Recording of bad debt transactions\n- Adjustments related to bad debt\n- Period-end reconciliation and reporting\n\nGAAP Rationale: This account follows US-GAAP classification standards for liability accounts. It maintains proper segregation of duties and ensures accurate financial reporting in compliance with generally accepted accounting principles.\n\nWhen NOT to Use: Do not use this account for transactions that belong to other liability categories or for items that should be classified under different account types. Ensure proper authorization and documentation before posting entries.\n\nCross-References: Related accounts include other liability accounts within the Liability - General classification. Review the complete chart of accounts for proper account selection.\n\nFrequency: This account appears in 4 legacy account(s) across 4 company/companies, indicating high standardization importance."",
  ""examples"": [],
  ""gaap_rationale"": """"
}"
28188,CC - Chase - (0637),2024-01-01,,D,20000,2,Liability,"{
  ""subcategory"": ""Liability - General"",
  ""normal_balance"": ""Credit"",
  ""cash_flow_classification"": ""Operating Activities"",
  ""cost_center"": ""CC-0000"",
  ""gaap_classification"": ""US-GAAP Liability"",
  ""detailed_description"": ""CC - Chase - (0637) - This account is used to record transactions related to CC - Chase - (0637).\n\nPurpose: This account tracks liability items specifically related to cc - chase - (0637). It is classified under Liability - General in accordance with US-GAAP standards.\n\nTransaction Examples:\n- Recording of cc - chase - (0637) transactions\n- Adjustments related to cc - chase - (0637)\n- Period-end reconciliation and reporting\n\nGAAP Rationale: This account follows US-GAAP classification standards for liability accounts. It maintains proper segregation of duties and ensures accurate financial reporting in compliance with generally accepted accounting principles.\n\nWhen NOT to Use: Do not use this account for transactions that belong to other liability categories or for items that should be classified under different account types. Ensure proper authorization and documentation before posting entries.\n\nCross-References: Related accounts include other liability accounts within the Liability - General classification. Review the complete chart of accounts for proper account selection.\n\nFrequency: This account appears in 1 legacy account(s) across 1 company/companies, indicating high standardization importance."",
  ""examples"": [],
  ""gaap_rationale"": """"
}"
28366,CC - Chase - (7369) (9338),2024-01-01,,D,20000,2,Liability,"{
  ""subcategory"": ""Liability - General"",
  ""normal_balance"": ""Credit"",
  ""cash_flow_classification"": ""Operating Activities"",
  ""cost_center"": ""CC-0000"",
  ""gaap_classification"": ""US-GAAP Liability"",
  ""detailed_description"": ""CC - Chase - (7369) (9338) - This account is used to record transactions related to CC - Chase - (7369) (9338).\n\nPurpose: This account tracks liability items specifically related to cc - chase - (7369) (9338). It is classified under Liability - General in accordance with US-GAAP standards.\n\nTransaction Examples:\n- Recording of cc - chase - (7369) (9338) transactions\n- Adjustments related to cc - chase - (7369) (9338)\n- Period-end reconciliation and reporting\n\nGAAP Rationale: This account follows US-GAAP classification standards for liability accounts. It maintains proper segregation of duties and ensures accurate financial reporting in compliance with generally accepted accounting principles.\n\nWhen NOT to Use: Do not use this account for transactions that belong to other liability categories or for items that should be classified under different account types. Ensure proper authorization and documentation before posting entries.\n\nCross-References: Related accounts include other liability accounts within the Liability - General classification. Review the complete chart of accounts for proper account selection.\n\nFrequency: This account appears in 1 legacy account(s) across 1 company/companies, indicating high standardization importance."",
  ""examples"": [],
  ""gaap_rationale"": """"
}"
28544,Credit Card Processing Fees,2024-01-01,,D,20000,2,Liability,"{
  ""subcategory"": ""Current Liability - Credit Cards"",
  ""normal_balance"": ""Credit"",
  ""cash_flow_classification"": ""Operating Activities"",
  ""cost_center"": ""CC-0000"",
  ""gaap_classification"": ""US-GAAP Liability"",
  ""detailed_description"": ""Credit Card Processing Fees - This account is used to record transactions related to Credit Card Processing Fees.\n\nPurpose: This account tracks liability items specifically related to credit card processing fees. It is classified under Current Liability - Credit Cards in accordance with US-GAAP standards.\n\nTransaction Examples:\n- Recording of credit card processing fees transactions\n- Adjustments related to credit card processing fees\n- Period-end reconciliation and reporting\n\nGAAP Rationale: This account follows US-GAAP classification standards for liability accounts. It maintains proper segregation of duties and ensures accurate financial reporting in compliance with generally accepted accounting principles.\n\nWhen NOT to Use: Do not use this account for transactions that belong to other liability categories or for items that should be classified under different account types. Ensure proper authorization and documentation before posting entries.\n\nCross-References: Related accounts include other liability accounts within the Current Liability - Credit Cards classification. Review the complete chart of accounts for proper account selection.\n\nFrequency: This account appears in 1 legacy account(s) across 1 company/companies, indicating high standardization importance."",
  ""examples"": [],
  ""gaap_rationale"": """"
}"
28722,Loan from Envision Trials,2024-01-01,,D,20000,2,Liability,"{
  ""subcategory"": ""Long-term Liability - Loans Payable"",
  ""normal_balance"": ""Credit"",
  ""cash_flow_classification"": ""Investing Activities"",
  ""cost_center"": ""CC-0000"",
  ""gaap_classification"": ""US-GAAP Liability"",
  ""detailed_description"": ""Loan from Envision Trials - This account is used to record transactions related to Loan from Envision Trials.\n\nPurpose: This account tracks liability items specifically related to loan from envision trials. It is classified under Long-term Liability - Loans Payable in accordance with US-GAAP standards.\n\nTransaction Examples:\n- Recording of loan from envision trials transactions\n- Adjustments related to loan from envision trials\n- Period-end reconciliation and reporting\n\nGAAP Rationale: This account follows US-GAAP classification standards for liability accounts. It maintains proper segregation of duties and ensures accurate financial reporting in compliance with generally accepted accounting principles.\n\nWhen NOT to Use: Do not use this account for transactions that belong to other liability categories or for items that should be classified under different account types. Ensure proper authorization and documentation before posting entries.\n\nCross-References: Related accounts include other liability accounts within the Long-term Liability - Loans Payable classification. Review the complete chart of accounts for proper account selection.\n\nFrequency: This account appears in 1 legacy account(s) across 1 company/companies, indicating high standardization importance."",
  ""examples"": [],
  ""gaap_rationale"": """"
}"
28900,Loan from Manuel Dorticos Discover CC (7754),2024-01-01,,D,20000,2,Liability,"{
  ""subcategory"": ""Long-term Liability - Loans Payable"",
  ""normal_balance"": ""Credit"",
  ""cash_flow_classification"": ""Investing Activities"",
  ""cost_center"": ""CC-0000"",
  ""gaap_classification"": ""US-GAAP Liability"",
  ""detailed_description"": ""Loan from Manuel Dorticos Discover CC (7754) - This account is used to record transactions related to Loan from Manuel Dorticos Discover CC (7754).\n\nPurpose: This account tracks liability items specifically related to loan from manuel dorticos discover cc (7754). It is classified under Long-term Liability - Loans Payable in accordance with US-GAAP standards.\n\nTransaction Examples:\n- Recording of loan from manuel dorticos discover cc (7754) transactions\n- Adjustments related to loan from manuel dorticos discover cc (7754)\n- Period-end reconciliation and reporting\n\nGAAP Rationale: This account follows US-GAAP classification standards for liability accounts. It maintains proper segregation of duties and ensures accurate financial reporting in compliance with generally accepted accounting principles.\n\nWhen NOT to Use: Do not use this account for transactions that belong to other liability categories or for items that should be classified under different account types. Ensure proper authorization and documentation before posting entries.\n\nCross-References: Related accounts include other liability accounts within the Long-term Liability - Loans Payable classification. Review the complete chart of accounts for proper account selection.\n\nFrequency: This account appears in 1 legacy account(s) across 1 company/companies, indicating high standardization importance."",
  ""examples"": [],
  ""gaap_rationale"": """"
}"
29078,CC BOA 1265,2024-01-01,,D,20000,2,Liability,"{
  ""subcategory"": ""Liability - General"",
  ""normal_balance"": ""Credit"",
  ""cash_flow_classification"": ""Operating Activities"",
  ""cost_center"": ""CC-0000"",
  ""gaap_classification"": ""US-GAAP Liability"",
  ""detailed_description"": ""CC BOA 1265 - This account is used to record transactions related to CC BOA 1265.\n\nPurpose: This account tracks liability items specifically related to cc boa 1265. It is classified under Liability - General in accordance with US-GAAP standards.\n\nTransaction Examples:\n- Recording of cc boa 1265 transactions\n- Adjustments related to cc boa 1265\n- Period-end reconciliation and reporting\n\nGAAP Rationale: This account follows US-GAAP classification standards for liability accounts. It maintains proper segregation of duties and ensures accurate financial reporting in compliance with generally accepted accounting principles.\n\nWhen NOT to Use: Do not use this account for transactions that belong to other liability categories or for items that should be classified under different account types. Ensure proper authorization and documentation before posting entries.\n\nCross-References: Related accounts include other liability accounts within the Liability - General classification. Review the complete chart of accounts for proper account selection.\n\nFrequency: This account appears in 2 legacy account(s) across 1 company/companies, indicating high standardization importance."",
  ""examples"": [],
  ""gaap_rationale"": """"
}"
29256,Interest paid:Business loan interest,2024-01-01,,D,20000,2,Liability,"{
  ""subcategory"": ""Long-term Liability - Loans Payable"",
  ""normal_balance"": ""Credit"",
  ""cash_flow_classification"": ""Investing Activities"",
  ""cost_center"": ""CC-0000"",
  ""gaap_classification"": ""US-GAAP Liability"",
  ""detailed_description"": ""Interest paid:Business loan interest - This account is used to record Interest paid on a business loan.\n\nPurpose: This account tracks liability items specifically related to interest paid:business loan interest. It is classified under Long-term Liability - Loans Payable in accordance with US-GAAP standards.\n\nTransaction Examples:\n- Recording of interest paid:business loan interest transactions\n- Adjustments related to interest paid:business loan interest\n- Period-end reconciliation and reporting\n\nGAAP Rationale: This account follows US-GAAP classification standards for liability accounts. It maintains proper segregation of duties and ensures accurate financial reporting in compliance with generally accepted accounting principles.\n\nWhen NOT to Use: Do not use this account for transactions that belong to other liability categories or for items that should be classified under different account types. Ensure proper authorization and documentation before posting entries.\n\nCross-References: Related accounts include other liability accounts within the Long-term Liability - Loans Payable classification. Review the complete chart of accounts for proper account selection.\n\nFrequency: This account appears in 8 legacy account(s) across 4 company/companies, indicating high standardization importance."",
  ""examples"": [],
  ""gaap_rationale"": """"
}"
29434,Interest paid,2024-01-01,,D,20000,2,Liability,"{
  ""subcategory"": ""Current Liability - Credit Cards"",
  ""normal_balance"": ""Credit"",
  ""cash_flow_classification"": ""Operating Activities"",
  ""cost_center"": ""CC-0000"",
  ""gaap_classification"": ""US-GAAP Liability"",
  ""detailed_description"": ""Interest paid - This account is used to record Interest paid on loans, credit cards, or mortgages.\n\nPurpose: This account tracks liability items specifically related to interest paid. It is classified under Current Liability - Credit Cards in accordance with US-GAAP standards.\n\nTransaction Examples:\n- Recording of interest paid transactions\n- Adjustments related to interest paid\n- Period-end reconciliation and reporting\n\nGAAP Rationale: This account follows US-GAAP classification standards for liability accounts. It maintains proper segregation of duties and ensures accurate financial reporting in compliance with generally accepted accounting principles.\n\nWhen NOT to Use: Do not use this account for transactions that belong to other liability categories or for items that should be classified under different account types. Ensure proper authorization and documentation before posting entries.\n\nCross-References: Related accounts include other liability accounts within the Current Liability - Credit Cards classification. Review the complete chart of accounts for proper account selection.\n\nFrequency: This account appears in 4 legacy account(s) across 4 company/companies, indicating high standardization importance."",
  ""examples"": [],
  ""gaap_rationale"": """"
}"
29612,Insurance:Liability insurance,2024-01-01,,D,20000,2,Liability,"{
  ""subcategory"": ""Liability - General"",
  ""normal_balance"": ""Credit"",
  ""cash_flow_classification"": ""Operating Activities"",
  ""cost_center"": ""CC-0000"",
  ""gaap_classification"": ""US-GAAP Liability"",
  ""detailed_description"": ""Insurance:Liability insurance - This account is used to record Costs of premiums for liability insurance.\n\nPurpose: This account tracks liability items specifically related to insurance:liability insurance. It is classified under Liability - General in accordance with US-GAAP standards.\n\nTransaction Examples:\n- Recording of insurance:liability insurance transactions\n- Adjustments related to insurance:liability insurance\n- Period-end reconciliation and reporting\n\nGAAP Rationale: This account follows US-GAAP classification standards for liability accounts. It maintains proper segregation of duties and ensures accurate financial reporting in compliance with generally accepted accounting principles.\n\nWhen NOT to Use: Do not use this account for transactions that belong to other liability categories or for items that should be classified under different account types. Ensure proper authorization and documentation before posting entries.\n\nCross-References: Related accounts include other liability accounts within the Liability - General classification. Review the complete chart of accounts for proper account selection.\n\nFrequency: This account appears in 4 legacy account(s) across 4 company/companies, indicating high standardization importance."",
  ""examples"": [],
  ""gaap_rationale"": """"
}"
29790,Long-term loans from shareholders,2024-01-01,,D,20000,2,Liability,"{
  ""subcategory"": ""Long-term Liability - Loans Payable"",
  ""normal_balance"": ""Credit"",
  ""cash_flow_classification"": ""Investing Activities"",
  ""cost_center"": ""CC-0000"",
  ""gaap_classification"": ""US-GAAP Liability"",
  ""detailed_description"": ""Long-term loans from shareholders - This account is used to record Loans from a shareholder that will be owed for longer than a year.\n\nPurpose: This account tracks liability items specifically related to long-term loans from shareholders. It is classified under Long-term Liability - Loans Payable in accordance with US-GAAP standards.\n\nTransaction Examples:\n- Recording of long-term loans from shareholders transactions\n- Adjustments related to long-term loans from shareholders\n- Period-end reconciliation and reporting\n\nGAAP Rationale: This account follows US-GAAP classification standards for liability accounts. It maintains proper segregation of duties and ensures accurate financial reporting in compliance with generally accepted accounting principles.\n\nWhen NOT to Use: Do not use this account for transactions that belong to other liability categories or for items that should be classified under different account types. Ensure proper authorization and documentation before posting entries.\n\nCross-References: Related accounts include other liability accounts within the Long-term Liability - Loans Payable classification. Review the complete chart of accounts for proper account selection.\n\nFrequency: This account appears in 4 legacy account(s) across 4 company/companies, indicating high standardization importance."",
  ""examples"": [],
  ""gaap_rationale"": """"
}"
80000,Account Other_333,2024-01-01,,D,80000,2,Other,"{
  ""subcategory"": ""Other - General"",
  ""normal_balance"": ""Debit"",
  ""cash_flow_classification"": ""Operating Activities"",
  ""cost_center"": ""CC-2000"",
  ""gaap_classification"": ""US-GAAP Other"",
  ""detailed_description"": ""Account Other_333 - This account is used to record transactions related to Account Other_333.\n\nPurpose: This account tracks other items specifically related to account other_333. It is classified under Other - General in accordance with US-GAAP standards.\n\nTransaction Examples:\n- Recording of account other_333 transactions\n- Adjustments related to account other_333\n- Period-end reconciliation and reporting\n\nGAAP Rationale: This account follows US-GAAP classification standards for other accounts. It maintains proper segregation of duties and ensures accurate financial reporting in compliance with generally accepted accounting principles.\n\nWhen NOT to Use: Do not use this account for transactions that belong to other other categories or for items that should be classified under different account types. Ensure proper authorization and documentation before posting entries.\n\nCross-References: Related accounts include other other accounts within the Other - General classification. Review the complete chart of accounts for proper account selection.\n\nFrequency: This account appears in 1 legacy account(s) across 1 company/companies, indicating high standardization importance."",
  ""examples"": [],
  ""gaap_rationale"": """"
}"
81999,Account Other_334,2024-01-01,,D,80000,2,Other,"{
  ""subcategory"": ""Other - General"",
  ""normal_balance"": ""Debit"",
  ""cash_flow_classification"": ""Operating Activities"",
  ""cost_center"": ""CC-2000"",
  ""gaap_classification"": ""US-GAAP Other"",
  ""detailed_description"": ""Account Other_334 - This account is used to record transactions related to Account Other_334.\n\nPurpose: This account tracks other items specifically related to account other_334. It is classified under Other - General in accordance with US-GAAP standards.\n\nTransaction Examples:\n- Recording of account other_334 transactions\n- Adjustments related to account other_334\n- Period-end reconciliation and reporting\n\nGAAP Rationale: This account follows US-GAAP classification standards for other accounts. It maintains proper segregation of duties and ensures accurate financial reporting in compliance with generally accepted accounting principles.\n\nWhen NOT to Use: Do not use this account for transactions that belong to other other categories or for items that should be classified under different account types. Ensure proper authorization and documentation before posting entries.\n\nCross-References: Related accounts include other other accounts within the Other - General classification. Review the complete chart of accounts for proper account selection.\n\nFrequency: This account appears in 1 legacy account(s) across 1 company/companies, indicating high standardization importance."",
  ""examples"": [],
  ""gaap_rationale"": """"
}"
83998,Account Other_335,2024-01-01,,D,80000,2,Other,"{
  ""subcategory"": ""Other - General"",
  ""normal_balance"": ""Debit"",
  ""cash_flow_classification"": ""Operating Activities"",
  ""cost_center"": ""CC-2000"",
  ""gaap_classification"": ""US-GAAP Other"",
  ""detailed_description"": ""Account Other_335 - This account is used to record transactions related to Account Other_335.\n\nPurpose: This account tracks other items specifically related to account other_335. It is classified under Other - General in accordance with US-GAAP standards.\n\nTransaction Examples:\n- Recording of account other_335 transactions\n- Adjustments related to account other_335\n- Period-end reconciliation and reporting\n\nGAAP Rationale: This account follows US-GAAP classification standards for other accounts. It maintains proper segregation of duties and ensures accurate financial reporting in compliance with generally accepted accounting principles.\n\nWhen NOT to Use: Do not use this account for transactions that belong to other other categories or for items that should be classified under different account types. Ensure proper authorization and documentation before posting entries.\n\nCross-References: Related accounts include other other accounts within the Other - General classification. Review the complete chart of accounts for proper account selection.\n\nFrequency: This account appears in 1 legacy account(s) across 1 company/companies, indicating high standardization importance."",
  ""examples"": [],
  ""gaap_rationale"": """"
}"
85997,Account Other_336,2024-01-01,,D,80000,2,Other,"{
  ""subcategory"": ""Other - General"",
  ""normal_balance"": ""Debit"",
  ""cash_flow_classification"": ""Operating Activities"",
  ""cost_center"": ""CC-2000"",
  ""gaap_classification"": ""US-GAAP Other"",
  ""detailed_description"": ""Account Other_336 - This account is used to record transactions related to Account Other_336.\n\nPurpose: This account tracks other items specifically related to account other_336. It is classified under Other - General in accordance with US-GAAP standards.\n\nTransaction Examples:\n- Recording of account other_336 transactions\n- Adjustments related to account other_336\n- Period-end reconciliation and reporting\n\nGAAP Rationale: This account follows US-GAAP classification standards for other accounts. It maintains proper segregation of duties and ensures accurate financial reporting in compliance with generally accepted accounting principles.\n\nWhen NOT to Use: Do not use this account for transactions that belong to other other categories or for items that should be classified under different account types. Ensure proper authorization and documentation before posting entries.\n\nCross-References: Related accounts include other other accounts within the Other - General classification. Review the complete chart of accounts for proper account selection.\n\nFrequency: This account appears in 1 legacy account(s) across 1 company/companies, indicating high standardization importance."",
  ""examples"": [],
  ""gaap_rationale"": """"
}"
87996,Account Other_337,2024-01-01,,D,80000,2,Other,"{
  ""subcategory"": ""Other - General"",
  ""normal_balance"": ""Debit"",
  ""cash_flow_classification"": ""Operating Activities"",
  ""cost_center"": ""CC-2000"",
  ""gaap_classification"": ""US-GAAP Other"",
  ""detailed_description"": ""Account Other_337 - This account is used to record transactions related to Account Other_337.\n\nPurpose: This account tracks other items specifically related to account other_337. It is classified under Other - General in accordance with US-GAAP standards.\n\nTransaction Examples:\n- Recording of account other_337 transactions\n- Adjustments related to account other_337\n- Period-end reconciliation and reporting\n\nGAAP Rationale: This account follows US-GAAP classification standards for other accounts. It maintains proper segregation of duties and ensures accurate financial reporting in compliance with generally accepted accounting principles.\n\nWhen NOT to Use: Do not use this account for transactions that belong to other other categories or for items that should be classified under different account types. Ensure proper authorization and documentation before posting entries.\n\nCross-References: Related accounts include other other accounts within the Other - General classification. Review the complete chart of accounts for proper account selection.\n\nFrequency: This account appears in 1 legacy account(s) across 1 company/companies, indicating high standardization importance."",
  ""examples"": [],
  ""gaap_rationale"": """"
}"
40000,Commissions & fees,2024-01-01,,D,40000,2,Revenue,"{
  ""subcategory"": ""Revenue - Sales"",
  ""normal_balance"": ""Credit"",
  ""cash_flow_classification"": ""Operating Activities"",
  ""cost_center"": ""CC-4000"",
  ""gaap_classification"": ""US-GAAP Revenue"",
  ""detailed_description"": ""Commissions & fees - This account is used to record Commissions paid to salespeople, or fees paid to other businesses for services.\n\nPurpose: This account tracks revenue items specifically related to commissions & fees. It is classified under Revenue - Sales in accordance with US-GAAP standards.\n\nTransaction Examples:\n- Recording of commissions & fees transactions\n- Adjustments related to commissions & fees\n- Period-end reconciliation and reporting\n\nGAAP Rationale: This account follows US-GAAP classification standards for revenue accounts. It maintains proper segregation of duties and ensures accurate financial reporting in compliance with generally accepted accounting principles.\n\nWhen NOT to Use: Do not use this account for transactions that belong to other revenue categories or for items that should be classified under different account types. Ensure proper authorization and documentation before posting entries.\n\nCross-References: Related accounts include other revenue accounts within the Revenue - Sales classification. Review the complete chart of accounts for proper account selection.\n\nFrequency: This account appears in 4 legacy account(s) across 4 company/companies, indicating high standardization importance."",
  ""examples"": [],
  ""gaap_rationale"": """"
}"
40769,Billable Expense Income,2024-01-01,,D,40000,2,Revenue,"{
  ""subcategory"": ""Revenue - General"",
  ""normal_balance"": ""Credit"",
  ""cash_flow_classification"": ""Operating Activities"",
  ""cost_center"": ""CC-4000"",
  ""gaap_classification"": ""US-GAAP Revenue"",
  ""detailed_description"": ""Billable Expense Income - This account is used to record transactions related to Billable Expense Income.\n\nPurpose: This account tracks revenue items specifically related to billable expense income. It is classified under Revenue - General in accordance with US-GAAP standards.\n\nTransaction Examples:\n- Recording of billable expense income transactions\n- Adjustments related to billable expense income\n- Period-end reconciliation and reporting\n\nGAAP Rationale: This account follows US-GAAP classification standards for revenue accounts. It maintains proper segregation of duties and ensures accurate financial reporting in compliance with generally accepted accounting principles.\n\nWhen NOT to Use: Do not use this account for transactions that belong to other revenue categories or for items that should be classified under different account types. Ensure proper authorization and documentation before posting entries.\n\nCross-References: Related accounts include other revenue accounts within the Revenue - General classification. Review the complete chart of accounts for proper account selection.\n\nFrequency: This account appears in 9 legacy account(s) across 8 company/companies, indicating high standardization importance."",
  ""examples"": [],
  ""gaap_rationale"": """"
}"
41538,Discounts given,2024-01-01,,D,40000,2,Revenue,"{
  ""subcategory"": ""Revenue - General"",
  ""normal_balance"": ""Credit"",
  ""cash_flow_classification"": ""Operating Activities"",
  ""cost_center"": ""CC-4000"",
  ""gaap_classification"": ""US-GAAP Revenue"",
  ""detailed_description"": ""Discounts given - This account is used to record Money given to a customer as a refund or a discount.\n\nPurpose: This account tracks revenue items specifically related to discounts given. It is classified under Revenue - General in accordance with US-GAAP standards.\n\nTransaction Examples:\n- Recording of discounts given transactions\n- Adjustments related to discounts given\n- Period-end reconciliation and reporting\n\nGAAP Rationale: This account follows US-GAAP classification standards for revenue accounts. It maintains proper segregation of duties and ensures accurate financial reporting in compliance with generally accepted accounting principles.\n\nWhen NOT to Use: Do not use this account for transactions that belong to other revenue categories or for items that should be classified under different account types. Ensure proper authorization and documentation before posting entries.\n\nCross-References: Related accounts include other revenue accounts within the Revenue - General classification. Review the complete chart of accounts for proper account selection.\n\nFrequency: This account appears in 5 legacy account(s) across 5 company/companies, indicating high standardization importance."",
  ""examples"": [],
  ""gaap_rationale"": """"
}"
42307,Sales,2024-01-01,,D,40000,2,Revenue,"{
  ""subcategory"": ""Revenue - Sales"",
  ""normal_balance"": ""Credit"",
  ""cash_flow_classification"": ""Operating Activities"",
  ""cost_center"": ""CC-4000"",
  ""gaap_classification"": ""US-GAAP Revenue"",
  ""detailed_description"": ""Sales - This account is used to record transactions related to Sales.\n\nPurpose: This account tracks revenue items specifically related to sales. It is classified under Revenue - Sales in accordance with US-GAAP standards.\n\nTransaction Examples:\n- Recording of sales transactions\n- Adjustments related to sales\n- Period-end reconciliation and reporting\n\nGAAP Rationale: This account follows US-GAAP classification standards for revenue accounts. It maintains proper segregation of duties and ensures accurate financial reporting in compliance with generally accepted accounting principles.\n\nWhen NOT to Use: Do not use this account for transactions that belong to other revenue categories or for items that should be classified under different account types. Ensure proper authorization and documentation before posting entries.\n\nCross-References: Related accounts include other revenue accounts within the Revenue - Sales classification. Review the complete chart of accounts for proper account selection.\n\nFrequency: This account appears in 8 legacy account(s) across 7 company/companies, indicating high standardization importance."",
  ""examples"": [],
  ""gaap_rationale"": """"
}"
43076,Sales of Product Income,2024-01-01,,D,40000,2,Revenue,"{
  ""subcategory"": ""Revenue - Sales"",
  ""normal_balance"": ""Credit"",
  ""cash_flow_classification"": ""Operating Activities"",
  ""cost_center"": ""CC-4000"",
  ""gaap_classification"": ""US-GAAP Revenue"",
  ""detailed_description"": ""Sales of Product Income - This account is used to record Money your business earns from products it sells.\n\nPurpose: This account tracks revenue items specifically related to sales of product income. It is classified under Revenue - Sales in accordance with US-GAAP standards.\n\nTransaction Examples:\n- Recording of sales of product income transactions\n- Adjustments related to sales of product income\n- Period-end reconciliation and reporting\n\nGAAP Rationale: This account follows US-GAAP classification standards for revenue accounts. It maintains proper segregation of duties and ensures accurate financial reporting in compliance with generally accepted accounting principles.\n\nWhen NOT to Use: Do not use this account for transactions that belong to other revenue categories or for items that should be classified under different account types. Ensure proper authorization and documentation before posting entries.\n\nCross-References: Related accounts include other revenue accounts within the Revenue - Sales classification. Review the complete chart of accounts for proper account selection.\n\nFrequency: This account appears in 8 legacy account(s) across 8 company/companies, indicating high standardization importance."",
  ""examples"": [],
  ""gaap_rationale"": """"
}"
43845,Uncategorized Income,2024-01-01,,D,40000,2,Revenue,"{
  ""subcategory"": ""Revenue - General"",
  ""normal_balance"": ""Credit"",
  ""cash_flow_classification"": ""Operating Activities"",
  ""cost_center"": ""CC-4000"",
  ""gaap_classification"": ""US-GAAP Revenue"",
  ""detailed_description"": ""Uncategorized Income - This account is used to record transactions related to Uncategorized Income.\n\nPurpose: This account tracks revenue items specifically related to uncategorized income. It is classified under Revenue - General in accordance with US-GAAP standards.\n\nTransaction Examples:\n- Recording of uncategorized income transactions\n- Adjustments related to uncategorized income\n- Period-end reconciliation and reporting\n\nGAAP Rationale: This account follows US-GAAP classification standards for revenue accounts. It maintains proper segregation of duties and ensures accurate financial reporting in compliance with generally accepted accounting principles.\n\nWhen NOT to Use: Do not use this account for transactions that belong to other revenue categories or for items that should be classified under different account types. Ensure proper authorization and documentation before posting entries.\n\nCross-References: Related accounts include other revenue accounts within the Revenue - General classification. Review the complete chart of accounts for proper account selection.\n\nFrequency: This account appears in 8 legacy account(s) across 8 company/companies, indicating high standardization importance."",
  ""examples"": [],
  ""gaap_rationale"": """"
}"
44614,Sales tax to pay,2024-01-01,,D,40000,2,Revenue,"{
  ""subcategory"": ""Revenue - Sales"",
  ""normal_balance"": ""Credit"",
  ""cash_flow_classification"": ""Operating Activities"",
  ""cost_center"": ""CC-4000"",
  ""gaap_classification"": ""US-GAAP Revenue"",
  ""detailed_description"": ""Sales tax to pay - This account is used to record Sales tax the business collects and owes.\n\nPurpose: This account tracks revenue items specifically related to sales tax to pay. It is classified under Revenue - Sales in accordance with US-GAAP standards.\n\nTransaction Examples:\n- Recording of sales tax to pay transactions\n- Adjustments related to sales tax to pay\n- Period-end reconciliation and reporting\n\nGAAP Rationale: This account follows US-GAAP classification standards for revenue accounts. It maintains proper segregation of duties and ensures accurate financial reporting in compliance with generally accepted accounting principles.\n\nWhen NOT to Use: Do not use this account for transactions that belong to other revenue categories or for items that should be classified under different account types. Ensure proper authorization and documentation before posting entries.\n\nCross-References: Related accounts include other revenue accounts within the Revenue - Sales classification. Review the complete chart of accounts for proper account selection.\n\nFrequency: This account appears in 4 legacy account(s) across 4 company/companies, indicating high standardization importance."",
  ""examples"": [],
  ""gaap_rationale"": """"
}"
45383,Insurance claims,2024-01-01,,D,40000,2,Revenue,"{
  ""subcategory"": ""Revenue - General"",
  ""normal_balance"": ""Credit"",
  ""cash_flow_classification"": ""Operating Activities"",
  ""cost_center"": ""CC-4000"",
  ""gaap_classification"": ""US-GAAP Revenue"",
  ""detailed_description"": ""Insurance claims - This account is used to record Money received from an insurance claim.\n\nPurpose: This account tracks revenue items specifically related to insurance claims. It is classified under Revenue - General in accordance with US-GAAP standards.\n\nTransaction Examples:\n- Recording of insurance claims transactions\n- Adjustments related to insurance claims\n- Period-end reconciliation and reporting\n\nGAAP Rationale: This account follows US-GAAP classification standards for revenue accounts. It maintains proper segregation of duties and ensures accurate financial reporting in compliance with generally accepted accounting principles.\n\nWhen NOT to Use: Do not use this account for transactions that belong to other revenue categories or for items that should be classified under different account types. Ensure proper authorization and documentation before posting entries.\n\nCross-References: Related accounts include other revenue accounts within the Revenue - General classification. Review the complete chart of accounts for proper account selection.\n\nFrequency: This account appears in 4 legacy account(s) across 4 company/companies, indicating high standardization importance."",
  ""examples"": [],
  ""gaap_rationale"": """"
}"
46152,Gross Rents,2024-01-01,,D,40000,2,Revenue,"{
  ""subcategory"": ""Revenue - General"",
  ""normal_balance"": ""Credit"",
  ""cash_flow_classification"": ""Operating Activities"",
  ""cost_center"": ""CC-4000"",
  ""gaap_classification"": ""US-GAAP Revenue"",
  ""detailed_description"": ""Gross Rents - This account is used to record transactions related to Gross Rents.\n\nPurpose: This account tracks revenue items specifically related to gross rents. It is classified under Revenue - General in accordance with US-GAAP standards.\n\nTransaction Examples:\n- Recording of gross rents transactions\n- Adjustments related to gross rents\n- Period-end reconciliation and reporting\n\nGAAP Rationale: This account follows US-GAAP classification standards for revenue accounts. It maintains proper segregation of duties and ensures accurate financial reporting in compliance with generally accepted accounting principles.\n\nWhen NOT to Use: Do not use this account for transactions that belong to other revenue categories or for items that should be classified under different account types. Ensure proper authorization and documentation before posting entries.\n\nCross-References: Related accounts include other revenue accounts within the Revenue - General classification. Review the complete chart of accounts for proper account selection.\n\nFrequency: This account appears in 1 legacy account(s) across 1 company/companies, indicating high standardization importance."",
  ""examples"": [],
  ""gaap_rationale"": """"
}"
46921,Interest Received,2024-01-01,,D,40000,2,Revenue,"{
  ""subcategory"": ""Revenue - General"",
  ""normal_balance"": ""Credit"",
  ""cash_flow_classification"": ""Operating Activities"",
  ""cost_center"": ""CC-4000"",
  ""gaap_classification"": ""US-GAAP Revenue"",
  ""detailed_description"": ""Interest Received - This account is used to record transactions related to Interest Received.\n\nPurpose: This account tracks revenue items specifically related to interest received. It is classified under Revenue - General in accordance with US-GAAP standards.\n\nTransaction Examples:\n- Recording of interest received transactions\n- Adjustments related to interest received\n- Period-end reconciliation and reporting\n\nGAAP Rationale: This account follows US-GAAP classification standards for revenue accounts. It maintains proper segregation of duties and ensures accurate financial reporting in compliance with generally accepted accounting principles.\n\nWhen NOT to Use: Do not use this account for transactions that belong to other revenue categories or for items that should be classified under different account types. Ensure proper authorization and documentation before posting entries.\n\nCross-References: Related accounts include other revenue accounts within the Revenue - General classification. Review the complete chart of accounts for proper account selection.\n\nFrequency: This account appears in 1 legacy account(s) across 1 company/companies, indicating high standardization importance."",
  ""examples"": [],
  ""gaap_rationale"": """"
}"
47690,Other Miscellaneous Income,2024-01-01,,D,40000,2,Revenue,"{
  ""subcategory"": ""Revenue - General"",
  ""normal_balance"": ""Credit"",
  ""cash_flow_classification"": ""Operating Activities"",
  ""cost_center"": ""CC-4000"",
  ""gaap_classification"": ""US-GAAP Revenue"",
  ""detailed_description"": ""Other Miscellaneous Income - This account is used to record transactions related to Other Miscellaneous Income.\n\nPurpose: This account tracks revenue items specifically related to other miscellaneous income. It is classified under Revenue - General in accordance with US-GAAP standards.\n\nTransaction Examples:\n- Recording of other miscellaneous income transactions\n- Adjustments related to other miscellaneous income\n- Period-end reconciliation and reporting\n\nGAAP Rationale: This account follows US-GAAP classification standards for revenue accounts. It maintains proper segregation of duties and ensures accurate financial reporting in compliance with generally accepted accounting principles.\n\nWhen NOT to Use: Do not use this account for transactions that belong to other revenue categories or for items that should be classified under different account types. Ensure proper authorization and documentation before posting entries.\n\nCross-References: Related accounts include other revenue accounts within the Revenue - General classification. Review the complete chart of accounts for proper account selection.\n\nFrequency: This account appears in 4 legacy account(s) across 4 company/companies, indicating high standardization importance."",
  ""examples"": [],
  ""gaap_rationale"": """"
}"
48459,Interest Earned,2024-01-01,,D,40000,2,Revenue,"{
  ""subcategory"": ""Revenue - General"",
  ""normal_balance"": ""Credit"",
  ""cash_flow_classification"": ""Operating Activities"",
  ""cost_center"": ""CC-4000"",
  ""gaap_classification"": ""US-GAAP Revenue"",
  ""detailed_description"": ""Interest Earned - This account is used to record transactions related to Interest Earned.\n\nPurpose: This account tracks revenue items specifically related to interest earned. It is classified under Revenue - General in accordance with US-GAAP standards.\n\nTransaction Examples:\n- Recording of interest earned transactions\n- Adjustments related to interest earned\n- Period-end reconciliation and reporting\n\nGAAP Rationale: This account follows US-GAAP classification standards for revenue accounts. It maintains proper segregation of duties and ensures accurate financial reporting in compliance with generally accepted accounting principles.\n\nWhen NOT to Use: Do not use this account for transactions that belong to other revenue categories or for items that should be classified under different account types. Ensure proper authorization and documentation before posting entries.\n\nCross-References: Related accounts include other revenue accounts within the Revenue - General classification. Review the complete chart of accounts for proper account selection.\n\nFrequency: This account appears in 1 legacy account(s) across 1 company/companies, indicating high standardization importance."",
  ""examples"": [],
  ""gaap_rationale"": """"
}"
49228,Late Fee Income,2024-01-01,,D,40000,2,Revenue,"{
  ""subcategory"": ""Revenue - General"",
  ""normal_balance"": ""Credit"",
  ""cash_flow_classification"": ""Operating Activities"",
  ""cost_center"": ""CC-4000"",
  ""gaap_classification"": ""US-GAAP Revenue"",
  ""detailed_description"": ""Late Fee Income - This account is used to record transactions related to Late Fee Income.\n\nPurpose: This account tracks revenue items specifically related to late fee income. It is classified under Revenue - General in accordance with US-GAAP standards.\n\nTransaction Examples:\n- Recording of late fee income transactions\n- Adjustments related to late fee income\n- Period-end reconciliation and reporting\n\nGAAP Rationale: This account follows US-GAAP classification standards for revenue accounts. It maintains proper segregation of duties and ensures accurate financial reporting in compliance with generally accepted accounting principles.\n\nWhen NOT to Use: Do not use this account for transactions that belong to other revenue categories or for items that should be classified under different account types. Ensure proper authorization and documentation before posting entries.\n\nCross-References: Related accounts include other revenue accounts within the Revenue - General classification. Review the complete chart of accounts for proper account selection.\n\nFrequency: This account appears in 1 legacy account(s) across 1 company/companies, indicating high standardization importance."",
  ""examples"": [],
  ""gaap_rationale"": """"
}"
